timestamp,timestamp_sample,accel_device_id,gyro_device_id,delta_angle[0],delta_angle[1],delta_angle[2],delta_velocity[0],delta_velocity[1],delta_velocity[2],delta_angle_dt,delta_velocity_dt,delta_angle_clipping,delta_velocity_clipping,accel_calibration_count,gyro_calibration_count
267266567,267266435,3407882,3407882,-2.4840808e-06,-6.92117e-06,-8.554873e-05,-2.8183129e-05,-0.0006970186,-0.049451817,5000,5000,0,0,1,1
267766567,267766435,3407882,3407882,6.0085863e-06,4.984495e-06,-3.6647703e-05,-0.00056124467,0.00017166832,-0.048043437,5000,5000,0,0,1,1
268271567,268271436,3407882,3407882,-6.3136426e-06,-3.5508974e-06,2.7421582e-05,0.0002348878,1.8540973e-07,-0.049075313,5001,5001,0,0,1,1
268771564,268771435,3407882,3407882,1.1425208e-05,-1.4319175e-05,-6.4091495e-05,-0.00041051174,-0.0009398166,-0.049665593,5000,5000,0,0,1,1
269266564,269266434,3407882,3407882,-4.0387942e-05,1.3541374e-05,-5.8819667e-05,0.0012753125,0.0001213793,-0.048553523,4999,4999,0,0,1,1
269766564,269766435,3407882,3407882,-4.84838e-06,1.8528184e-05,-4.0653517e-06,-0.0013741197,-0.0020209674,-0.04916276,5000,5000,0,0,1,1
270266563,270266435,3407882,3407882,6.363688e-05,-4.9860108e-05,-9.958023e-06,-0.0018040134,-0.0001599139,-0.049188334,5000,5000,0,0,1,1
270766563,270766435,3407882,3407882,0.00020112138,3.0256753e-05,-2.736931e-05,0.0034013977,3.377476e-05,-0.046754315,5000,5000,0,0,1,1
271266565,271266435,3407882,3407882,-0.00045679233,0.00023558865,0.00029987496,-0.0074426928,0.0019301058,-0.04578209,5000,5000,0,0,1,1
271771563,271771435,3407882,3407882,0.00023415392,-0.00024937186,0.00020339007,-0.005103681,0.007832314,-0.04314857,5000,5000,0,0,1,1
272271563,272271435,3407882,3407882,4.221706e-05,0.000551043,-0.00021099679,0.011757846,0.0034408926,-0.053118005,5000,5000,0,0,1,1
272766563,272766435,3407882,3407882,0.00028147633,0.00036099716,-0.00016933253,-0.0064170645,-0.009699519,-0.03986551,5000,5000,0,0,1,1
273266565,273266435,3407882,3407882,0.00014252852,-0.00036861512,2.0874177e-05,0.001127724,0.0011579972,-0.043506213,5000,5000,0,0,1,1
273766572,273766435,3407882,3407882,-0.0004548348,7.823845e-05,-0.00014325441,-0.003495732,0.0020489718,-0.04887333,5000,5000,0,0,1,1
274266565,274266435,3407882,3407882,0.00017362236,-3.3056083e-05,5.627745e-05,-0.006976386,-0.0022868777,-0.049706038,5000,5000,0,0,1,1
274766564,274766434,3407882,3407882,0.00010597081,-7.062614e-05,-3.4595041e-06,0.00045315374,-0.010424021,-0.047588862,4997,4997,0,0,1,1
275271563,275271435,3407882,3407882,0.0001992958,-0.00018264647,-3.374379e-05,-0.0028181777,-0.00812762,-0.048424583,5000,5000,0,0,1,1
275771570,275771435,3407882,3407882,-0.00026201943,0.00015916766,2.1891721e-05,0.009311761,-0.00622537,-0.046624463,5000,5000,0,0,1,1
276266564,276266435,3407882,3407882,-0.000110764166,1.686862e-05,7.4551094e-06,-0.0036047155,0.014261388,-0.049902584,5000,5000,0,0,1,1
276766567,276766435,3407882,3407882,0.000362941,-0.00021618947,0.00012552408,-0.011027639,0.00052931777,-0.050464116,4972,4972,0,0,1,1
277266564,277266435,3407882,3407882,0.0001925381,-0.00015128573,4.0111157e-05,0.002732625,-0.009380162,-0.050042372,5000,5000,0,0,1,1
277766573,277766435,3407882,3407882,-0.00026057815,0.00018708211,-6.94701e-05,0.0024682912,0.013735815,-0.056131996,5000,5000,0,0,1,1
278266564,278266435,3407882,3407882,0.0001293065,0.00010293513,0.000108261556,-0.006879467,0.0014835831,-0.05815004,5000,5000,0,0,1,1
278771565,278771435,3407882,3407882,0.00022397276,0.00013206484,-6.709041e-05,-0.0008259751,0.013905661,-0.044262305,5000,5000,0,0,1,1
279271562,279271434,3407882,3407882,0.00029351926,7.7646815e-05,4.6159563e-05,-0.003602218,0.0012514155,-0.04990446,4999,4999,0,0,1,1
279766564,279766435,3407882,3407882,6.164598e-05,-0.00032517084,-6.7831725e-06,-0.012699101,0.0068474803,-0.043713987,5001,5001,0,0,1,1
280266577,280266435,3407882,3407882,-0.00024970013,-6.8825057e-06,-2.44688e-05,0.013531605,0.0029345518,-0.05796644,5001,5001,0,0,1,1
280766564,280766435,3407882,3407882,0.000309353,0.0001366104,-3.0678762e-05,-0.006021556,0.010996931,-0.040501874,5000,5000,0,0,1,1
281266563,281266435,3407882,3407882,-0.0001077898,9.963091e-05,1.522856e-05,0.011777462,-0.0024190906,-0.049784184,5000,5000,0,0,1,1
281766563,281766435,3407882,3407882,-0.00027919913,7.0858936e-05,-6.649744e-05,-0.0024871794,0.013681638,-0.051849265,5000,5000,0,0,1,1
282271563,282271435,3407882,3407882,-6.3716645e-05,-0.0001147731,5.8186066e-05,-0.015042064,0.0012754106,-0.052476075,5000,5000,0,0,1,1
282771564,282771435,3407882,3407882,-0.00025152002,-0.00012347326,-3.9259423e-05,0.00670412,-0.0032923114,-0.05185251,5000,5000,0,0,1,1
283266564,283266435,3407882,3407882,-0.00016505455,0.000105411455,-3.967008e-06,0.008493619,-0.0072498256,-0.049779765,5000,5000,0,0,1,1
283766565,283766435,3407882,3407882,0.00031475592,-4.536511e-05,4.446196e-05,-0.009331319,-0.008808102,-0.056500394,5000,5000,0,0,1,1
284266563,284266435,3407882,3407882,-1.2781268e-05,3.0615702e-06,-9.2973096e-05,-0.0005842534,-0.0031147497,-0.052671477,5000,5000,0,0,1,1
284766564,284766435,3407882,3407882,0.00019360303,-0.00022283664,-3.6065157e-05,-0.0035964996,-0.006859867,-0.047924135,5000,5000,0,0,1,1
285266563,285266435,3407882,3407882,-0.0002647319,-0.0002339495,-1.2265062e-06,0.008953184,0.005439077,-0.052272115,5000,5000,0,0,1,1
285771563,285771435,3407882,3407882,-0.0005188184,0.00015752179,-0.00012851696,-0.002112,0.0025360843,-0.054628152,5000,5000,0,0,1,1
286271563,286271435,3407882,3407882,0.00046023916,0.00026608282,3.9827137e-05,-0.005296311,0.0033695751,-0.050824545,5000,5000,0,0,1,1
286766570,286766435,3407882,3407882,-7.0082046e-05,-0.00013310625,-9.49128e-05,-0.0026243634,-0.0021906712,-0.05046678,4998,4998,0,0,1,1
287266564,287266435,3407882,3407882,-0.00022095596,0.0001335255,1.0997494e-05,-0.008637589,0.005835725,-0.043019146,5000,5000,0,0,1,1
287766564,287766435,3407882,3407882,0.00035324812,9.030413e-05,7.64971e-05,0.007908344,-0.009684136,-0.053516306,5001,5001,0,0,1,1
288266563,288266435,3407882,3407882,0.000109363194,-0.000128158,-3.134599e-05,-0.005171193,0.009254571,-0.047086176,5000,5000,0,0,1,1
288766564,288766435,3407882,3407882,0.00010660751,-0.00039185304,-5.1824158e-05,0.00024196721,-0.006333364,-0.04281988,5000,5000,0,0,1,1
289271567,289271437,3407882,3407882,0.00021897852,-0.000115632945,0.0001045927,0.0068874382,-0.00792523,-0.04602772,5002,5002,0,0,1,1
289771563,289771435,3407882,3407882,-5.7152407e-05,0.00011609263,5.2425963e-05,0.011777865,-0.0033745004,-0.06429993,5000,5000,0,0,1,1
290266564,290266435,3407882,3407882,-9.338155e-05,0.00030430604,-8.40572e-05,0.00098749,0.0023206468,-0.05649176,5000,5000,0,0,1,1
290766563,290766435,3407882,3407882,-0.0002946774,0.00033340618,2.5444791e-05,0.0070948587,0.0019053067,-0.060955975,5000,5000,0,0,1,1
291266563,291266435,3407882,3407882,0.00012284085,0.000319478,7.3409414e-05,0.0069429907,-0.0043097762,-0.05503463,5000,5000,0,0,1,1
291766564,291766435,3407882,3407882,-7.4687705e-05,0.00018397249,0.00015525137,0.008611981,-0.009885161,-0.039654687,5000,5000,0,0,1,1
292266566,292266435,3407882,3407882,0.0001384799,3.2647837e-05,0.00015910316,-0.0029504462,-0.0004425931,-0.048271928,5000,5000,0,0,1,1
292771563,292771435,3407882,3407882,-0.00038875014,0.00015840068,-0.00013413682,0.005739832,0.013628837,-0.045023,5000,5000,0,0,1,1
293271569,293271435,3407882,3407882,-0.00018114405,6.535584e-05,-3.964136e-05,0.0020008038,0.0065439427,-0.04789167,5000,5000,0,0,1,1
293766563,293766435,3407882,3407882,2.127699e-06,0.00022181928,-0.00012425393,-0.0019354541,0.0026336792,-0.056935877,5000,5000,0,0,1,1
294266568,294266435,3407882,3407882,0.00021894158,-0.0001397871,9.0800895e-05,-0.0018015655,0.0004134969,-0.045156438,5000,5000,0,0,1,1
294766562,294766435,3407882,3407882,-0.00037850125,-2.4762758e-05,-0.00013205595,-0.0020076546,0.006456027,-0.049029604,5000,5000,0,0,1,1
295266563,295266435,3407882,3407882,-0.00030351855,-0.00012792423,6.767712e-06,0.0058710566,-0.010188643,-0.04643018,5000,5000,0,0,1,1
295766566,295766435,3407882,3407882,-0.00011955952,-0.00018258869,2.4435356e-05,-0.012123005,0.0056754965,-0.049457144,5000,5000,0,0,1,1
296271563,296271435,3407882,3407882,0.0004342294,2.1400363e-05,5.4219978e-05,-0.011271131,-0.0057626474,-0.051293273,5000,5000,0,0,1,1
296771566,296771436,3407882,3407882,-0.00022672948,-1.6842918e-05,9.249649e-05,0.011053351,-0.0008028639,-0.049222052,5001,5001,0,0,1,1
297266564,297266435,3407882,3407882,0.0004262682,-8.268096e-05,0.0002308013,0.0033520025,-0.006804512,-0.04845242,5000,5000,0,0,1,1
297766563,297766435,3407882,3407882,0.00054519565,-7.792037e-05,0.00019664373,-0.01692542,-0.0019757848,-0.045373973,5000,5000,0,0,1,1
298266569,298266435,3407882,3407882,0.00034396237,-0.0002686594,0.00013664135,-0.007983655,-0.0077038775,-0.05099301,5000,5000,0,0,1,1
298766563,298766435,3407882,3407882,-0.00048364597,3.8726033e-05,-0.00013146605,0.006114865,0.008073496,-0.056783717,5000,5000,0,0,1,1
299266563,299266435,3407882,3407882,8.699602e-05,-0.000103294966,-0.000116009716,-0.007337353,-0.0034317428,-0.041291904,5000,5000,0,0,1,1
299771565,299771435,3407882,3407882,-5.8327227e-05,-0.00021568775,-4.4640426e-05,0.007589445,-0.007198166,-0.053179473,5000,5000,0,0,1,1
300271569,300271435,3407882,3407882,0.0007385659,-0.0002334911,-1.2864993e-05,-0.010029554,-0.005639217,-0.04542619,5000,5000,0,0,1,1
300766564,300766435,3407882,3407882,0.00015942121,-0.00026008114,5.1494986e-05,0.002384093,-0.0047674244,-0.0505722,5000,5000,0,0,1,1
301266565,301266435,3407882,3407882,2.6434596e-05,0.00025081242,7.3970655e-06,-0.0011439797,0.0073993346,-0.05490338,5000,5000,0,0,1,1
301766563,301766435,3407882,3407882,-8.012156e-05,-7.016797e-05,-4.0764793e-05,0.006604163,0.00082867633,-0.050296433,5000,5000,0,0,1,1
302266561,302266435,3407882,3407882,6.3301195e-05,0.00017824981,-8.6413944e-05,-0.007403787,0.006589221,-0.055078004,5000,5000,0,0,1,1
302766563,302766435,3407882,3407882,0.00068803143,-2.7018368e-05,-3.7971447e-05,-0.009115946,-0.009542283,-0.043771107,5000,5000,0,0,1,1
303271562,303271435,3407882,3407882,-0.00020115379,0.00012057764,-7.5958656e-06,-0.0020082034,0.006123381,-0.057949718,5000,5000,0,0,1,1
303771563,303771435,3407882,3407882,-0.00022890547,9.704399e-05,-2.9511435e-05,0.0071719512,-0.0022592035,-0.052880015,5000,5000,0,0,1,1
304266564,304266435,3407882,3407882,-0.0003615916,-6.745325e-05,3.2691863e-05,0.003758161,0.012217195,-0.04425488,5000,5000,0,0,1,1
304766565,304766435,3407882,3407882,-0.00010537447,1.3276608e-06,2.4505292e-05,-0.004904883,0.010131793,-0.05060995,5000,5000,0,0,1,1
305266564,305266435,3407882,3407882,0.00034468193,-2.1460759e-05,0.00015070915,0.0017371556,-0.0051458525,-0.04328003,5000,5000,0,0,1,1
305766600,305766435,3407882,3407882,0.00014415421,-0.00021820336,2.31314e-05,-0.01615751,0.0036785852,-0.040671166,5001,5001,0,0,1,1
306266563,306266435,3407882,3407882,-0.0001441861,-0.00020410746,-0.0001000168,-0.01408289,-0.0018733689,-0.05212559,5000,5000,0,0,1,1
306771563,306771435,3407882,3407882,-0.00033737536,1.5850212e-05,-4.6173962e-05,0.0120422365,0.002325847,-0.04455202,5000,5000,0,0,1,1
307271571,307271442,3407882,3407882,-3.725573e-05,-3.703582e-05,1.564694e-05,-0.012390843,0.0064355643,-0.04106638,5007,5007,0,0,1,1
307766565,307766435,3407882,3407882,-8.06544e-05,0.0001558527,-4.0578863e-05,-0.0033580007,0.013828399,-0.04758764,5000,5000,0,0,1,1
308266564,308266435,3407882,3407882,-0.00033030318,7.737635e-05,1.6283644e-05,0.001269148,0.00387001,-0.059994377,5000,5000,0,0,1,1
308766563,308766435,3407882,3407882,-0.00028892406,6.4285414e-05,3.9899875e-05,-0.0029212285,0.010037917,-0.049340554,5000,5000,0,0,1,1
309266564,309266435,3407882,3407882,-4.071227e-05,0.00010717691,7.818324e-05,0.01130844,0.0021453009,-0.044716664,5000,5000,0,0,1,1
309766564,309766435,3407882,3407882,-4.4426615e-05,-0.00018618532,-1.6183201e-05,-0.0056868484,0.010734311,-0.046419848,5000,5000,0,0,1,1
310271582,310271443,3407882,3407882,-4.4803593e-05,-8.490323e-05,4.8157275e-05,-0.0029021704,0.0043834723,-0.04855627,5008,5008,0,0,1,1
310771562,310771435,3407882,3407882,-0.00025877802,-0.00012112564,2.1736125e-05,0.0011628853,0.0038994274,-0.05103069,5000,5000,0,0,1,1
311266565,311266435,3407882,3407882,0.00037499212,0.00014629135,8.224109e-05,0.010918989,-0.0011551848,-0.052215688,5000,5000,0,0,1,1
311766564,311766435,3407882,3407882,-6.0089988e-05,0.00025869266,-6.311897e-05,0.0004491089,0.00661601,-0.053387582,5000,5000,0,0,1,1
312266595,312266435,3407882,3407882,-0.00053485704,0.0003114877,-8.415513e-05,0.005100384,0.016192134,-0.052051492,5001,5001,0,0,1,1
312766563,312766435,3407882,3407882,-0.00044819264,0.00011181805,1.016708e-05,0.009418247,0.010926821,-0.049789112,5000,5000,0,0,1,1
313266565,313266435,3407882,3407882,0.00044524364,-9.53163e-05,4.9159084e-05,-0.0051742094,0.0021387355,-0.039872568,5000,5000,0,0,1,1
313771563,313771435,3407882,3407882,-0.00036123913,0.00024843452,-9.653664e-06,0.012451889,0.0018975043,-0.049499094,5000,5000,0,0,1,1
314271564,314271435,3407882,3407882,-5.2957297e-05,-0.00021201938,5.649651e-05,0.0057176272,-0.0018305319,-0.049981304,5000,5000,0,0,1,1
314766563,314766435,3407882,3407882,-0.00042516028,0.00017174207,-6.763136e-05,0.0047066994,0.0108365305,-0.042862214,5000,5000,0,0,1,1
315266572,315266435,3407882,3407882,-0.0003129724,-8.2427214e-05,-2.8665963e-05,0.0022343944,0.001435751,-0.04912608,5000,5000,0,0,1,1
315766563,315766435,3407882,3407882,-0.00011204112,-7.3747266e-05,-4.216755e-05,-0.0021584367,0.0008126437,-0.04647798,5000,5000,0,0,1,1
316266563,316266435,3407882,3407882,4.5753004e-07,6.0776572e-05,1.9673228e-06,0.0046629617,0.0019510612,-0.0554016,5000,5000,0,0,1,1
316766566,316766435,3407882,3407882,-0.00033421163,0.0002597142,-0.00010201775,0.0060356767,0.0062036393,-0.036781624,5000,5000,0,0,1,1
317271563,317271434,3407882,3407882,0.0003750549,0.000145852,9.6177726e-05,0.0077840695,-0.0039624325,-0.045518834,4999,4999,0,0,1,1
317771563,317771435,3407882,3407882,0.00043323325,-8.6100976e-05,2.422393e-05,-0.013970102,-0.0048225885,-0.04964126,5000,5000,0,0,1,1
318266565,318266435,3407882,3407882,0.0005016324,-0.00017708821,-4.760136e-05,-0.012994946,-0.0037389894,-0.030830164,5000,5000,0,0,1,1
318766564,318766435,3407882,3407882,-9.064314e-05,1.5714113e-05,8.618506e-06,-0.0021020481,0.0052288612,-0.060222715,5000,5000,0,0,1,1
319266564,319266435,3407882,3407882,-0.0004942925,0.0002353235,-0.000103898776,0.0018870083,0.00249446,-0.040043104,5000,5000,0,0,1,1
319766570,319766435,3407882,3407882,-9.858608e-05,-6.912335e-05,1.0086046e-05,0.0011932377,-0.008984595,-0.04852506,5000,5000,0,0,1,1
320266563,320266435,3407882,3407882,0.0007942708,-0.00015679527,5.655955e-05,-0.0049761757,-0.0005282216,-0.05057327,5000,5000,0,0,1,1
320771565,320771435,3407882,3407882,-0.00025508847,1.1137579e-05,-1.9882257e-06,0.0017935983,-0.0013069238,-0.043192677,5000,5000,0,0,1,1
321271577,321271435,3407882,3407882,0.00055628084,-0.00019254106,-1.3485488e-06,-0.007350964,-0.007086472,-0.05025128,5000,5000,0,0,1,1
321766564,321766435,3407882,3407882,-5.705709e-05,-0.00031997787,1.2028844e-05,-0.009991168,0.0026066313,-0.052013516,5000,5000,0,0,1,1
322266566,322266435,3407882,3407882,4.896959e-06,0.00013580742,0.00015503298,0.01402786,-0.00077502005,-0.056303494,5000,5000,0,0,1,1
322766564,322766435,3407882,3407882,4.7450478e-05,-0.0003140954,2.113146e-05,-0.015823053,-0.002367001,-0.047160394,5001,5001,0,0,1,1
323266564,323266435,3407882,3407882,-0.00048392414,-2.2051387e-05,-4.066951e-05,-0.0026065495,0.0069102864,-0.050889585,5000,5000,0,0,1,1
323766564,323766435,3407882,3407882,-0.0006879015,0.00024539797,-6.5997396e-05,0.0056496137,0.008793408,-0.050503656,5000,5000,0,0,1,1
324271571,324271435,3407882,3407882,0.00052159914,2.6768848e-05,8.5131804e-05,0.005913047,-0.014152741,-0.051186208,5000,5000,0,0,1,1
324771566,324771435,3407882,3407882,0.00033427286,0.00015834492,2.7022347e-06,-0.00051430275,0.0020663047,-0.044673864,4997,4997,0,0,1,1
325266563,325266435,3407882,3407882,0.00023772317,3.8404127e-05,3.2844247e-05,-0.008259072,0.0020287947,-0.051525373,5000,5000,0,0,1,1
325766565,325766435,3407882,3407882,-7.54679e-05,-4.586359e-06,-4.1729658e-05,0.003921516,-0.0048233843,-0.052106507,5000,5000,0,0,1,1
326266564,326266435,3407882,3407882,0.0005754821,4.1159266e-05,8.473909e-05,-0.0089962995,0.0011619659,-0.052950826,5000,5000,0,0,1,1
326766564,326766435,3407882,3407882,-0.0004212855,0.00010795406,-3.5911806e-05,0.0053477036,0.010723937,-0.05274105,5000,5000,0,0,1,1
327266568,327266435,3407882,3407882,-2.318566e-05,-0.00017863428,-6.1126164e-05,0.011180987,-0.0012777222,-0.049937084,5000,5000,0,0,1,1
327771563,327771435,3407882,3407882,-0.00027862052,4.2942967e-05,-0.00010317598,-0.008479163,0.0047470555,-0.049353212,5000,5000,0,0,1,1
328271562,328271435,3407882,3407882,0.00095306296,-0.00021034938,5.3718817e-05,-0.003326541,-0.010296153,-0.04864977,5000,5000,0,0,1,1
328766571,328766435,3407882,3407882,3.6885198e-05,6.199879e-05,7.729711e-06,-0.010392042,0.0025929653,-0.0425785,5000,5000,0,0,1,1
329266563,329266435,3407882,3407882,0.0003633879,-0.0002693254,3.9025895e-06,-0.0049461066,-0.008055508,-0.040007222,5000,5000,0,0,1,1
329766563,329766435,3407882,3407882,0.00017630166,8.419569e-05,4.7980226e-05,0.001441631,-0.01043232,-0.04889186,5000,5000,0,0,1,1
330266566,330266436,3407882,3407882,-7.616341e-05,8.335212e-05,2.952905e-05,0.008516292,-0.0055831755,-0.050654147,5001,5001,0,0,1,1
330766562,330766435,3407882,3407882,-0.00030720612,0.00020694734,-4.3006017e-05,0.0057644676,0.00096402806,-0.05173473,5000,5000,0,0,1,1
331271565,331271435,3407882,3407882,-0.00027299408,0.00016820208,-8.832562e-05,0.004689181,0.007383394,-0.042963475,5000,5000,0,0,1,1
331771563,331771435,3407882,3407882,-0.0008652836,1.5965887e-05,-5.4049146e-05,0.004890907,0.009843134,-0.05299923,5000,5000,0,0,1,1
332266568,332266435,3407882,3407882,0.00025441687,8.435439e-05,6.176705e-05,-0.0055427724,-0.0006094022,-0.056940157,5000,5000,0,0,1,1
332766564,332766435,3407882,3407882,0.00025810426,-0.00012943697,-1.8809496e-05,-0.0063801208,-0.0051985728,-0.03725744,5000,5000,0,0,1,1
333266563,333266435,3407882,3407882,0.0001981153,-0.00018837412,-4.979834e-05,0.0064412933,-0.00916069,-0.055262093,5000,5000,0,0,1,1
333766563,333766435,3407882,3407882,-0.00035664334,-3.634656e-05,-4.23989e-05,-0.003503819,-0.0071317544,-0.043010883,5000,5000,0,0,1,1
334266562,334266435,3407882,3407882,0.00014639506,-5.6053564e-06,7.726814e-05,-0.009052191,0.0049891556,-0.051252842,5000,5000,0,0,1,1
334771563,334771435,3407882,3407882,0.00021362025,0.000100870726,7.855905e-05,0.0011062938,0.003465529,-0.051587194,5000,5000,0,0,1,1
335271570,335271434,3407882,3407882,0.0004884651,-9.571494e-05,0.00013610983,-6.363254e-05,-0.011026327,-0.04902362,4999,4999,0,0,1,1
335766563,335766435,3407882,3407882,-0.00045929,0.00018871989,-0.00015317592,-0.0013670063,0.0076698926,-0.05065857,4976,4976,0,0,1,1
336266564,336266435,3407882,3407882,-2.409952e-05,7.853387e-05,-7.006618e-05,0.0039406614,0.006609008,-0.060311254,5000,5000,0,0,1,1
336766565,336766435,3407882,3407882,-0.00042211558,8.123445e-05,-5.5118468e-05,-0.003344751,0.009894882,-0.044473477,5000,5000,0,0,1,1
337266570,337266435,3407882,3407882,0.00019655416,-0.00025238673,-7.850993e-05,-0.013844475,0.0012246083,-0.04528412,5000,5000,0,0,1,1
337766563,337766435,3407882,3407882,5.5349706e-06,-1.40982265e-05,0.00010673986,-0.00659069,0.0077111744,-0.0521914,5000,5000,0,0,1,1
338271563,338271435,3407882,3407882,-0.00014059465,0.00010968669,-0.00010063969,-0.0016423232,-0.00046660178,-0.060963895,5000,5000,0,0,1,1
338771570,338771442,3407882,3407882,-4.903277e-05,-0.000106529136,6.6007883e-06,0.0057128686,-0.0059088306,-0.04990786,5007,5007,0,0,1,1
339266562,339266435,3407882,3407882,-7.079408e-05,-0.00010779362,-5.429434e-05,-0.0159997,0.0015846379,-0.047402713,5000,5000,0,0,1,1
339766564,339766435,3407882,3407882,0.0003957559,0.0001513499,0.00015672624,-0.0016343772,-0.0017956096,-0.04434716,5000,5000,0,0,1,1
340266563,340266435,3407882,3407882,2.1880169e-05,4.0235747e-05,0.00011350022,0.013221926,-0.0004925404,-0.040984213,5000,5000,0,0,1,1
340766563,340766435,3407882,3407882,-0.00049333443,0.00039037893,-0.00012081474,0.011379642,0.011369796,-0.047232065,5000,5000,0,0,1,1
341266562,341266435,3407882,3407882,-0.0004231693,0.00024714734,-7.6720535e-05,0.0054655545,0.0068862257,-0.055238858,5000,5000,0,0,1,1
341771563,341771435,3407882,3407882,0.0006490613,-0.00018479458,7.203228e-05,-0.0036557678,-0.013288002,-0.046518616,5000,5000,0,0,1,1
342271565,342271435,3407882,3407882,0.00034290217,-2.6124437e-05,0.00011484546,0.007966091,-0.012797305,-0.049587175,4998,4998,0,0,1,1
342766564,342766435,3407882,3407882,0.0003538962,-0.00033889053,-3.601181e-05,-0.017296804,-0.0014757084,-0.036497254,5000,5000,0,0,1,1
343266565,343266435,3407882,3407882,0.0002733824,-0.00020346614,0.00013138345,0.0013718394,-0.016747529,-0.04920848,5000,5000,0,0,1,1
343766563,343766435,3407882,3407882,-0.0004300056,0.00012901989,1.4319852e-05,0.001473303,0.016013874,-0.04672441,5000,5000,0,0,1,1
344266563,344266435,3407882,3407882,0.00026635313,-0.00014749887,-5.2051244e-05,-0.0016878004,-0.0056749308,-0.050526693,5000,5000,0,0,1,1
344766563,344766435,3407882,3407882,-4.06437e-05,0.0002145105,-0.000120942736,0.011632089,-0.0010916697,-0.04990525,5000,5000,0,0,1,1
345271563,345271435,3407882,3407882,0.0002403737,-0.00031982508,-0.00014880768,-0.014391075,-0.004467927,-0.0413197,5000,5000,0,0,1,1
345771563,345771435,3407882,3407882,-0.00017410978,0.00025243338,-0.00016594648,-0.00027989838,0.0027042176,-0.050587516,5000,5000,0,0,1,1
346266564,346266435,3407882,3407882,-0.00018738305,2.7104837e-05,-7.019011e-05,0.0005539099,-0.0060775927,-0.05156659,5000,5000,0,0,1,1
346766569,346766435,3407882,3407882,3.4696411e-06,2.4216004e-05,-1.196913e-05,-0.013986147,0.0052304575,-0.04365696,5000,5000,0,0,1,1
347266563,347266435,3407882,3407882,0.00017329662,-0.0002604261,7.028512e-05,0.005592562,-0.004834461,-0.043881014,5000,5000,0,0,1,1
347766563,347766435,3407882,3407882,6.427009e-05,3.4786055e-05,-8.783396e-05,-0.00564373,0.010750244,-0.045927443,5000,5000,0,0,1,1
348266561,348266435,3407882,3407882,0.00024539602,-0.00026423615,-1.5222868e-05,0.0029825254,-0.0070842514,-0.0487206,5000,5000,0,0,1,1
348771563,348771435,3407882,3407882,-5.1734485e-05,-0.000100985584,2.7178972e-05,-0.0011963474,0.0027868976,-0.054157622,5000,5000,0,0,1,1
349271566,349271436,3407882,3407882,-0.0003770495,0.00022323482,-5.1162977e-05,0.0052271932,0.0059514623,-0.057107326,5001,5001,0,0,1,1
349766565,349766435,3407882,3407882,-0.00030332667,5.4384273e-05,-3.3487795e-05,0.002778283,-0.00067317055,-0.046262935,5000,5000,0,0,1,1
350266564,350266435,3407882,3407882,0.00014473706,-6.913182e-05,0.00023376713,0.0023608925,-0.0041020215,-0.050378315,5000,5000,0,0,1,1
350766570,350766435,3407882,3407882,0.00069251587,-5.7691992e-05,1.1446658e-05,-0.009361586,-0.010758989,-0.038705315,5001,5001,0,0,1,1
351266563,351266435,3407882,3407882,0.0004132122,-0.00017287755,1.5962793e-05,-0.019284183,-0.001814734,-0.03884204,5000,5000,0,0,1,1
351766562,351766435,3407882,3407882,0.00043345685,-0.00011425314,1.5363648e-05,-0.019411085,-0.004981129,-0.05084767,4973,4973,0,0,1,1
352271563,352271435,3407882,3407882,0.0002206737,2.7072205e-05,-2.7237606e-05,-0.0043240134,-0.0022448492,-0.04088017,5000,5000,0,0,1,1
352771562,352771435,3407882,3407882,0.00023048068,-7.237057e-05,-5.9710448e-05,-0.008062131,0.00323529,-0.045788098,5000,5000,0,0,1,1
353266564,353266435,3407882,3407882,0.00016578026,-0.00036876573,-5.172296e-05,-0.0049150307,-0.0065441905,-0.046455417,5000,5000,0,0,1,1
353766569,353766434,3407882,3407882,0.00025312635,-0.00021664792,2.7031696e-05,-0.011954361,0.0021948086,-0.04713462,4999,4999,0,0,1,1
354266563,354266435,3407882,3407882,-0.00020239326,-1.5494257e-05,-4.5340643e-05,-0.010938849,0.008416844,-0.03925732,5000,5000,0,0,1,1
354766564,354766435,3407882,3407882,-0.00023493983,-0.00024236231,0.00011106501,-0.004451732,0.0109278895,-0.056086242,5000,5000,0,0,1,1
355266569,355266435,3407882,3407882,0.00017849506,-6.445944e-05,-6.602448e-05,0.0021445553,-0.004210512,-0.058167245,5000,5000,0,0,1,1
355771563,355771435,3407882,3407882,-8.7045846e-05,5.3187847e-05,-8.969982e-05,-0.004692373,0.00854799,-0.043154076,5000,5000,0,0,1,1
356271565,356271435,3407882,3407882,0.00016090818,0.00011634336,-8.115042e-05,-0.0046487786,0.0070195207,-0.04065826,5000,5000,0,0,1,1
356766564,356766435,3407882,3407882,0.00021581737,-8.429221e-05,0.00015880626,-0.0048120967,-0.00794565,-0.049369503,5000,5000,0,0,1,1
357266569,357266438,3407882,3407882,0.00028668062,-0.00023626024,0.00010874668,0.0033121074,-0.0052556684,-0.04381804,5003,5003,0,0,1,1
357766563,357766435,3407882,3407882,9.679595e-05,-3.8412836e-06,3.360494e-05,0.0018498517,-0.01220248,-0.047133215,5000,5000,0,0,1,1
358266563,358266435,3407882,3407882,-0.00021794312,8.2316605e-05,1.9636112e-05,0.010158152,-0.000561821,-0.04640894,5000,5000,0,0,1,1
358766565,358766435,3407882,3407882,0.00015207863,-0.00028189382,-1.9565616e-05,0.0011051535,-0.00870502,-0.042182054,5000,5000,0,0,1,1
359271562,359271435,3407882,3407882,0.00031533113,-0.00014950731,3.1991236e-05,-0.012878631,-0.0027938671,-0.047705736,5000,5000,0,0,1,1
359771572,359771444,3407882,3407882,-7.012458e-05,-0.00017027161,6.962764e-05,-0.012949498,0.0036170883,-0.044717018,5009,5009,0,0,1,1
360266564,360266435,3407882,3407882,0.00012731571,7.0952956e-05,0.000114664785,0.010382879,-0.0049908953,-0.04628214,5000,5000,0,0,1,1
360766565,360766435,3407882,3407882,0.00016407113,-0.0001992779,2.2351098e-05,0.00403766,-0.006040758,-0.045910206,5000,5000,0,0,1,1
361266563,361266435,3407882,3407882,2.3086477e-07,-8.251302e-05,7.108563e-05,0.005925983,-0.003776261,-0.040787876,5000,5000,0,0,1,1
361766563,361766435,3407882,3407882,-7.304486e-05,8.411778e-05,0.00024196834,0.013292087,0.0005657658,-0.05176519,5000,5000,0,0,1,1
362266566,362266435,3407882,3407882,-0.00023095464,8.900482e-05,-2.066729e-05,-0.0071411314,0.0056871898,-0.048266087,5000,5000,0,0,1,1
362771563,362771434,3407882,3407882,0.000402106,3.70631e-05,2.543661e-05,-0.0071583265,-0.005645033,-0.042032994,4999,4999,0,0,1,1
363271566,363271435,3407882,3407882,-0.00050802703,5.800015e-05,-0.00012765329,0.0026290189,0.016077936,-0.047219433,5000,5000,0,0,1,1
363766564,363766435,3407882,3407882,-0.00019887331,-0.00013530534,-0.000110722314,0.0018081161,-0.004052807,-0.049225748,5000,5000,0,0,1,1
364266578,364266449,3407882,3407882,-0.0003495213,0.00024513865,-0.0001332776,0.0017371124,0.0070612193,-0.061949834,5014,5014,0,0,1,1
364766563,364766435,3407882,3407882,6.900873e-05,-0.00017006636,-0.000121872115,-0.008199266,-0.0021943166,-0.05706448,4999,4999,0,0,1,1
365266563,365266435,3407882,3407882,-0.00022021096,0.00017116983,-5.282597e-05,-0.0023880026,0.013028443,-0.053333685,5000,5000,0,0,1,1
365766565,365766435,3407882,3407882,-8.938178e-06,0.000111438814,-8.672627e-05,-0.015101566,0.0009068372,-0.048678596,5000,5000,0,0,1,1
366271568,366271435,3407882,3407882,-0.00063607685,0.00011372248,1.1738459e-05,0.0026468493,0.019951291,-0.044907887,4990,4990,0,0,1,1
366771562,366771435,3407882,3407882,-0.00019064253,4.487158e-05,8.32764e-05,0.010291006,-9.977076e-05,-0.048861332,5000,5000,0,0,1,1
367266567,367266435,3407882,3407882,-0.00015896434,-8.726669e-05,-5.4554617e-05,-0.0018939831,0.001667182,-0.05161911,5000,5000,0,0,1,1
367766568,367766435,3407882,3407882,-0.0002592749,0.0001374344,-1.853112e-05,0.007972685,0.0015868354,-0.04325327,5000,5000,0,0,1,1
368266563,368266434,3407882,3407882,6.670545e-05,0.000107934145,-3.9831313e-05,0.00063616014,-0.0022393046,-0.04053102,4999,4999,0,0,1,1
368766565,368766435,3407882,3407882,-0.00038810773,7.1457966e-05,-2.2444981e-05,0.0070913658,0.0033389095,-0.044965632,5000,5000,0,0,1,1
369266562,369266435,3407882,3407882,-0.00012963917,1.1582929e-05,2.739137e-05,0.009100456,-0.0075580333,-0.045529984,5000,5000,0,0,1,1
369771563,369771435,3407882,3407882,5.1505038e-05,3.1296146e-05,7.155198e-05,-0.00240165,0.012839771,-0.05203859,5000,5000,0,0,1,1
370271576,370271435,3407882,3407882,0.00037476755,-9.291816e-05,8.044797e-05,0.0016590699,-0.0049492223,-0.04908044,5000,5000,0,0,1,1
370766564,370766435,3407882,3407882,-0.00022641855,8.875778e-05,-5.9946742e-05,-0.0109125115,0.0050891074,-0.044571523,4983,4983,0,0,1,1
371266564,371266435,3407882,3407882,0.0004133563,-0.00021515098,-2.2083673e-06,-0.009118721,-0.0022341702,-0.039623763,5000,5000,0,0,1,1
371766564,371766435,3407882,3407882,0.00016111459,5.681181e-05,-1.5469914e-05,-0.006095854,-0.009797717,-0.047719795,5000,5000,0,0,1,1
372266563,372266435,3407882,3407882,-8.318897e-06,-3.7569633e-05,1.0193581e-05,-0.0051996387,-0.005980973,-0.046304334,5000,5000,0,0,1,1
372766561,372766435,3407882,3407882,0.00029630226,9.479402e-05,7.181796e-05,-0.0007330606,-0.008436353,-0.053142708,5000,5000,0,0,1,1
373271564,373271435,3407882,3407882,0.00037462695,-0.000287982,8.19638e-05,-0.0046163374,-0.008695591,-0.050447945,5000,5000,0,0,1,1
373771563,373771434,3407882,3407882,0.00010622184,-0.00013524912,9.8965735e-05,0.009496952,-0.004004083,-0.036831357,4999,4999,0,0,1,1
374266564,374266435,3407882,3407882,-8.584732e-05,0.00023827492,-6.648657e-05,-0.0003810335,0.006165741,-0.050458983,4999,4999,0,0,1,1
374766565,374766435,3407882,3407882,-0.00024856898,-2.862243e-05,-0.000115116745,0.001965797,0.012035449,-0.0528884,5000,5000,0,0,1,1
375266565,375266435,3407882,3407882,-0.000553957,0.00019142014,-0.00018023576,-0.0036207186,0.0055983774,-0.04742527,5000,5000,0,0,1,1
375766563,375766435,3407882,3407882,0.0004136024,-0.00014195075,0.0002572922,0.0032463868,-0.008866625,-0.04594197,5000,5000,0,0,1,1
376266562,376266435,3407882,3407882,0.0004969454,-0.00023071228,0.00011769072,-0.0030649467,7.124076e-05,-0.05682566,5000,5000,0,0,1,1
376771563,376771435,3407882,3407882,0.0001512688,-2.4368288e-05,0.00012204753,-0.010264869,0.0012105459,-0.040918045,5000,5000,0,0,1,1
377271563,377271435,3407882,3407882,-0.000497042,6.0142178e-05,-7.351065e-05,-0.0013605151,0.0034228247,-0.04865301,5000,5000,0,0,1,1
377766565,377766435,3407882,3407882,5.7488214e-05,6.154168e-05,3.0086785e-05,0.015028107,-0.0012062786,-0.043280367,5000,5000,0,0,1,1
378266565,378266435,3407882,3407882,-6.262622e-05,-7.353774e-05,-1.14522845e-05,-0.0062905066,0.002314976,-0.04750819,5000,5000,0,0,1,1
378766563,378766435,3407882,3407882,-0.00029399278,-3.533153e-05,-0.00013222943,-0.00065401744,-0.005479526,-0.041136995,5000,5000,0,0,1,1
379266564,379266435,3407882,3407882,0.000157729,-0.0004834888,-2.97244e-05,-0.011076962,-0.005345458,-0.04280423,5000,5000,0,0,1,1
379766563,379766435,3407882,3407882,-0.00054723606,-0.0001806346,-0.00016629224,-0.009613488,0.0053979317,-0.048559546,5000,5000,0,0,1,1
380271565,380271435,3407882,3407882,-9.817492e-05,2.819984e-05,-0.00018173875,-0.010919394,0.0051451735,-0.05869559,5000,5000,0,0,1,1
380771565,380771436,3407882,3407882,0.0004537553,-0.0001633669,4.2877564e-05,-0.0023697081,0.001135691,-0.052926194,5001,5001,0,0,1,1
381266563,381266435,3407882,3407882,-0.0004504519,0.0003132307,3.906425e-05,0.0041015386,0.0024023624,-0.047467988,5000,5000,0,0,1,1
381766571,381766435,3407882,3407882,-0.00044613305,8.906595e-05,2.6781148e-05,-0.0021346672,0.008656277,-0.049777083,5000,5000,0,0,1,1
382266564,382266435,3407882,3407882,0.00016090997,-6.635238e-05,5.1742838e-05,-0.0018925511,0.002523356,-0.047306906,5001,5001,0,0,1,1
382766563,382766435,3407882,3407882,0.0003661264,-0.00025754544,7.7865414e-05,-0.0075425953,0.00013328726,-0.05373682,5000,5000,0,0,1,1
383266564,383266435,3407882,3407882,0.0005186482,0.00015265163,4.7754573e-05,-0.006251158,0.00078799855,-0.052081898,5000,5000,0,0,1,1
383771566,383771437,3407882,3407882,-0.00037706696,0.00017494558,-6.790947e-05,-0.0062422478,0.012820867,-0.051207695,5002,5002,0,0,1,1
384271564,384271435,3407882,3407882,-0.0001751058,-8.8900626e-05,-3.2208183e-05,-0.011157709,0.0036150634,-0.042508043,5000,5000,0,0,1,1
384766563,384766435,3407882,3407882,0.00024048547,-0.00033702806,4.088305e-05,-0.0026582878,-0.008406365,-0.047579903,5000,5000,0,0,1,1
385266564,385266435,3407882,3407882,-0.0004594452,5.1318835e-05,-5.7204004e-05,0.002662411,0.0069926423,-0.04940351,5001,5001,0,0,1,1
385766563,385766435,3407882,3407882,-0.000119676,0.00015094645,3.2827298e-05,-0.0019664045,0.012671409,-0.049888626,5000,5000,0,0,1,1
386266563,386266435,3407882,3407882,3.7217284e-05,3.3982396e-05,2.0035417e-05,-0.0008196832,0.004782186,-0.05521596,5000,5000,0,0,1,1
386766563,386766435,3407882,3407882,0.00049246446,-2.3130578e-06,9.327037e-05,-0.009740351,-0.0060002985,-0.051652696,5000,5000,0,0,1,1
387271564,387271435,3407882,3407882,5.7124143e-06,0.00020367379,-1.7386366e-05,-0.0038247963,-0.004409873,-0.051337022,5000,5000,0,0,1,1
387771562,387771435,3407882,3407882,1.7178818e-05,4.1071515e-05,0.00010319768,-0.006463968,0.0026528777,-0.057079643,4998,4998,0,0,1,1
388266562,388266435,3407882,3407882,-0.00036496582,0.00015866669,-0.000111572284,0.010775886,0.008828429,-0.051881544,5000,5000,0,0,1,1
388766565,388766435,3407882,3407882,9.3504954e-05,-9.49649e-05,-0.00012786317,0.007635297,0.0062268865,-0.036408346,5000,5000,0,0,1,1
389266563,389266435,3407882,3407882,-0.0003724186,-4.792352e-05,3.974011e-05,0.008430265,0.002400566,-0.05332668,5000,5000,0,0,1,1
389766565,389766435,3407882,3407882,0.00034337118,-0.00046048898,5.5786215e-05,-0.018430848,0.0021631704,-0.043501683,5000,5000,0,0,1,1
390266574,390266435,3407882,3407882,6.1832825e-06,0.00014529783,8.868358e-05,0.007880142,-0.011124059,-0.06312135,5000,5000,0,0,1,1
390771574,390771434,3407882,3407882,-0.0003944509,0.00012269425,-2.7089345e-05,-0.004159767,0.0064281826,-0.049495153,4999,4999,0,0,1,1
391271573,391271442,3407882,3407882,0.0003865154,-4.377854e-05,5.7663674e-05,0.002332786,-0.011510011,-0.046556838,5007,5007,0,0,1,1
391766565,391766435,3407882,3407882,-0.00020532201,0.00019634975,-3.1157073e-05,0.005332255,-0.0012929963,-0.044815358,5000,5000,0,0,1,1
392266564,392266435,3407882,3407882,0.00044771048,-0.00013055395,6.3560125e-05,-0.00040649145,-0.005604537,-0.044690173,5000,5000,0,0,1,1
392766572,392766435,3407882,3407882,5.7865644e-05,0.00029470268,-3.929881e-05,0.007831339,-0.0076006837,-0.05612954,5001,5001,0,0,1,1
393266564,393266435,3407882,3407882,-0.00017872608,0.00015797156,9.203291e-06,0.0014610149,0.015213254,-0.036694154,5000,5000,0,0,1,1
393766563,393766435,3407882,3407882,-4.288764e-06,3.069342e-05,2.3083281e-05,0.00010014417,0.015363927,-0.04474299,5000,5000,0,0,1,1
394271565,394271435,3407882,3407882,-0.00023262498,-9.210544e-05,-0.00021175262,-0.011730158,0.008250381,-0.04122857,5000,5000,0,0,1,1
394771563,394771435,3407882,3407882,0.00029721655,-5.828816e-05,-4.8862552e-05,-0.0064371787,0.008292245,-0.041471336,5000,5000,0,0,1,1
395266599,395266435,3407882,3407882,-0.00035588403,3.3453147e-05,-2.8161567e-05,-0.00092643657,0.012696584,-0.047709532,5000,5000,0,0,1,1
395766563,395766435,3407882,3407882,-0.00043987407,4.2763775e-05,-0.00011110174,0.00066453073,0.0045852764,-0.04875149,5000,5000,0,0,1,1
396266568,396266434,3407882,3407882,-0.00047627403,0.00020539926,-7.436407e-06,-0.0027974308,0.016772846,-0.05180292,4992,4992,0,0,1,1
396766565,396766435,3407882,3407882,0.00014602463,-2.653759e-05,4.9555634e-05,-0.006530918,-0.0007319611,-0.05549149,5000,5000,0,0,1,1
397266562,397266435,3407882,3407882,0.00043932858,-0.00011047133,-2.1009108e-05,-0.012463758,-0.003882782,-0.041700054,5000,5000,0,0,1,1
397771562,397771435,3407882,3407882,6.0284066e-05,-1.4840022e-05,-7.1504226e-05,-0.0058347587,0.013630042,-0.04997698,5000,5000,0,0,1,1
398271563,398271435,3407882,3407882,-0.00032337345,-5.3676664e-05,5.721772e-06,-0.004240326,0.012503059,-0.053063054,5000,5000,0,0,1,1
398766564,398766435,3407882,3407882,0.00013262009,4.172315e-05,0.00013060759,0.0074878046,-0.0024706752,-0.05039841,5000,5000,0,0,1,1
399266565,399266435,3407882,3407882,-0.00045639838,7.6054195e-05,-7.550185e-05,0.0013075882,0.011877218,-0.05729138,5000,5000,0,0,1,1
399766566,399766434,3407882,3407882,0.00038444131,-3.7925663e-05,5.3313524e-05,-0.00013055778,0.001672643,-0.046442386,4999,4999,0,0,1,1
400266563,400266435,3407882,3407882,-0.00025537354,0.00021723549,-5.276567e-05,0.012852748,0.0045435512,-0.052389033,5000,5000,0,0,1,1
400766563,400766435,3407882,3407882,-0.0005917753,0.00010031837,-4.508455e-05,0.0005488653,0.016640503,-0.049256533,5000,5000,0,0,1,1
401271564,401271435,3407882,3407882,-0.00020763816,-2.8704118e-05,-2.5795256e-05,0.0058862776,-0.0052200477,-0.040919915,5000,5000,0,0,1,1
401771562,401771435,3407882,3407882,-0.00037085803,2.7140619e-05,-6.735479e-05,0.0045632184,0.0015728341,-0.042398095,5000,5000,0,0,1,1
402266563,402266435,3407882,3407882,0.00013467911,6.221209e-05,3.807912e-06,-0.0015360778,0.0031009056,-0.054846887,5000,5000,0,0,1,1
402766564,402766435,3407882,3407882,0.000560581,-8.922616e-05,4.101469e-05,-0.0005571175,-0.009155005,-0.04998351,5000,5000,0,0,1,1
403266564,403266434,3407882,3407882,0.0002536217,0.000118465774,7.423134e-05,0.0019966308,-0.010061006,-0.048391864,4999,4999,0,0,1,1
403766563,403766435,3407882,3407882,-0.00024304829,-9.0402915e-05,-1.1964153e-05,0.0023896252,0.0015451849,-0.042142633,5000,5000,0,0,1,1
404266564,404266435,3407882,3407882,-1.7330285e-05,0.00015075831,0.00011889216,-0.012478101,0.008522506,-0.061224077,5000,5000,0,0,1,1
404771565,404771437,3407882,3407882,-0.0002673346,0.0003638377,-2.5050913e-05,0.0007384386,0.0057891635,-0.059792895,5002,5002,0,0,1,1
405271566,405271435,3407882,3407882,8.5924024e-05,-9.8346405e-05,-6.8875466e-05,-0.0024993925,0.00091959146,-0.04093843,5000,5000,0,0,1,1
405766564,405766435,3407882,3407882,0.00047142812,-4.590587e-05,-9.401246e-05,-0.011680979,-0.0034091964,-0.04511742,5000,5000,0,0,1,1
406266561,406266435,3407882,3407882,0.00030894636,-0.0002118405,9.6495336e-05,-0.013847117,0.00026654845,-0.050472844,5000,5000,0,0,1,1
406766563,406766435,3407882,3407882,6.0974307e-05,5.245648e-06,5.6636894e-05,-0.011757485,0.0006809605,-0.053806253,5000,5000,0,0,1,1
407266563,407266435,3407882,3407882,0.00023037283,-0.00017830152,7.663913e-05,-0.0076668058,-0.0009309134,-0.051468667,5000,5000,0,0,1,1
407766563,407766435,3407882,3407882,-6.850205e-05,1.237061e-05,6.2114785e-05,-0.004774627,0.00723323,-0.053230777,5000,5000,0,0,1,1
408271563,408271435,3407882,3407882,5.3301577e-05,3.5880996e-05,6.856882e-05,0.002323347,-0.0042451834,-0.0356506,5000,5000,0,0,1,1
408771568,408771435,3407882,3407882,5.2768028e-05,-9.5072086e-05,5.541449e-05,-0.0036655334,-0.0052724485,-0.04062752,5000,5000,0,0,1,1
409266563,409266435,3407882,3407882,-5.794027e-06,9.364365e-05,3.2130472e-05,0.0055244137,0.0006251327,-0.05509837,5000,5000,0,0,1,1
409766565,409766435,3407882,3407882,-2.1863658e-05,0.000311153,-5.2191386e-05,-0.0008820142,0.001718395,-0.055120602,5000,5000,0,0,1,1
410266563,410266435,3407882,3407882,0.00041248518,7.023981e-05,5.870547e-05,-0.012217931,0.0019921705,-0.056725252,5000,5000,0,0,1,1
410766567,410766436,3407882,3407882,-0.0003262498,0.0002125319,-8.378275e-05,0.00019928873,0.014257057,-0.046921432,5000,5000,0,0,1,1
411266564,411266435,3407882,3407882,4.9480226e-05,-0.00010446716,7.716649e-05,0.010335207,-0.008225915,-0.06047672,5000,5000,0,0,1,1
411771569,411771436,3407882,3407882,-9.31444e-05,8.675909e-05,-0.00012216798,0.006376206,0.0018563138,-0.05437928,5001,5001,0,0,1,1
412271563,412271435,3407882,3407882,6.294634e-05,-4.3069926e-05,-4.501024e-05,-0.003672023,0.007837625,-0.051601034,5000,5000,0,0,1,1
412766562,412766435,3407882,3407882,1.8787998e-05,3.914648e-05,9.288364e-05,-0.008106477,0.00286259,-0.06439005,5000,5000,0,0,1,1
413266565,413266435,3407882,3407882,-0.0002687991,1.4772278e-05,-2.1112337e-05,0.0032200753,0.013198943,-0.05049416,5000,5000,0,0,1,1
413766563,413766435,3407882,3407882,-0.00014957492,0.00014904609,-3.5916728e-05,0.012467151,0.0011857229,-0.04628753,5000,5000,0,0,1,1
414266563,414266435,3407882,3407882,0.00033720589,-4.1944655e-05,3.2728476e-05,-0.005142232,0.0013136752,-0.0468651,5000,5000,0,0,1,1
414766563,414766435,3407882,3407882,-0.00023179328,1.6367817e-06,-3.534101e-05,-0.002916883,0.011742747,-0.050492615,5000,5000,0,0,1,1
415271564,415271435,3407882,3407882,0.00037145495,-0.0004227341,9.192042e-05,-0.005470608,-0.0065424144,-0.040676087,5000,5000,0,0,1,1
415771562,415771435,3407882,3407882,7.364523e-05,9.805481e-05,1.4900164e-06,-0.010687057,0.004518647,-0.057313144,5000,5000,0,0,1,1
416266563,416266435,3407882,3407882,9.7275646e-05,-3.9910185e-05,-9.1333044e-05,-0.0042745476,0.0012608023,-0.043852467,5000,5000,0,0,1,1
416766565,416766435,3407882,3407882,-0.00016001076,0.00021025319,7.40945e-05,0.00748992,0.002371069,-0.047861494,5000,5000,0,0,1,1
417266611,417266435,3407882,3407882,0.00027863972,-0.00014397212,3.31169e-05,-0.006100245,-0.0067596636,-0.044347126,5000,5000,0,0,1,1
417766563,417766435,3407882,3407882,8.584467e-05,8.69697e-05,-6.70942e-05,-0.010285113,0.0007047201,-0.051162995,5000,5000,0,0,1,1
418266563,418266435,3407882,3407882,-8.784256e-05,0.00012247135,-6.660843e-05,0.009690938,0.011551527,-0.045493096,5000,5000,0,0,1,1
418771562,418771434,3407882,3407882,9.650833e-05,8.205821e-06,-6.3908064e-06,0.008717289,-0.0006501193,-0.04411423,4999,4999,0,0,1,1
419271563,419271435,3407882,3407882,0.0005054031,-7.0918846e-05,-3.8876283e-06,-0.010649163,-0.006713578,-0.04638642,5000,5000,0,0,1,1
419766572,419766435,3407882,3407882,4.2444288e-05,-0.00019377032,2.1929836e-05,-0.0061102626,-0.0008118431,-0.05248888,5000,5000,0,0,1,1
420266565,420266435,3407882,3407882,-0.00040358538,7.5614844e-05,-2.376174e-05,-0.0033542814,0.008958847,-0.053967107,5001,5001,0,0,1,1
420766563,420766435,3407882,3407882,-0.00018175089,7.8540346e-05,-1.1519228e-05,0.008497584,-0.0042557702,-0.05196092,5000,5000,0,0,1,1
421266564,421266435,3407882,3407882,-5.9798465e-05,-0.00014320813,-8.107947e-06,0.0060926955,0.0011697871,-0.041613076,5000,5000,0,0,1,1
421766564,421766435,3407882,3407882,-0.00024632007,3.185667e-06,-1.4017076e-05,0.0024289493,-0.008633026,-0.047351886,5000,5000,0,0,1,1
422271563,422271435,3407882,3407882,-5.5810593e-05,0.000237735,-7.616794e-05,-0.0014837508,0.013059856,-0.048026536,5000,5000,0,0,1,1
422771573,422771442,3407882,3407882,7.894617e-05,8.14125e-05,-8.981211e-05,0.005520195,-0.0054816287,-0.048804596,5007,5007,0,0,1,1
423266563,423266435,3407882,3407882,0.00013184459,-0.00020290648,0.00012293796,-0.00054553023,-0.007383325,-0.05033259,5000,5000,0,0,1,1
423766564,423766435,3407882,3407882,-0.00032831985,4.8815615e-05,-4.7824587e-06,-0.009775027,0.0017631863,-0.046401754,5000,5000,0,0,1,1
424266570,424266437,3407882,3407882,0.0003354951,-6.699294e-05,3.1793297e-05,-0.0067790467,-0.006431994,-0.05567255,5002,5002,0,0,1,1
424766564,424766435,3407882,3407882,7.583141e-05,-0.00019750997,5.3019532e-05,0.002320108,-0.0025012358,-0.04650915,5000,5000,0,0,1,1
425266563,425266435,3407882,3407882,6.592509e-06,-2.1312362e-05,-0.00013251751,-0.0007976936,-0.0015900782,-0.050397377,5000,5000,0,0,1,1
425771563,425771435,3407882,3407882,-0.00017941144,0.0003614614,-0.00015117177,1.3933012e-05,0.005949653,-0.052950535,5000,5000,0,0,1,1
426271568,426271435,3407882,3407882,-0.00024423123,-0.00019722542,-2.5741798e-05,-0.009988508,0.008484261,-0.051233772,5000,5000,0,0,1,1
426766561,426766435,3407882,3407882,0.0004041577,-8.459642e-05,0.00012987838,0.005589183,-0.010761438,-0.04675503,5000,5000,0,0,1,1
427266565,427266435,3407882,3407882,0.00027253153,-0.00018747077,-0.000117658856,0.00058208016,-0.008468491,-0.046689212,5000,5000,0,0,1,1
427766563,427766435,3407882,3407882,-0.00035234066,-2.72431e-05,-3.773414e-05,0.011413324,0.0010733637,-0.054646127,5000,5000,0,0,1,1
428266563,428266435,3407882,3407882,-0.00034105964,1.5112718e-05,-6.514949e-05,0.010633093,-0.0012933884,-0.036661148,5000,5000,0,0,1,1
428766565,428766435,3407882,3407882,7.35736e-05,4.7885467e-05,7.9875244e-05,0.007185541,-0.00791966,-0.05830857,5000,5000,0,0,1,1
429271563,429271435,3407882,3407882,0.00042075565,-1.3731512e-05,-4.313795e-05,-0.011592007,-0.003388698,-0.054829147,5000,5000,0,0,1,1
429771562,429771435,3407882,3407882,0.00034295017,0.00013322885,2.755791e-05,-0.006490671,-0.0008595836,-0.05115287,5000,5000,0,0,1,1
430266564,430266435,3407882,3407882,0.00058013375,-5.9304093e-05,0.00013655041,-0.004939889,-0.0044780043,-0.05140384,5000,5000,0,0,1,1
430766564,430766435,3407882,3407882,0.00037076641,-0.00021019293,8.106414e-05,-0.010236561,0.0058737276,-0.047799487,5000,5000,0,0,1,1
431266564,431266435,3407882,3407882,-3.8852424e-05,8.138034e-05,-3.9066777e-05,-0.010809171,0.005267409,-0.056414984,5000,5000,0,0,1,1
431766563,431766435,3407882,3407882,-0.00049718755,8.747654e-05,-0.00011055288,0.0019511881,0.014926638,-0.052193172,5000,5000,0,0,1,1
432266563,432266435,3407882,3407882,-0.0003623395,0.00029593814,-5.6485536e-05,-0.0003861558,0.0028854068,-0.046075054,5000,5000,0,0,1,1
432771563,432771435,3407882,3407882,-0.00035466033,3.3483342e-05,9.1031e-06,-0.0065839016,0.014629545,-0.048474792,5000,5000,0,0,1,1
433271570,433271442,3407882,3407882,0.00019498181,-0.0002415143,1.9453382e-05,-0.0051307194,-0.0059815133,-0.040467117,5007,5007,0,0,1,1
433766571,433766435,3407882,3407882,0.00023611289,-0.0002701015,-2.177538e-05,-0.003687857,-0.006618711,-0.058687363,5000,5000,0,0,1,1
434266565,434266435,3407882,3407882,-0.00017215546,-1.593932e-05,-2.4542163e-05,-0.0040747635,0.008266649,-0.059661824,5000,5000,0,0,1,1
434766563,434766435,3407882,3407882,-0.00036862682,9.321974e-05,-3.624919e-05,-0.0074269436,0.0052835215,-0.05308112,5000,5000,0,0,1,1
435266564,435266435,3407882,3407882,0.0004824327,1.8024019e-05,3.0850555e-05,-0.011178526,-0.0023319635,-0.055138074,4999,4999,0,0,1,1
435766564,435766435,3407882,3407882,0.00043871152,-0.00018559805,0.00014085867,-0.0007495312,0.004780004,-0.054374874,5000,5000,0,0,1,1
436271577,436271435,3407882,3407882,0.000549496,0.00014326125,5.581911e-05,-0.009235516,-0.010728408,-0.05246095,5000,5000,0,0,1,1
436771563,436771435,3407882,3407882,0.0005320253,-0.00015020036,4.6578505e-05,0.002899694,-0.0040413844,-0.0378117,5000,5000,0,0,1,1
437266563,437266435,3407882,3407882,-0.00032979468,-7.372654e-05,-0.00011049515,0.0012397019,0.008452998,-0.046066634,5000,5000,0,0,1,1
437766566,437766435,3407882,3407882,0.00064898585,-4.1933956e-05,9.9575576e-05,-0.006579592,-0.0036527063,-0.049050298,5000,5000,0,0,1,1
438266561,438266435,3407882,3407882,1.5794061e-08,-0.00010928493,0.00016498272,0.002556822,-0.0066064056,-0.042970624,5000,5000,0,0,1,1
438766562,438766435,3407882,3407882,-0.00035181543,-0.00011596114,-9.88282e-05,-0.006001771,0.0063045034,-0.047793936,5000,5000,0,0,1,1
439266568,439266435,3407882,3407882,-4.978452e-05,-0.000167366,-1.9860556e-05,-0.012009622,0.0066755554,-0.045641422,5000,5000,0,0,1,1
439771565,439771435,3407882,3407882,8.436911e-05,-0.00012799345,7.0508418e-06,-0.011583426,-0.0022873404,-0.054745145,5000,5000,0,0,1,1
440271563,440271435,3407882,3407882,0.00059288985,-7.2118026e-05,9.279661e-05,-0.007906036,-0.010360862,-0.05186803,5000,5000,0,0,1,1
440766564,440766435,3407882,3407882,-0.0002705927,6.365541e-05,-0.000105095605,-0.012158662,0.0057499837,-0.0499011,5000,5000,0,0,1,1
441266569,441266439,3407882,3407882,0.0007360607,-0.00023630772,5.321043e-05,-0.006476476,-0.003439766,-0.052131332,5004,5004,0,0,1,1
441766563,441766435,3407882,3407882,0.00021703565,-4.22247e-05,1.7922948e-05,0.0063478546,-0.0070094187,-0.05131429,5000,5000,0,0,1,1
442266564,442266435,3407882,3407882,-3.355835e-05,0.00011899851,-7.561611e-05,0.009765309,0.0034701063,-0.055745535,5000,5000,0,0,1,1
442766570,442766435,3407882,3407882,0.00019681655,5.208691e-05,-2.3187378e-05,-0.006888741,0.00024717042,-0.04564925,5000,5000,0,0,1,1
443271564,443271435,3407882,3407882,0.00050581,-3.4485525e-05,1.439527e-05,-0.010426315,-0.002191378,-0.04906577,5000,5000,0,0,1,1
443771571,443771442,3407882,3407882,0.000643672,-0.00032588025,9.884221e-05,-0.0052790563,-0.006048657,-0.05147973,5007,5007,0,0,1,1
444266564,444266435,3407882,3407882,-0.00038274497,0.00013939996,-0.00012054263,0.0033737954,0.009925678,-0.052484803,5000,5000,0,0,1,1
444766563,444766435,3407882,3407882,-0.00038791925,0.000121479075,-5.0308554e-05,0.00047251405,0.012233122,-0.054221414,5000,5000,0,0,1,1
445266567,445266435,3407882,3407882,-0.00022807845,0.0001341153,7.105116e-05,-0.0035153115,0.007945379,-0.049151726,5000,5000,0,0,1,1
445766567,445766437,3407882,3407882,0.00025387428,-9.7512166e-05,2.7186443e-05,-0.016582834,-0.00022559169,-0.04792846,5002,5002,0,0,1,1
446266562,446266435,3407882,3407882,3.2505894e-05,-0.00013337567,8.906921e-05,-0.0089537585,-0.005005347,-0.044750404,5000,5000,0,0,1,1
446771563,446771435,3407882,3407882,0.00045921933,-0.0001644685,1.4984988e-05,-0.010983633,-0.007085776,-0.0423779,5000,5000,0,0,1,1
447271560,447271434,3407882,3407882,-0.00019323168,1.2612579e-05,3.3669945e-05,0.0005732823,-0.0039401255,-0.047383636,4999,4999,0,0,1,1
447766564,447766435,3407882,3407882,0.00018771627,-0.00012865479,9.260797e-05,-0.002104537,0.005663155,-0.051227827,5000,5000,0,0,1,1
448266564,448266435,3407882,3407882,-0.00025284346,-1.4508009e-06,-2.8405506e-05,-0.001599424,-0.0076453225,-0.042464845,5000,5000,0,0,1,1
448766579,448766435,3407882,3407882,-9.222822e-05,0.00012178155,-8.874965e-05,0.00057810376,-0.004302461,-0.048521545,5000,5000,0,0,1,1
449266564,449266435,3407882,3407882,-0.0003376174,0.00040352263,-5.8251826e-05,0.0007445592,0.0002729232,-0.06436445,5000,5000,0,0,1,1
449766563,449766435,3407882,3407882,-0.00035996654,0.0002337987,-0.000108901615,0.0023106907,0.0013019167,-0.054513454,5000,5000,0,0,1,1
450271563,450271435,3407882,3407882,-0.00010298552,7.998642e-05,-0.00012971071,0.00049883616,-0.00532242,-0.05157032,5000,5000,0,0,1,1
450771563,450771435,3407882,3407882,-0.00035459595,7.5980984e-06,-8.508917e-05,-0.0032909238,0.010178503,-0.05386122,5000,5000,0,0,1,1
451266565,451266435,3407882,3407882,0.00028431215,-0.0003890844,0.00012496674,-0.004847813,-0.001041051,-0.05023249,5000,5000,0,0,1,1
451766570,451766435,3407882,3407882,0.00023266142,-0.00015097836,0.00010797122,0.00022337459,-0.009684496,-0.044909786,5000,5000,0,0,1,1
452266563,452266435,3407882,3407882,-3.9795428e-05,0.0002481361,-9.4430165e-05,0.008015818,0.0027101648,-0.030759001,5001,5001,0,0,1,1
452766563,452766435,3407882,3407882,-0.00027189028,0.00037022,-9.778602e-05,0.0026509804,0.010162904,-0.046658155,5001,5001,0,0,1,1
453266562,453266435,3407882,3407882,0.00011185642,7.327922e-05,-4.30854e-05,0.0056482707,-0.009646845,-0.05525099,5000,5000,0,0,1,1
453771563,453771435,3407882,3407882,0.00024631756,0.00014136406,8.588486e-06,-0.008046706,-0.012575622,-0.045871,5000,5000,0,0,1,1
454271571,454271441,3407882,3407882,1.34066e-05,0.0001243088,-4.415418e-06,-0.003611956,0.014071205,-0.048681956,5006,5006,0,0,1,1
454766564,454766435,3407882,3407882,0.00058416,-0.00010724227,7.772514e-07,-0.004554737,0.00071146584,-0.039360046,5000,5000,0,0,1,1
455266565,455266435,3407882,3407882,0.00044520007,-0.00019318204,3.8472885e-05,-0.00606339,-0.008892238,-0.041198507,5000,5000,0,0,1,1
455766563,455766435,3407882,3407882,0.00022816003,-0.0002689646,4.844469e-05,-0.005902287,-0.0011485359,-0.058285017,5000,5000,0,0,1,1
456266570,456266435,3407882,3407882,0.00018383724,-0.00012259115,0.00018380166,-0.009853314,-0.0009410622,-0.058246356,5000,5000,0,0,1,1
456766562,456766435,3407882,3407882,0.00028569717,-0.00015662452,0.00018084251,0.0068615857,-0.011695698,-0.052889302,5000,5000,0,0,1,1
457271563,457271435,3407882,3407882,-0.00044277424,0.0002539749,-4.1338597e-05,-0.0034634825,0.013159506,-0.04799823,5000,5000,0,0,1,1
457771562,457771435,3407882,3407882,-0.0004280914,9.493187e-05,-0.00020158484,0.00597394,0.0057263738,-0.037278526,5000,5000,0,0,1,1
458266562,458266435,3407882,3407882,0.0004163627,0.00016578428,-1.820375e-06,0.008318353,-0.008440493,-0.054316305,5000,5000,0,0,1,1
458766566,458766435,3407882,3407882,6.203792e-05,-4.2666474e-05,-0.00016262892,-0.0076637533,0.0046290457,-0.040013354,5000,5000,0,0,1,1
459266564,459266435,3407882,3407882,0.00031100292,3.1585474e-05,6.870704e-05,0.007750928,-0.008689917,-0.04110973,5001,5001,0,0,1,1
459766562,459766435,3407882,3407882,-0.00011899226,-3.5435358e-05,-8.2069955e-06,-0.004326801,0.008456054,-0.045386393,5000,5000,0,0,1,1
460266563,460266435,3407882,3407882,0.00052589853,-6.9226386e-05,-1.2359095e-05,-0.005869363,-0.012121509,-0.040733032,5000,5000,0,0,1,1
460771563,460771435,3407882,3407882,0.00038854807,-2.8301938e-05,8.865307e-05,-0.0049886615,0.0051575485,-0.04251799,5000,5000,0,0,1,1
461271562,461271434,3407882,3407882,5.5376368e-05,-0.00051689096,5.434978e-05,-0.0062687285,0.0077581755,-0.047325667,4999,4999,0,0,1,1
461766564,461766435,3407882,3407882,0.00019752409,-0.00010659107,4.429361e-05,0.004698055,0.0010970747,-0.03729947,5000,5000,0,0,1,1
462266564,462266435,3407882,3407882,9.276708e-05,-0.00021438167,0.000115999166,-0.0044125617,-0.0059067328,-0.047829714,5000,5000,0,0,1,1
462766567,462766435,3407882,3407882,0.0005731532,-0.00010253134,-1.1335237e-05,-0.006380143,-0.0063471054,-0.036612514,5001,5001,0,0,1,1
463266564,463266435,3407882,3407882,-0.0002760379,0.00017971493,-3.7415077e-05,0.0022549555,0.0136488015,-0.050806865,5000,5000,0,0,1,1
463766563,463766435,3407882,3407882,-6.7279834e-05,0.0001614908,7.198408e-05,0.01145028,-0.00026831595,-0.056894362,5000,5000,0,0,1,1
464271564,464271435,3407882,3407882,4.789966e-05,0.00025497543,7.817768e-05,-0.007207844,-0.0008455987,-0.051641796,5000,5000,0,0,1,1
464771563,464771435,3407882,3407882,-0.000118299205,0.00036519513,-1.2993806e-05,-0.0022932524,0.005042775,-0.05678239,5000,5000,0,0,1,1
465266564,465266435,3407882,3407882,0.0006810898,-0.00016506064,2.5584199e-05,-0.013580347,0.0026282556,-0.045257896,5000,5000,0,0,1,1
465766567,465766435,3407882,3407882,-0.0004483894,0.0001068301,-1.5904505e-05,0.0033081165,0.012392253,-0.05470199,5000,5000,0,0,1,1
466266563,466266435,3407882,3407882,-0.00037524776,9.097297e-05,-0.00020247648,-0.001264061,0.0008443323,-0.050855983,5000,5000,0,0,1,1
466766565,466766435,3407882,3407882,0.0003165359,-1.5745904e-05,-1.3578001e-05,0.0038423487,-0.011246732,-0.049947117,5000,5000,0,0,1,1
467266563,467266435,3407882,3407882,9.803065e-05,8.8529094e-05,0.0001325783,-0.008731405,-0.00334028,-0.052733608,5000,5000,0,0,1,1
467771563,467771435,3407882,3407882,-3.276748e-05,-2.415525e-05,6.381695e-05,0.005561925,-0.0020051086,-0.052135196,5000,5000,0,0,1,1
468271562,468271435,3407882,3407882,0.00010211807,-0.00023967368,8.744511e-05,0.0075287567,-0.002801047,-0.046376348,5000,5000,0,0,1,1
468766564,468766435,3407882,3407882,-0.0002377964,0.00022130701,-5.0165378e-05,0.009534697,0.0054612765,-0.037776574,5000,5000,0,0,1,1
469266565,469266435,3407882,3407882,-0.00018664284,-0.0002368521,-4.655715e-06,0.0030270463,-0.005170641,-0.03943152,5000,5000,0,0,1,1
469766564,469766435,3407882,3407882,7.233792e-05,-0.00017059551,7.8433164e-05,0.0008935859,-0.0028970148,-0.049949184,5000,5000,0,0,1,1
470266583,470266435,3407882,3407882,-0.00018111958,-8.721698e-05,7.7101664e-05,-0.013131306,0.0066539375,-0.044934426,5000,5000,0,0,1,1
470766563,470766434,3407882,3407882,-0.00017973722,-2.5445237e-05,6.5072386e-06,0.00477407,-0.006045673,-0.045244373,4999,4999,0,0,1,1
471271563,471271435,3407882,3407882,-9.78681e-05,1.7673341e-05,5.1684806e-06,-0.006480742,0.0034783857,-0.051586006,5000,5000,0,0,1,1
471771562,471771435,3407882,3407882,-0.00062009983,-0.00010651623,-0.00014608132,0.0068451073,0.007574438,-0.050119083,5000,5000,0,0,1,1
472266564,472266435,3407882,3407882,-0.00022007065,0.00020129689,-0.0001038299,0.0064428463,0.0013932798,-0.061175924,5001,5001,0,0,1,1
472766565,472766435,3407882,3407882,-1.0186338e-05,4.4091346e-05,8.9456e-05,0.012062023,-0.0076500014,-0.05608298,5000,5000,0,0,1,1
473266563,473266435,3407882,3407882,0.00026655174,-0.00017572189,9.6677315e-05,0.00067562505,0.00070460467,-0.04481588,5000,5000,0,0,1,1
473766562,473766435,3407882,3407882,0.00043004862,-0.00010582866,3.5420064e-05,-0.016396852,-0.0042599896,-0.040250033,5000,5000,0,0,1,1
474266589,474266459,3407882,3407882,-0.0003364136,0.00018463883,-6.9157635e-05,0.0017110778,0.014553537,-0.049379285,5024,5024,0,0,1,1
474771563,474771435,3407882,3407882,0.00042776018,-2.446159e-05,9.7986725e-05,-0.006974509,-0.004292027,-0.05108816,5000,5000,0,0,1,1
475271563,475271435,3407882,3407882,-0.00014364575,0.00019719626,-4.0870195e-06,0.003262396,-0.0024097853,-0.049428195,5000,5000,0,0,1,1
475766565,475766435,3407882,3407882,0.00042091394,4.284359e-05,9.732215e-05,0.0024184464,-0.01026828,-0.049050253,5000,5000,0,0,1,1
476266565,476266435,3407882,3407882,-0.0004580134,6.916385e-05,-3.1060452e-05,-0.004392501,0.008637576,-0.053602763,5000,5000,0,0,1,1
476766565,476766435,3407882,3407882,3.6910173e-05,0.00019894989,-2.4847875e-06,0.010087994,0.001421614,-0.05200593,5000,5000,0,0,1,1
477266563,477266435,3407882,3407882,3.8855524e-05,-9.104037e-05,7.883717e-05,0.006282961,-0.010379263,-0.04442471,5000,5000,0,0,1,1
477766565,477766435,3407882,3407882,-0.00038719404,2.676332e-06,-7.301323e-05,0.0059117684,0.0047975476,-0.047566146,5000,5000,0,0,1,1
478271563,478271435,3407882,3407882,-0.00013073174,-0.00013226247,4.6618126e-05,0.004609111,-0.009018834,-0.043653116,5000,5000,0,0,1,1
478771565,478771435,3407882,3407882,-0.00037766717,-0.00014676646,0.00010607166,0.0025902386,0.0011448389,-0.047215465,5000,5000,0,0,1,1
479266564,479266435,3407882,3407882,0.00026391746,1.7032477e-05,3.228973e-05,-0.004842171,-0.007173687,-0.049018648,5000,5000,0,0,1,1
479766564,479766435,3407882,3407882,0.0009508043,-9.598155e-05,3.812418e-05,-0.010947991,-0.000607258,-0.055328153,5000,5000,0,0,1,1
480266564,480266435,3407882,3407882,0.00052038336,1.3002515e-06,-1.5507223e-05,0.0010617282,-0.010390515,-0.045663517,5000,5000,0,0,1,1
480766563,480766435,3407882,3407882,-0.00066270266,0.00018066463,-0.00013052436,-0.0038139212,0.0084885955,-0.04655536,5000,5000,0,0,1,1
481266564,481266435,3407882,3407882,0.00055973534,-0.000264896,-3.53558e-05,-0.007902703,-0.010081885,-0.048082083,5000,5000,0,0,1,1
481771560,481771435,3407882,3407882,-0.00012619667,-2.305165e-05,-8.57227e-05,0.004704575,-0.00025514746,-0.050321136,5000,5000,0,0,1,1
482271563,482271435,3407882,3407882,-0.00016511294,-0.00019909674,0.0001470616,0.000101664635,-0.0036546055,-0.039989877,5000,5000,0,0,1,1
482766564,482766435,3407882,3407882,4.179741e-05,-9.754736e-05,4.9842372e-05,0.007941074,0.0007122399,-0.059375312,5000,5000,0,0,1,1
483266565,483266435,3407882,3407882,-0.0004913297,0.000101395155,-5.3349973e-05,0.007894855,-0.00012619876,-0.049629625,5000,5000,0,0,1,1
483766564,483766435,3407882,3407882,-0.00014634246,-1.8138006e-05,-8.501894e-05,-0.002395913,0.002996229,-0.05214804,5000,5000,0,0,1,1
484266563,484266435,3407882,3407882,0.00019821135,5.4210273e-06,-6.64474e-06,-0.0032379238,0.010989901,-0.060614664,5000,5000,0,0,1,1
484766563,484766435,3407882,3407882,-0.00021369409,0.00012614347,2.3509901e-05,-0.006588147,0.003795229,-0.0499198,5000,5000,0,0,1,1
485271563,485271435,3407882,3407882,-0.000557843,1.2093122e-05,3.350588e-05,-0.004239568,0.0092485165,-0.050453592,5001,5001,0,0,1,1
485771575,485771445,3407882,3407882,0.0003414418,7.1512484e-05,0.000105390114,0.0027410944,-0.0011282825,-0.052012533,5010,5010,0,0,1,1
486266563,486266435,3407882,3407882,-0.00024227878,7.078835e-05,-0.000110009816,-0.0042127785,0.0034768162,-0.055092625,5000,5000,0,0,1,1
486766565,486766435,3407882,3407882,0.00013002555,-0.00021091943,-6.442697e-05,-0.015296465,-0.0003876633,-0.042805605,5000,5000,0,0,1,1
487266564,487266435,3407882,3407882,5.872034e-05,-0.00030921018,4.6147793e-06,0.0010960336,-0.009930142,-0.046233892,5000,5000,0,0,1,1
487766563,487766435,3407882,3407882,-0.000405206,-0.00013992815,-2.3186569e-05,0.0020338537,0.003517475,-0.04640547,5000,5000,0,0,1,1
488266566,488266435,3407882,3407882,0.0005564841,-0.00022137775,0.00016036093,0.0041818377,0.0043306095,-0.048143335,5000,5000,0,0,1,1
488771579,488771443,3407882,3407882,-8.911467e-05,0.00012123629,-1.9839477e-05,-0.002754614,-0.008343746,-0.051247053,5008,5008,0,0,1,1
489271561,489271435,3407882,3407882,-2.4149362e-05,-0.00015988474,-3.986022e-05,-0.0119480705,0.004751577,-0.04254099,5000,5000,0,0,1,1
489766565,489766435,3407882,3407882,-0.0004037201,4.642905e-05,-8.312906e-05,-0.0147706885,0.0044635967,-0.048198964,5000,5000,0,0,1,1
490266565,490266435,3407882,3407882,0.00042227082,-0.00012414745,1.1217271e-05,-0.008971225,-0.0076611796,-0.041132987,5000,5000,0,0,1,1
490766564,490766434,3407882,3407882,-9.288606e-05,-9.233878e-05,8.4003215e-05,0.0036311713,0.0023382173,-0.04869056,5000,5000,0,0,1,1
491266562,491266435,3407882,3407882,-0.0005965833,0.00016045611,-0.00012282844,0.0043551223,0.010157971,-0.04530928,5000,5000,0,0,1,1
491766564,491766435,3407882,3407882,-0.00039723556,0.00011917361,-8.512278e-05,-0.00034376315,0.010308845,-0.052085932,5000,5000,0,0,1,1
492271563,492271435,3407882,3407882,-0.00026107152,-5.3420434e-05,-0.00010693383,-0.0011859458,-0.00026088985,-0.04385519,5000,5000,0,0,1,1
492771563,492771435,3407882,3407882,-0.00013918741,-8.014616e-05,6.995757e-05,0.0061720316,-0.0043335236,-0.046344075,5000,5000,0,0,1,1
493266564,493266435,3407882,3407882,0.00011951154,8.1779806e-05,3.8360267e-05,0.006160884,-0.005522287,-0.052004304,5000,5000,0,0,1,1
493766563,493766435,3407882,3407882,-0.00015298314,-0.00012755893,-5.0734816e-05,0.004379026,-0.008817428,-0.049903836,5000,5000,0,0,1,1
494266563,494266435,3407882,3407882,-0.00019307787,0.00022367098,4.286753e-06,0.0036892022,0.00444255,-0.053136393,5000,5000,0,0,1,1
494766563,494766435,3407882,3407882,-0.0005016094,7.530571e-05,1.2603909e-05,-0.0041729887,0.015758399,-0.045376617,5000,5000,0,0,1,1
495266561,495266435,3407882,3407882,0.00047950543,-7.182524e-05,7.010537e-05,-0.015185854,-0.0069351047,-0.044712853,5000,5000,0,0,1,1
495771563,495771435,3407882,3407882,0.00014807408,5.195563e-05,-4.178496e-05,-0.0047293063,0.0035629924,-0.050961126,5000,5000,0,0,1,1
496271566,496271437,3407882,3407882,0.00039118654,-0.00034910164,9.549693e-05,-0.0046338225,-0.0023397491,-0.041635394,5002,5002,0,0,1,1
496766571,496766441,3407882,3407882,-0.00031314674,0.00028579292,4.796445e-05,0.012874202,0.0028190876,-0.05710047,5006,5006,0,0,1,1
497266571,497266435,3407882,3407882,-0.000403288,0.00016325164,-8.264591e-05,-0.0053419545,0.0039880793,-0.051305167,5001,5001,0,0,1,1
497766563,497766435,3407882,3407882,-0.0003630916,0.00014237552,-4.5559656e-05,-0.00040617088,0.008458263,-0.058460932,5000,5000,0,0,1,1
498266563,498266435,3407882,3407882,-0.00051225204,1.4102919e-05,-0.00010473411,0.007936433,0.011547504,-0.04846665,5000,5000,0,0,1,1
498766563,498766435,3407882,3407882,-0.00023615682,0.00016518388,-0.00011688399,-0.013086903,0.008068412,-0.043429907,5000,5000,0,0,1,1
499271571,499271435,3407882,3407882,2.7714406e-05,-0.00022612573,4.115859e-06,-0.0092601525,-0.017066568,-0.06022169,5000,5000,0,0,1,1
499771559,499771435,3407882,3407882,0.00043753456,0.0001574443,5.8469854e-05,-0.0054527405,-0.0077833817,-0.049865197,5000,5000,0,0,1,1
500266564,500266435,3407882,3407882,0.00017722552,-0.00010323043,9.896979e-05,0.0064361566,-0.014433412,-0.041492973,5000,5000,0,0,1,1
500766563,500766435,3407882,3407882,2.2856213e-05,-0.00029378603,-5.9794158e-05,-0.0114352405,-0.003196405,-0.03891335,5000,5000,0,0,1,1
501266564,501266435,3407882,3407882,0.0009250973,3.9103732e-05,7.505965e-05,-0.00045955792,-0.00793959,-0.047659058,5000,5000,0,0,1,1
501766561,501766435,3407882,3407882,-0.00014431289,-6.985658e-05,0.00021067756,0.011048195,0.0010569914,-0.05044039,5000,5000,0,0,1,1
502266597,502266435,3407882,3407882,-0.00037919797,0.00027056204,2.0215455e-05,-0.0018923875,0.003502229,-0.04674002,5000,5000,0,0,1,1
502771563,502771435,3407882,3407882,0.00020224249,0.00023069081,2.266718e-05,-0.013918717,0.0003546636,-0.041302513,5000,5000,0,0,1,1
503271563,503271435,3407882,3407882,-0.00022039685,-0.00022116605,-0.00011696362,0.0009799802,0.0023843788,-0.04445249,5000,5000,0,0,1,1
503766563,503766435,3407882,3407882,0.00014161655,6.457276e-05,6.778249e-05,0.011743918,-0.0052741133,-0.043910746,5000,5000,0,0,1,1
504266570,504266435,3407882,3407882,-0.00022370332,0.00013834839,-0.00016971581,0.0010027624,0.001411638,-0.043996617,5001,5001,0,0,1,1
504766564,504766435,3407882,3407882,-0.00017640153,-2.5454605e-05,-0.00016300874,0.006110341,0.007678666,-0.034148302,5000,5000,0,0,1,1
505266564,505266435,3407882,3407882,-8.1135964e-05,0.00017676689,-8.714595e-06,0.006571472,-0.0038797248,-0.061705045,5000,5000,0,0,1,1
505766564,505766435,3407882,3407882,0.00038593344,-7.442138e-05,3.2049185e-05,-0.0041500926,-0.008191913,-0.037247863,5000,5000,0,0,1,1
506271563,506271435,3407882,3407882,-0.00024281777,0.00032999684,1.8388403e-06,-0.001026238,0.0021728035,-0.059262615,5000,5000,0,0,1,1
506771565,506771435,3407882,3407882,6.908306e-05,0.000109545625,-1.980922e-06,-0.00747926,0.003912497,-0.046154916,5000,5000,0,0,1,1
507266562,507266435,3407882,3407882,-0.00072473235,9.627758e-05,-3.341413e-05,-0.0019543548,0.011467364,-0.04192977,5000,5000,0,0,1,1
507766565,507766435,3407882,3407882,-0.00059896725,0.00033423014,-2.6870064e-05,0.007551324,0.00831563,-0.04781782,5000,5000,0,0,1,1
508266565,508266435,3407882,3407882,0.00017511015,0.00010546691,8.688009e-05,0.009117478,0.0004483798,-0.06147103,5000,5000,0,0,1,1
508766564,508766435,3407882,3407882,0.00054276997,7.1686954e-05,0.00012510818,0.0047839554,-0.009565311,-0.04992155,5000,5000,0,0,1,1
509266562,509266435,3407882,3407882,0.00065369107,-0.00030198152,9.9365665e-05,-0.003231342,-0.0020796894,-0.045641642,5000,5000,0,0,1,1
509771565,509771435,3407882,3407882,-0.00014933535,0.00020914651,2.0901682e-05,-0.0036515452,0.0075966674,-0.053024046,5000,5000,0,0,1,1
510271563,510271435,3407882,3407882,0.0005218772,5.8579248e-05,6.81586e-05,-0.011326652,-0.00033444204,-0.058315728,5001,5001,0,0,1,1
510766563,510766435,3407882,3407882,-0.00019900243,-5.4949065e-05,-2.228909e-05,-0.004520643,0.0010943734,-0.04875264,5000,5000,0,0,1,1
511266565,511266435,3407882,3407882,0.000115716066,-0.00020327233,2.0317768e-05,-0.009066512,-0.0049934466,-0.05182906,5000,5000,0,0,1,1
511766563,511766435,3407882,3407882,-0.0008076746,-2.6170842e-06,-0.0001173552,-0.0006995138,0.008140915,-0.04565224,5000,5000,0,0,1,1
512266564,512266435,3407882,3407882,-3.207196e-05,3.9598657e-05,2.0227371e-05,-0.008401667,0.0062395297,-0.043258503,5000,5000,0,0,1,1
512766562,512766435,3407882,3407882,0.0017908132,0.00062609516,-5.8243502e-05,0.005258056,-0.005011557,-0.038052082,5000,5000,0,0,1,1
513271562,513271434,3407882,3407882,0.0006039912,-2.5240217e-06,0.00014290486,-0.0023193406,-0.006867701,-0.048202053,4999,4999,0,0,1,1
513771563,513771435,3407882,3407882,0.0008544839,-5.7490364e-05,0.00012241727,-0.0052673016,-0.007771776,-0.050995667,5000,5000,0,0,1,1
514266565,514266435,3407882,3407882,-8.1853126e-05,0.0002675904,-0.00011387182,-0.0056864438,0.006302921,-0.04725915,5000,5000,0,0,1,1
514766564,514766435,3407882,3407882,-0.00034332782,-0.00038131984,-9.642225e-05,-0.011922282,-0.0039840466,-0.047588166,4996,4996,0,0,1,1
515266561,515266435,3407882,3407882,0.00045997652,2.7029746e-05,-0.00014765537,-0.01401587,0.0055282717,-0.0445491,5000,5000,0,0,1,1
515766563,515766435,3407882,3407882,-0.00032883935,0.00074692396,0.00010153387,-0.012070585,-0.0025579226,-0.051243465,5000,5000,0,0,1,1
516266563,516266435,3407882,3407882,0.0001103718,-0.00094077724,-2.8528228e-05,-0.011316351,0.0035865302,-0.052472748,5000,5000,0,0,1,1
516771563,516771435,3407882,3407882,-0.00057674944,0.00043419655,3.7816262e-05,0.011874761,0.005945998,-0.049930833,5000,5000,0,0,1,1
517271563,517271434,3407882,3407882,-0.0003997202,-1.9056839e-05,2.755753e-05,-0.0008159087,0.012607346,-0.055448223,4999,4999,0,0,1,1
517766565,517766435,3407882,3407882,0.00093608967,1.6624148e-05,-0.00012288848,-0.012698805,-0.0069191563,-0.045527298,5000,5000,0,0,1,1
518266566,518266435,3407882,3407882,0.0005171582,5.7056917e-05,4.438956e-05,-0.009282354,-0.009986868,-0.048031304,5000,5000,0,0,1,1
518766563,518766435,3407882,3407882,0.0005536476,-0.00015350574,6.2875646e-05,-0.008487354,-0.0072208247,-0.038577367,5000,5000,0,0,1,1
519266562,519266435,3407882,3407882,-0.0003795104,0.00032473556,-6.826132e-05,-0.01421731,0.00346976,-0.048040602,5000,5000,0,0,1,1
519766570,519766435,3407882,3407882,0.0006481598,-0.00027613106,-6.407641e-06,0.0024283908,-0.0060698176,-0.042512145,5000,5000,0,0,1,1
520271573,520271444,3407882,3407882,-0.0006897242,1.3622092e-05,1.3142234e-05,-0.005264512,-0.005820492,-0.03918137,5009,5009,0,0,1,1
520771562,520771435,3407882,3407882,-0.0007346791,-9.418186e-05,-0.00016372264,-0.0068551386,0.0054145204,-0.056026775,5000,5000,0,0,1,1
521266565,521266435,3407882,3407882,5.3492608e-05,-0.00016034138,0.00018365956,0.008073304,-0.0030354068,-0.05042267,5001,5001,0,0,1,1
521766569,521766435,3407882,3407882,-0.00047747412,4.888948e-05,5.9606376e-05,0.0002692978,0.004228909,-0.05838265,5001,5001,0,0,1,1
522266565,522266435,3407882,3407882,0.00021107716,2.2614127e-05,0.00012110957,0.0059520546,0.00023528752,-0.05663712,5000,5000,0,0,1,1
522766563,522766435,3407882,3407882,-7.065818e-05,0.00028938425,-0.00010115827,-0.0026970394,0.0057796733,-0.04366817,5000,5000,0,0,1,1
523266564,523266435,3407882,3407882,1.1113627e-05,1.6569926e-05,-1.4444486e-05,-0.006837501,0.004034172,-0.055546634,5000,5000,0,0,1,1
523771563,523771435,3407882,3407882,-0.00020908385,0.00025867252,9.757715e-05,0.0122364,0.0031927824,-0.051652115,5000,5000,0,0,1,1
524271575,524271438,3407882,3407882,-1.4281962e-05,0.00033554537,1.8449067e-05,-0.0032757518,-0.0010520244,-0.05435435,5003,5003,0,0,1,1
524766563,524766435,3407882,3407882,-0.000456633,0.00039199076,-0.00011808519,0.0016550595,0.008414861,-0.04115518,5000,5000,0,0,1,1
525266564,525266435,3407882,3407882,-0.00020821345,0.00015095575,4.416376e-06,0.00062580867,0.0018550231,-0.050719425,4997,4997,0,0,1,1
525766563,525766435,3407882,3407882,-0.0016703687,-0.000109436456,-7.142342e-06,0.004955323,0.008230493,-0.050234202,5000,5000,0,0,1,1
526266569,526266435,3407882,3407882,0.00025652142,-0.00027515515,-2.2207803e-05,-0.0141234975,-0.0067098993,-0.04558175,5000,5000,0,0,1,1
526766565,526766435,3407882,3407882,-0.00013408213,0.00029184282,-5.6711982e-05,0.0012798391,0.0008779607,-0.044803675,5000,5000,0,0,1,1
527271563,527271435,3407882,3407882,-0.0005995037,-0.00013832953,-9.165719e-05,-0.008785382,0.006512928,-0.052949928,5000,5000,0,0,1,1
527771570,527771442,3407882,3407882,-0.0002505816,0.0001248492,-8.643303e-05,0.0030903528,0.00597819,-0.052554715,5007,5007,0,0,1,1
528266563,528266435,3407882,3407882,0.0008136341,-0.00012472474,0.000100548,-0.0069386023,-0.011028679,-0.04787743,5000,5000,0,0,1,1
528766565,528766435,3407882,3407882,-0.0010860759,-0.00037150818,-0.00012464724,0.0033865192,0.0037842705,-0.0412712,5000,5000,0,0,1,1
529266563,529266435,3407882,3407882,-6.163005e-05,-2.678974e-05,2.9506635e-05,-0.013298476,0.0056625865,-0.043541495,4999,4999,0,0,1,1
529766563,529766435,3407882,3407882,0.0027365491,0.0023911134,-0.002288764,0.0013154224,0.0019140218,-0.046652332,5000,5000,0,0,1,1
530266563,530266435,3407882,3407882,0.00069110346,-0.00011715328,-0.00015695828,-0.00062691286,-0.008716087,-0.053219035,5000,5000,0,0,1,1
530771569,530771440,3407882,3407882,0.000108442844,-2.3534754e-05,0.00011599337,-0.0010705157,-0.0076913442,-0.04882958,5005,5005,0,0,1,1
531271563,531271435,3407882,3407882,-0.00012178157,0.00023517074,3.559729e-05,0.001054923,-0.0058157803,-0.049081795,5000,5000,0,0,1,1
531766565,531766435,3407882,3407882,-3.839255e-05,0.00011328071,-3.493955e-05,0.0003566592,-0.0070251357,-0.047978606,5000,5000,0,0,1,1
532266565,532266435,3407882,3407882,-1.2613178e-05,-2.2337933e-06,5.2763164e-05,0.001300459,-0.007236675,-0.050715044,5000,5000,0,0,1,1
532766563,532766435,3407882,3407882,5.1537412e-05,-2.483515e-05,5.795473e-05,0.0017852716,-0.0066836057,-0.04832256,5000,5000,0,0,1,1
533266567,533266435,3407882,3407882,1.1564179e-05,-1.0698299e-05,-6.547219e-05,0.0018314987,-0.006593022,-0.048197813,5000,5000,0,0,1,1
533766566,533766435,3407882,3407882,9.579067e-06,3.9258072e-08,2.4201754e-05,0.001218238,-0.0062865475,-0.048578933,4999,4999,0,0,1,1
