timestamp,rollspeed_integ,pitchspeed_integ,yawspeed_integ,wheel_rate_integ
267115095,0.0,0.0,0.0,0.0
267116344,0.0,0.0,0.0,0.0
267315091,0.0,0.0,0.0,0.0
267515092,0.0,0.0,0.0,0.0
267717589,0.0,0.0,0.0,0.0
267917590,0.0,0.0,0.0,0.0
268117597,0.0,0.0,0.0,0.0
268316338,0.0,0.0,0.0,0.0
268516338,0.0,0.0,0.0,0.0
268715089,0.0,0.0,0.0,0.0
268915088,0.0,0.0,0.0,0.0
269117588,-0.0014754639,0.0009790566,-4.5949415e-05,0.0
269317587,-0.0033119565,0.0022143354,4.092949e-05,0.0
269517586,-0.0050814017,0.0033397742,2.4725285e-05,0.0
269716339,-0.006781494,0.0044891727,5.6108736e-05,0.0
269916346,-0.008441068,0.0054643657,9.3927694e-05,0.0
270115088,-0.010046521,0.0063184174,0.00010140498,0.0
270315093,-0.011692955,0.006912334,0.00014224951,0.0
270517587,-0.013503858,0.007508157,0.00016949177,0.0
270717587,-0.015071222,0.0077177575,0.00023872995,0.0
270917589,-0.016847039,0.007998152,0.00022567494,0.0
271116338,-0.018487569,0.007132282,0.0002193811,0.0
271316338,-0.01980854,0.0035531952,-0.0009039797,0.0
271515089,-0.016083311,-0.0007458512,-0.0044714324,0.0
271715096,-0.013890582,-0.004188302,-0.007801986,0.0
271917587,-0.014006931,-0.0051524946,-0.011045772,0.0
272117587,-0.010162101,-0.0033525848,-0.013757555,0.0
272317586,-0.0084086945,-0.004703167,-0.015773332,0.0
272516338,-0.008129097,-0.0075278035,-0.017359966,0.0
272716338,-0.007159223,-0.004202287,-0.01862736,0.0
272915089,-0.0052875145,-0.0059174527,-0.019566767,0.0
273115091,-0.0057368116,-0.007578767,-0.020478085,0.0
273317587,-0.0052956063,-0.006953657,-0.021406211,0.0
273517589,-0.004408519,-0.008101936,-0.022283714,0.0
273717589,-0.0039695576,-0.009355612,-0.023097754,0.0
273916339,-0.003678412,-0.010190748,-0.023768252,0.0
274116339,-0.004173946,-0.010815806,-0.024357669,0.0
274315090,-0.0041062715,-0.011408312,-0.024944639,0.0
274515090,-0.0036231212,-0.011321633,-0.025514519,0.0
274717587,-0.004217663,-0.011329286,-0.026017595,0.0
274917588,-0.0039249435,-0.011350333,-0.026443385,0.0
275117591,-0.004159635,-0.011225325,-0.026776126,0.0
275316339,-0.0042624683,-0.011314366,-0.027094258,0.0
275516338,-0.003980492,-0.011251098,-0.027340654,0.0
275715089,-0.00397555,-0.010850039,-0.027558425,0.0
275915090,-0.0033488304,-0.011014917,-0.027760684,0.0
276117594,-0.0027277872,-0.011394431,-0.027925886,0.0
276317587,-0.0033472448,-0.011339574,-0.028062642,0.0
276517587,-0.00329946,-0.01133121,-0.028225599,0.0
276716339,-0.003628386,-0.011603376,-0.028407447,0.0
276916338,-0.003957996,-0.010813412,-0.028606534,0.0
277115089,-0.004058359,-0.010214254,-0.02884995,0.0
277315089,-0.0047589084,-0.010334492,-0.029107997,0.0
277517587,-0.004630366,-0.009964788,-0.029441942,0.0
277717586,-0.0041132257,-0.010246987,-0.029746728,0.0
277917587,-0.005293537,-0.010864188,-0.030023117,0.0
278116338,-0.0052105803,-0.010877001,-0.03032146,0.0
278316340,-0.0045190263,-0.010899634,-0.030676305,0.0
278515090,-0.004841409,-0.011753999,-0.031079426,0.0
278715088,-0.003515152,-0.011831069,-0.03151593,0.0
278917587,-0.0056283884,-0.011866412,-0.031948034,0.0
279117587,-0.004889279,-0.011475942,-0.032431852,0.0
279317588,-0.003931781,-0.011141093,-0.032956947,0.0
279516338,-0.0051912544,-0.011440563,-0.033508886,0.0
279716338,-0.0051639425,-0.011929466,-0.03407274,0.0
279915090,-0.0056285746,-0.012123113,-0.034587186,0.0
280115088,-0.0052789976,-0.011858621,-0.035068016,0.0
280317586,-0.0053286916,-0.011844705,-0.035452288,0.0
280517587,-0.0050773514,-0.011394438,-0.035755116,0.0
280717586,-0.0050004153,-0.01129657,-0.03596533,0.0
280916338,-0.0055526155,-0.011312165,-0.036142915,0.0
281116338,-0.0056950264,-0.011304868,-0.036300376,0.0
281315089,-0.0054174038,-0.01163126,-0.036490023,0.0
281515089,-0.005692084,-0.011095174,-0.03671662,0.0
281717587,-0.005764294,-0.011143418,-0.036976546,0.0
281917588,-0.0061609745,-0.010810838,-0.03720717,0.0
282117587,-0.006562004,-0.010421403,-0.037483096,0.0
282316339,-0.006439196,-0.009550169,-0.037758563,0.0
282516340,-0.005645586,-0.009105163,-0.037996918,0.0
282715089,-0.0057090744,-0.009389776,-0.038204264,0.0
282915090,-0.006271106,-0.009094078,-0.038398117,0.0
283117589,-0.006648582,-0.008996652,-0.03858611,0.0
283317588,-0.0070994236,-0.008712189,-0.038680878,0.0
283517588,-0.0070328387,-0.008750411,-0.03869999,0.0
283716338,-0.0071776435,-0.008472688,-0.03868934,0.0
283916339,-0.0069375695,-0.00863742,-0.038664576,0.0
284115089,-0.0068346555,-0.007908844,-0.03858667,0.0
284315090,-0.0071786875,-0.0077290894,-0.038505964,0.0
284517587,-0.007021354,-0.0075581684,-0.03842581,0.0
284717596,-0.0065863156,-0.007941507,-0.038384277,0.0
284917590,-0.006435384,-0.00794373,-0.0382877,0.0
285116339,-0.005231556,-0.008750171,-0.038094003,0.0
285316338,-0.005399803,-0.007946849,-0.03784982,0.0
285515092,-0.0054184175,-0.007709258,-0.03763562,0.0
285715090,-0.006217437,-0.007912102,-0.037395053,0.0
285917596,-0.0058198827,-0.007982895,-0.037124626,0.0
286117587,-0.0057180854,-0.008008002,-0.036811657,0.0
286317588,-0.0058867233,-0.008595151,-0.03648514,0.0
286516346,-0.0055563925,-0.009614082,-0.036184218,0.0
286716338,-0.005548259,-0.00923945,-0.035835817,0.0
286915090,-0.005516526,-0.008620379,-0.03545861,0.0
287115090,-0.0049626334,-0.008342399,-0.035199165,0.0
287317587,-0.005013112,-0.007909548,-0.035036683,0.0
287517587,-0.004331942,-0.008218257,-0.034923147,0.0
287717589,-0.0046556857,-0.0078695435,-0.034815922,0.0
287916339,-0.004921475,-0.0075180284,-0.034640364,0.0
288116338,-0.0045629344,-0.0070751426,-0.034331962,0.0
288315096,-0.0037438057,-0.0064343433,-0.033934813,0.0
288515089,-0.004015109,-0.0055665774,-0.033519328,0.0
288717587,-0.0032024162,-0.004890293,-0.033039298,0.0
288917589,-0.002663795,-0.0035233637,-0.0324292,0.0
289117588,-0.001769594,-0.0026638857,-0.03174368,0.0
289316344,-0.0015709015,-0.0030908834,-0.030935522,0.0
289516343,-0.001192484,-0.0032063187,-0.030069571,0.0
289715089,-0.00094402645,-0.003263964,-0.02915882,0.0
289915090,-0.00042913455,-0.0033242302,-0.028245557,0.0
290117589,-0.0007236475,-0.003322574,-0.02743028,0.0
290317589,-0.00016326258,-0.0039488305,-0.026628114,0.0
290517587,-0.00048351818,-0.0043122596,-0.02588091,0.0
290716366,-0.00092245085,-0.0038398793,-0.025117496,0.0
290916349,-0.0008260474,-0.0042277854,-0.024383679,0.0
291115090,-0.00080707285,-0.0047779945,-0.023676239,0.0
291315090,-0.0013050712,-0.005017529,-0.023074634,0.0
291517587,-0.00064368075,-0.0056187287,-0.022510244,0.0
291717587,-0.00018191196,-0.005466821,-0.021989852,0.0
291917588,0.0008250389,-0.0063810474,-0.021592194,0.0
292116340,0.0007193999,-0.007837601,-0.021195026,0.0
292316337,0.00045500425,-0.007790105,-0.020836063,0.0
292515088,0.0014387693,-0.007864529,-0.020439215,0.0
292715088,0.0021223,-0.009533602,-0.020074049,0.0
292917587,0.0021904006,-0.010228102,-0.019843176,0.0
293117588,0.0020406668,-0.009790074,-0.019740613,0.0
293317594,0.0029350726,-0.008653819,-0.019741032,0.0
293516341,0.0032612,-0.008329564,-0.019686665,0.0
293716339,0.003449843,-0.007489596,-0.019631693,0.0
293915089,0.0040071285,-0.0077001005,-0.01957067,0.0
294115089,0.0039736275,-0.007781787,-0.019403778,0.0
294317589,0.0043138415,-0.008164991,-0.019206442,0.0
294517588,0.0032722806,-0.008071595,-0.018977862,0.0
294717590,0.0042086,-0.009393462,-0.018837523,0.0
294916338,0.0044877175,-0.00942531,-0.018677583,0.0
295116345,0.0038211604,-0.009337281,-0.018471863,0.0
295315089,0.004789665,-0.010324922,-0.018253526,0.0
295515090,0.0049302564,-0.011567771,-0.018043417,0.0
295717588,0.006761584,-0.01191187,-0.01788858,0.0
295917588,0.00858607,-0.012853459,-0.017689085,0.0
296117587,0.008447164,-0.013589034,-0.017489204,0.0
296316339,0.007548528,-0.014678951,-0.01736578,0.0
296516338,0.00747201,-0.015838621,-0.017252432,0.0
296715090,0.0067437817,-0.01721993,-0.017217806,0.0
296915096,0.0067691943,-0.017303111,-0.017440176,0.0
297117587,0.0075044394,-0.017405882,-0.018067595,0.0
297317588,0.007066308,-0.0180728,-0.019002741,0.0
297517588,0.006831995,-0.017820572,-0.020377614,0.0
297716338,0.007071227,-0.01857099,-0.022150988,0.0
297916339,0.0062185596,-0.01982783,-0.02430855,0.0
298115089,0.004801726,-0.020204818,-0.026727121,0.0
298315090,0.0043840245,-0.020331062,-0.029257381,0.0
298517587,0.004214308,-0.018656692,-0.03184031,0.0
298717586,0.0037454448,-0.017717382,-0.034222923,0.0
298917586,0.0037017148,-0.016408503,-0.036383428,0.0
299116339,0.003323475,-0.014911341,-0.03818129,0.0
299316387,0.0035115837,-0.013929608,-0.039651036,0.0
299515090,0.003028105,-0.01308447,-0.040979203,0.0
299715089,0.0023920294,-0.012500713,-0.042218026,0.0
299917586,0.0029671572,-0.010757252,-0.04331952,0.0
300117580,0.004009865,-0.008445879,-0.044141125,0.0
300317589,0.0038471017,-0.006615236,-0.044838175,0.0
300516375,0.0023612913,-0.0052961567,-0.04556784,0.0
300716393,0.003906905,-0.004832904,-0.046282884,0.0
300915089,0.0049300925,-0.0038392548,-0.046877082,0.0
301115090,0.0046982486,-0.0036955345,-0.047461685,0.0
301317588,0.005944623,-0.0039627086,-0.048092276,0.0
301517588,0.005667503,-0.004283247,-0.048625655,0.0
301717588,0.0066487454,-0.004248573,-0.049019616,0.0
301916393,0.0067339777,-0.00331328,-0.04921478,0.0
302116360,0.0071379174,-0.0028352314,-0.049134567,0.0
302315089,0.0060506053,-0.0037409372,-0.048938904,0.0
302515094,0.0078918915,-0.003941992,-0.048677236,0.0
302717588,0.010064402,-0.004538281,-0.048267044,0.0
302917588,0.010494496,-0.00522012,-0.04786667,0.0
303117587,0.011540274,-0.004514278,-0.04751389,0.0
303316346,0.011873966,-0.0036843738,-0.047191758,0.0
303516345,0.013585857,-0.0034055035,-0.0469303,0.0
303715096,0.014325896,-0.0033243948,-0.046752848,0.0
303915089,0.01483417,-0.0023173196,-0.046713095,0.0
304117588,0.015859235,-0.0026245797,-0.046806194,0.0
304317588,0.016212389,-0.0021860888,-0.047086883,0.0
304517588,0.016327659,-0.0016027837,-0.047551196,0.0
304716338,0.0153119005,-0.0025930637,-0.048086055,0.0
304916339,0.015095238,-0.0029026081,-0.04867764,0.0
305115090,0.014764206,-0.0031958157,-0.049355276,0.0
305315090,0.014176439,-0.0037349449,-0.050183058,0.0
305517587,0.012193107,-0.0049021025,-0.051141627,0.0
305717589,0.010855662,-0.0061052334,-0.052061103,0.0
305917587,0.010578583,-0.006157998,-0.05277769,0.0
306116340,0.008557785,-0.0067969467,-0.053253163,0.0
306316339,0.0070073702,-0.0075942907,-0.05347771,0.0
306515090,0.005240306,-0.007740506,-0.053395018,0.0
306715090,0.002980178,-0.008148055,-0.053122003,0.0
306917587,0.0021645876,-0.008568169,-0.0527628,0.0
307117587,0.0015542068,-0.0084456755,-0.052385695,0.0
307317588,0.0012934194,-0.008288719,-0.05204463,0.0
307516337,-0.00031464797,-0.008228172,-0.05172732,0.0
307716339,1.3124857e-05,-0.008504369,-0.051356405,0.0
307915090,-0.00076021027,-0.008773829,-0.050860494,0.0
308115089,-0.0018014389,-0.008976034,-0.050270386,0.0
308317588,-0.00029884404,-0.008545567,-0.049524166,0.0
308517588,-0.00040278738,-0.008009375,-0.048760246,0.0
308717588,-0.0009866018,-0.006220616,-0.048231144,0.0
308916338,7.3409974e-05,-0.005114067,-0.04795387,0.0
309116338,0.000878701,-0.0044205636,-0.047903113,0.0
309315089,0.0018271008,-0.003992461,-0.047997195,0.0
309515089,0.0019311336,-0.004044388,-0.048118025,0.0
309717588,0.0029382904,-0.004161058,-0.0481826,0.0
309917589,0.0036172168,-0.0031706046,-0.04816483,0.0
310117590,0.003775885,-0.0028619508,-0.048033196,0.0
310316344,0.0028813682,-0.0035736319,-0.047846474,0.0
310516341,0.003688445,-0.0039705476,-0.047709774,0.0
310715090,0.0033962685,-0.005012694,-0.047670998,0.0
310915089,0.003106458,-0.0063738013,-0.047728393,0.0
311117605,0.00262808,-0.0062011047,-0.04780938,0.0
311317587,0.003172484,-0.0063859597,-0.04783241,0.0
311517588,0.0010387216,-0.0075974623,-0.04775281,0.0
311716340,-0.0003846792,-0.0072012325,-0.0476715,0.0
311916340,-0.0023522694,-0.0076045822,-0.047549464,0.0
312115090,-0.0022804071,-0.008184959,-0.047387283,0.0
312315090,-0.0027470617,-0.008754085,-0.047172576,0.0
312517588,-0.00309294,-0.009376712,-0.046936166,0.0
312717589,-0.0045852596,-0.009950937,-0.04675554,0.0
312917589,-0.0049692527,-0.010202177,-0.046647333,0.0
313116338,-0.0053917337,-0.010806648,-0.046656158,0.0
313316351,-0.006513441,-0.011710736,-0.04672274,0.0
313515090,-0.0070770695,-0.011975926,-0.046937034,0.0
313715090,-0.0072564725,-0.012392772,-0.04724353,0.0
313917587,-0.0068353303,-0.011561324,-0.047520228,0.0
314117587,-0.0077695064,-0.012000079,-0.047796465,0.0
314317593,-0.008413461,-0.011243498,-0.04809553,0.0
314516343,-0.008168662,-0.010163796,-0.048397098,0.0
314716338,-0.008457142,-0.008975848,-0.048623215,0.0
314915090,-0.008547333,-0.008720564,-0.04880674,0.0
315115090,-0.008143158,-0.007543506,-0.04891805,0.0
315317587,-0.008620405,-0.006803107,-0.04900543,0.0
315517587,-0.008012348,-0.006298754,-0.049187936,0.0
315717587,-0.008270989,-0.0057091145,-0.04941283,0.0
315916338,-0.008094036,-0.0053478573,-0.04971163,0.0
316116338,-0.008822983,-0.006684008,-0.05002683,0.0
316315090,-0.009280336,-0.0069657457,-0.050339,0.0
316515089,-0.009557938,-0.007477792,-0.050593887,0.0
316717589,-0.00945798,-0.007969152,-0.05077186,0.0
316917594,-0.009915998,-0.009186854,-0.050938364,0.0
317117587,-0.010373944,-0.008588573,-0.05103767,0.0
317316341,-0.010929368,-0.009345948,-0.051104806,0.0
317516341,-0.010878174,-0.010284277,-0.05111084,0.0
317715088,-0.009909595,-0.01020886,-0.05109146,0.0
317915090,-0.010283516,-0.010301959,-0.051061578,0.0
318117587,-0.010135708,-0.0111045865,-0.05103554,0.0
318317588,-0.009881593,-0.011784407,-0.050984383,0.0
318517587,-0.010100112,-0.011669926,-0.050881844,0.0
318716340,-0.009858307,-0.011892462,-0.05073046,0.0
318916340,-0.009945504,-0.011778233,-0.05046223,0.0
319115089,-0.00985359,-0.011816005,-0.05011277,0.0
319315090,-0.010119229,-0.011711718,-0.04971835,0.0
319517588,-0.009870217,-0.011774929,-0.049351554,0.0
319717587,-0.009826799,-0.0122639425,-0.048987977,0.0
319917596,-0.0095169665,-0.012098623,-0.04861631,0.0
320116339,-0.009216833,-0.0113739185,-0.048238575,0.0
320316339,-0.00970135,-0.011073546,-0.047904365,0.0
320516347,-0.010555331,-0.010348087,-0.047634054,0.0
320715090,-0.010886675,-0.010475696,-0.047453273,0.0
320917587,-0.010628912,-0.010165216,-0.047210857,0.0
321117589,-0.009764563,-0.010023926,-0.04693229,0.0
321317588,-0.00987533,-0.009931196,-0.046596706,0.0
321516338,-0.009277662,-0.009960489,-0.04622318,0.0
321716338,-0.008823205,-0.009972024,-0.045939025,0.0
321915090,-0.009177246,-0.009386876,-0.045815803,0.0
322115090,-0.009661746,-0.008854916,-0.04578172,0.0
322317586,-0.009551052,-0.008746719,-0.04590587,0.0
322517587,-0.010550081,-0.008840342,-0.046160266,0.0
322717587,-0.010800234,-0.008564961,-0.046471458,0.0
322916340,-0.009799398,-0.007665064,-0.046889666,0.0
323116338,-0.009773906,-0.008414574,-0.04729171,0.0
323315088,-0.010187677,-0.008122669,-0.047628455,0.0
323515089,-0.010197654,-0.007761685,-0.047871437,0.0
323717587,-0.010590132,-0.007564873,-0.048083004,0.0
323917586,-0.0104894545,-0.008011885,-0.04828803,0.0
324117587,-0.010870729,-0.0078740595,-0.048479673,0.0
324316338,-0.010123775,-0.0072075347,-0.0486719,0.0
324516339,-0.009747198,-0.008640809,-0.048778575,0.0
324715090,-0.00969172,-0.008859783,-0.048814952,0.0
324915088,-0.009842325,-0.009704069,-0.04870388,0.0
325117586,-0.009593004,-0.010714211,-0.048470642,0.0
325317586,-0.010091094,-0.010921208,-0.048172068,0.0
325517595,-0.009568751,-0.011996481,-0.047820218,0.0
325716339,-0.010018243,-0.011984716,-0.04738,0.0
325916338,-0.009520961,-0.011619273,-0.046939876,0.0
326115090,-0.008592006,-0.011470948,-0.046470784,0.0
326315088,-0.008804004,-0.011484055,-0.04603921,0.0
326517587,-0.008938629,-0.010896872,-0.045807716,0.0
326717588,-0.008464045,-0.010207024,-0.045723405,0.0
326917587,-0.009080172,-0.010045172,-0.045626894,0.0
327116340,-0.00945654,-0.010886127,-0.045508068,0.0
327316339,-0.009555501,-0.010680425,-0.045296907,0.0
327515090,-0.010293152,-0.010063941,-0.044979062,0.0
327715090,-0.009974897,-0.009217231,-0.044547446,0.0
327917587,-0.010193351,-0.009644866,-0.043947127,0.0
328117587,-0.008724904,-0.01005994,-0.043369267,0.0
328317587,-0.009243185,-0.010129931,-0.042820554,0.0
328516341,-0.0090119615,-0.009752599,-0.042281926,0.0
328716380,-0.008000923,-0.009614653,-0.041763797,0.0
328915089,-0.007770319,-0.010395946,-0.0413573,0.0
329115091,-0.007235166,-0.011676304,-0.04107943,0.0
329317590,-0.007516191,-0.011965364,-0.040877637,0.0
329517587,-0.0072607924,-0.013239029,-0.040786006,0.0
329717587,-0.0067888238,-0.012579358,-0.040599655,0.0
329916342,-0.006592616,-0.013482733,-0.040335592,0.0
330116342,-0.005915326,-0.013613936,-0.04001333,0.0
330315091,-0.0057893046,-0.013900249,-0.039692413,0.0
330515089,-0.0047289343,-0.013593922,-0.03938375,0.0
330717587,-0.0055698664,-0.014299981,-0.03897864,0.0
330917587,-0.0062114946,-0.013979967,-0.038541246,0.0
331117586,-0.005943629,-0.014318518,-0.03799347,0.0
331316340,-0.0075376807,-0.0145121245,-0.037356842,0.0
331516340,-0.007859118,-0.014511547,-0.03680148,0.0
331715098,-0.008557347,-0.013949548,-0.03636826,0.0
331915090,-0.0070837922,-0.013380178,-0.03599477,0.0
332117588,-0.0059227096,-0.012913168,-0.035533927,0.0
332317588,-0.0051162024,-0.0126911085,-0.03512257,0.0
332517587,-0.0044933003,-0.012708191,-0.034768052,0.0
332716338,-0.004408523,-0.010947769,-0.034413926,0.0
332916338,-0.0029302014,-0.009675875,-0.034042034,0.0
333115089,-0.0019301658,-0.008527015,-0.03359328,0.0
333315089,-0.0012713321,-0.006936004,-0.033082034,0.0
333517587,-0.0007123339,-0.006350115,-0.03257613,0.0
333717586,-0.0021692421,-0.0045362897,-0.03210772,0.0
333917587,-0.003258624,-0.004098481,-0.031782,0.0
334116339,-0.004559157,-0.0033031504,-0.031602517,0.0
334316338,-0.006295165,-0.003243499,-0.031508643,0.0
334515089,-0.007586433,-0.002187878,-0.031377897,0.0
334715089,-0.0089353165,-0.0011703863,-0.031151235,0.0
334917586,-0.008615867,-0.00096661353,-0.030856393,0.0
335117588,-0.008703737,-0.00091949233,-0.030630603,0.0
335317588,-0.008873039,-0.00092771766,-0.030525666,0.0
335516346,-0.007745361,-0.0008267477,-0.030355746,0.0
335716339,-0.007919473,-0.0009558752,-0.03006457,0.0
335915090,-0.0076584863,-0.0017586771,-0.029643552,0.0
336115099,-0.006593522,-0.0025014249,-0.029033493,0.0
336317588,-0.006323135,-0.0028184694,-0.028292848,0.0
336517589,-0.0057915603,-0.002882685,-0.027589887,0.0
336717588,-0.0059222016,-0.0022418045,-0.027084047,0.0
336916342,-0.0063258177,-0.002036798,-0.02683147,0.0
337116343,-0.0045552896,-0.002039672,-0.026626835,0.0
337315090,-0.003987246,-0.002325432,-0.026353244,0.0
337515090,-0.0028829756,-0.0019505307,-0.026135758,0.0
337717590,-0.0020152135,-0.0026318424,-0.026056314,0.0
337917590,-0.0015847576,-0.0029365243,-0.026106447,0.0
338117598,-0.0010082116,-0.003833741,-0.02620444,0.0
338316341,-0.001294749,-0.0047507836,-0.02625468,0.0
338516340,-0.0010241021,-0.005711283,-0.026331393,0.0
338715090,-0.00024233665,-0.0074007544,-0.026520804,0.0
338915092,-0.00035071067,-0.008274249,-0.026705937,0.0
339117587,-0.00093685306,-0.007877758,-0.026935866,0.0
339317589,-0.002145827,-0.008016602,-0.027243834,0.0
339517587,-0.0021695783,-0.008593756,-0.027625745,0.0
339716338,-0.00311581,-0.008353632,-0.028162591,0.0
339916342,-0.0028094032,-0.009501355,-0.02881776,0.0
340115089,-0.003513049,-0.0103097465,-0.029531743,0.0
340315088,-0.0035828836,-0.009831002,-0.030394962,0.0
340517587,-0.004238235,-0.010104595,-0.03128644,0.0
340717589,-0.0045916275,-0.0101068355,-0.03202329,0.0
340917588,-0.004504823,-0.010492126,-0.032557555,0.0
341116339,-0.0045373538,-0.011396027,-0.032983944,0.0
341316339,-0.003639333,-0.012326601,-0.033332538,0.0
341515090,-0.0028027524,-0.011974669,-0.033634078,0.0
341715090,-0.0024843004,-0.011473559,-0.033988394,0.0
341917589,-0.0018729011,-0.010685594,-0.03446466,0.0
342117587,-0.0009739567,-0.010194331,-0.035148744,0.0
342317588,-0.0012048702,-0.009875342,-0.03602546,0.0
342516339,-0.000790196,-0.00958825,-0.036939878,0.0
342716339,-9.3352224e-05,-0.0098576145,-0.037836526,0.0
342915090,0.00011180283,-0.009735663,-0.03870061,0.0
343115090,0.000545669,-0.009637093,-0.039637882,0.0
343317586,0.0011692485,-0.009746571,-0.040766966,0.0
343517589,0.0012962536,-0.009428784,-0.042092588,0.0
343717587,0.0008390738,-0.009845805,-0.043508846,0.0
343916343,0.0015377731,-0.010741325,-0.044972673,0.0
344116338,0.001963994,-0.010699479,-0.046308942,0.0
344315096,0.00016136417,-0.009975208,-0.0475483,0.0
344515091,-0.0010649178,-0.009064601,-0.048652563,0.0
344717587,-0.001937474,-0.008816893,-0.049510777,0.0
344917589,-0.0023304713,-0.008983053,-0.04989568,0.0
345117587,-0.0033227117,-0.009820875,-0.049919095,0.0
345316339,-0.0039395904,-0.009961155,-0.04976005,0.0
345516339,-0.003963597,-0.008915142,-0.04952756,0.0
345715090,-0.00464732,-0.008864216,-0.04915122,0.0
345915089,-0.004894606,-0.00874321,-0.04853803,0.0
346117586,-0.00483847,-0.008401,-0.047886517,0.0
346317594,-0.005195709,-0.008183916,-0.04727577,0.0
346517589,-0.004677626,-0.008375544,-0.04665251,0.0
346716339,-0.004407421,-0.009137578,-0.046033904,0.0
346916345,-0.003609507,-0.0092255315,-0.045419324,0.0
347115091,-0.002863527,-0.010471683,-0.04496799,0.0
347315089,-0.0022281935,-0.010685036,-0.04469515,0.0
347517588,-0.0026178667,-0.009788513,-0.04451636,0.0
347717587,-0.0014164565,-0.008775492,-0.0441326,0.0
347917587,-0.00084115006,-0.008504644,-0.043288656,0.0
348116339,-0.0013108173,-0.0070640207,-0.042100597,0.0
348316338,-0.0010878164,-0.0059694997,-0.04072898,0.0
348515090,-0.00093026645,-0.005504515,-0.039457325,0.0
348715090,-1.3275982e-05,-0.0048528584,-0.03836958,0.0
348917587,0.002340557,-0.005253454,-0.037399698,0.0
349117586,0.0035324441,-0.0059646685,-0.036490373,0.0
349317586,0.0044260854,-0.007307042,-0.035481013,0.0
349516338,0.0052833618,-0.0080199605,-0.034468666,0.0
349716338,0.004924342,-0.007989521,-0.033449657,0.0
349915090,0.0044734227,-0.007619741,-0.03256541,0.0
350115089,0.004026633,-0.008213912,-0.031918,0.0
350317587,0.004006084,-0.008385398,-0.03157161,0.0
350517588,0.0035310048,-0.008841842,-0.03141263,0.0
350717587,0.0022171454,-0.009822238,-0.031305056,0.0
350916340,-0.00024640947,-0.010653864,-0.031250384,0.0
351116341,-0.0015475823,-0.010980834,-0.0312957,0.0
351315097,-0.0025226595,-0.010218658,-0.031336173,0.0
351515089,-0.003183349,-0.01050995,-0.031449277,0.0
351717589,-0.003996822,-0.011945956,-0.031563763,0.0
351917591,-0.0031174675,-0.012707998,-0.031742066,0.0
352117589,-0.0027568324,-0.013244305,-0.031960912,0.0
352316342,-0.0030398176,-0.013642057,-0.03224531,0.0
352516342,-0.0025641096,-0.012935546,-0.032524984,0.0
352715089,-0.0025962042,-0.012430264,-0.032704905,0.0
352915090,-0.0035073545,-0.0116859265,-0.032810368,0.0
353117590,-0.0037911972,-0.011134395,-0.03283576,0.0
353317596,-0.002928357,-0.011100735,-0.032736592,0.0
353517589,-0.0027808081,-0.009643205,-0.03251366,0.0
353716340,-0.0012316371,-0.00939686,-0.032321323,0.0
353916367,-0.0016843212,-0.00982826,-0.032194395,0.0
354115091,-0.0015678117,-0.010508338,-0.032141887,0.0
354315089,-0.0018837466,-0.010848688,-0.03221357,0.0
354517589,-0.00263469,-0.0110881245,-0.0324112,0.0
354717589,-0.0036522942,-0.010790551,-0.03269345,0.0
354917590,-0.0034110595,-0.009485944,-0.032996386,0.0
355116341,-0.0030078976,-0.009048639,-0.033091072,0.0
355316341,-0.0021370847,-0.01000642,-0.032948006,0.0
355515090,-0.0022676343,-0.009899125,-0.032627564,0.0
355715090,-0.0026523042,-0.010617835,-0.0321176,0.0
355917588,-0.0021100296,-0.011019267,-0.031454552,0.0
356117588,-0.0021619305,-0.011642366,-0.030698603,0.0
356317588,-0.0021809877,-0.011604579,-0.030000858,0.0
356516339,-0.0021547254,-0.011266291,-0.029378656,0.0
356716338,-0.0030285344,-0.011709532,-0.028881326,0.0
356915091,-0.001618078,-0.011023024,-0.028508741,0.0
357115090,-0.0009911616,-0.010757057,-0.028217928,0.0
357317588,-2.905581e-05,-0.010063292,-0.02803645,0.0
357517590,0.00016747064,-0.008667875,-0.027909502,0.0
357717589,-0.00052786915,-0.0077705993,-0.027812945,0.0
357916340,-0.0013434225,-0.007099324,-0.027669167,0.0
358116344,-0.0029628782,-0.006399195,-0.02743421,0.0
358315089,-0.0030847022,-0.006082423,-0.027197665,0.0
358515089,-0.00391798,-0.0058878055,-0.02692054,0.0
358717591,-0.003955281,-0.0062511414,-0.026644893,0.0
358917591,-0.0039878613,-0.0056967214,-0.026391638,0.0
359117590,-0.0042084293,-0.0056338254,-0.026170392,0.0
359316338,-0.0047965073,-0.005539082,-0.026064519,0.0
359516339,-0.0052594477,-0.0060141054,-0.02611849,0.0
359715090,-0.006316262,-0.006172064,-0.026299857,0.0
359915089,-0.0068583163,-0.0061661177,-0.026546095,0.0
360117589,-0.0069301305,-0.0067541096,-0.026808968,0.0
360317588,-0.006665956,-0.007103309,-0.026981484,0.0
360517587,-0.006343994,-0.008185906,-0.026997305,0.0
360716338,-0.007031595,-0.009091861,-0.026901653,0.0
360916338,-0.006696534,-0.009202579,-0.026821708,0.0
361115090,-0.006836489,-0.009540084,-0.026768876,0.0
361315089,-0.005773772,-0.01012687,-0.02672712,0.0
361517588,-0.005277209,-0.010875919,-0.02683529,0.0
361717586,-0.0048956545,-0.011855677,-0.027350392,0.0
361917586,-0.0039776512,-0.011869393,-0.028153976,0.0
362116338,-0.0031299347,-0.010785205,-0.029128695,0.0
362316339,-0.001726536,-0.009951438,-0.030216316,0.0
362515089,-0.0015401137,-0.008548022,-0.03140761,0.0
362715090,-0.0006336881,-0.006412596,-0.032652035,0.0
362917595,-0.0008786247,-0.0057253363,-0.03382661,0.0
363117587,-0.0004948111,-0.004504096,-0.03473876,0.0
363317587,0.00024932928,-0.004041495,-0.035361994,0.0
363516346,5.3479314e-05,-0.0038304313,-0.03565889,0.0
363716338,0.000640091,-0.0038676246,-0.03569658,0.0
363915089,0.000773481,-0.0035070942,-0.035557903,0.0
364115096,0.0008225962,-0.0031108565,-0.03529585,0.0
364317586,0.00058368413,-0.0039956532,-0.034863345,0.0
364517587,0.00026579847,-0.004999193,-0.034395583,0.0
364717586,-5.3275242e-05,-0.005627891,-0.033774916,0.0
364916338,-0.0015053981,-0.005474449,-0.033054616,0.0
365116338,-0.0009021613,-0.0051520406,-0.032306153,0.0
365315090,-0.0009541485,-0.0057620658,-0.03154098,0.0
365515088,-0.0020760957,-0.00612396,-0.030719437,0.0
365717588,-0.0027730172,-0.0061371285,-0.029816115,0.0
365917586,-0.001964161,-0.0065281554,-0.028804649,0.0
366117587,-0.0020842676,-0.0070724925,-0.02778645,0.0
366316339,-0.0023945956,-0.005781293,-0.026844965,0.0
366516338,-0.002578607,-0.0059362496,-0.026143637,0.0
366715096,-0.0021004628,-0.005483617,-0.025739472,0.0
366915090,-0.0023548903,-0.005040221,-0.025610866,0.0
367117587,-0.0017583575,-0.0064458335,-0.025613913,0.0
367317588,-0.0011805694,-0.0061932458,-0.02567042,0.0
367517588,-0.0008591746,-0.006178578,-0.025846787,0.0
367716339,-0.0001587458,-0.005494231,-0.026114574,0.0
367916339,0.00018750715,-0.006140973,-0.02634892,0.0
368115090,0.00033111806,-0.007010979,-0.026515942,0.0
368315090,-0.0005518877,-0.0071001123,-0.026673142,0.0
368517587,-0.0013242174,-0.008027422,-0.026784731,0.0
368717597,-0.00047944766,-0.008467401,-0.026966952,0.0
368917587,0.0007015611,-0.009036426,-0.02711093,0.0
369116342,0.0004935933,-0.011237648,-0.027123235,0.0
369316352,0.000314135,-0.011094164,-0.027124671,0.0
369515089,-3.7596634e-05,-0.012368344,-0.027323034,0.0
369715091,-0.0006256934,-0.013114685,-0.027696738,0.0
369917588,-0.0021917936,-0.012860552,-0.02817615,0.0
370117587,-0.0038378767,-0.012695615,-0.02872909,0.0
370317587,-0.0044923676,-0.012079467,-0.029303007,0.0
370516340,-0.0056010536,-0.011093309,-0.029882317,0.0
370716342,-0.0063408157,-0.011124052,-0.030555572,0.0
370915089,-0.0065399446,-0.012625597,-0.031228509,0.0
371115089,-0.0058359355,-0.013397788,-0.0318456,0.0
371317598,-0.004892144,-0.013413445,-0.032416113,0.0
371517588,-0.004634946,-0.013170877,-0.032873474,0.0
371717588,-0.0039489563,-0.012506595,-0.03327434,0.0
371916345,-0.0029332745,-0.013063078,-0.033590805,0.0
372116337,-0.0016908102,-0.012727066,-0.033780556,0.0
372315089,-0.0004057954,-0.011253741,-0.033937592,0.0
372515095,0.0013967062,-0.00925887,-0.034174226,0.0
372717588,0.00428332,-0.007391068,-0.034497987,0.0
372917590,0.005704497,-0.0055609206,-0.03482325,0.0
373117588,0.007120062,-0.005392858,-0.03522219,0.0
373316352,0.008749569,-0.00422621,-0.035762295,0.0
373516339,0.01074334,-0.003510636,-0.03626908,0.0
373715089,0.010960212,-0.0034088613,-0.036682244,0.0
373915089,0.011845118,-0.002986315,-0.037022818,0.0
374117587,0.013688543,-0.0018701764,-0.037183624,0.0
374317586,0.013340079,-0.0025521556,-0.03702556,0.0
374517588,0.011816147,-0.0027756905,-0.03681988,0.0
374716339,0.012010793,-0.0034029456,-0.036549393,0.0
374916338,0.012001165,-0.0032179651,-0.03629446,0.0
375115097,0.012320484,-0.0035692123,-0.035937287,0.0
375315089,0.013200242,-0.0042645237,-0.03550462,0.0
375517586,0.014973112,-0.0054372284,-0.035103668,0.0
375717587,0.015503259,-0.006975876,-0.03493978,0.0
375917588,0.015801867,-0.0076528685,-0.035193127,0.0
376116339,0.015681362,-0.009469634,-0.035555035,0.0
376316339,0.013484045,-0.010494295,-0.03591724,0.0
376515090,0.010363832,-0.010091102,-0.03646266,0.0
376715090,0.008607409,-0.010002509,-0.037297502,0.0
376917587,0.0064607626,-0.01014682,-0.038142122,0.0
377117590,0.0047999523,-0.009951994,-0.038971633,0.0
377317586,0.0033789643,-0.009925417,-0.039879404,0.0
377516342,0.0031775448,-0.009347053,-0.04085153,0.0
377716341,0.00405986,-0.009098052,-0.04181773,0.0
377915088,0.0035848478,-0.008283194,-0.042753227,0.0
378115088,0.0024896346,-0.0076008346,-0.043608133,0.0
378317588,0.0018051552,-0.0059167133,-0.044290878,0.0
378517586,0.0018503509,-0.004351235,-0.044771697,0.0
378717587,0.0013793352,-0.004429445,-0.045089588,0.0
378916338,-0.00013228154,-0.0028107937,-0.045289803,0.0
379116338,-0.0006537465,-0.0014819838,-0.04539881,0.0
379315090,-0.0017657917,-0.0012306942,-0.0452973,0.0
379515090,-0.0017969828,0.00021222213,-0.045078434,0.0
379717589,-0.0028931336,7.800186e-05,-0.04473257,0.0
379917588,-0.0026738518,0.0005624339,-0.044116586,0.0
380117614,-0.0019667286,-0.0007857077,-0.043208625,0.0
380316339,-0.0024381676,-0.002837461,-0.042148452,0.0
380516339,-0.0022731873,-0.003786239,-0.040969558,0.0
380715090,-0.0020170782,-0.004537951,-0.03978227,0.0
380915089,-0.0034254603,-0.0053459434,-0.03864066,0.0
381117588,-0.00477132,-0.005190856,-0.03775777,0.0
381317588,-0.004610533,-0.0060692695,-0.037151136,0.0
381517587,-0.0050722877,-0.0066968068,-0.036776703,0.0
381716339,-0.006693214,-0.008266974,-0.036512017,0.0
381916385,-0.0069914144,-0.008971265,-0.036219563,0.0
382115089,-0.0076600527,-0.008679628,-0.0358218,0.0
382315090,-0.0086399745,-0.008945468,-0.03522866,0.0
382517588,-0.008638835,-0.009347677,-0.03453178,0.0
382717589,-0.008626596,-0.009280937,-0.033707064,0.0
382917590,-0.009176938,-0.008543312,-0.032865904,0.0
383116338,-0.008675832,-0.007112858,-0.0319921,0.0
383316338,-0.008966391,-0.007936386,-0.031171443,0.0
383515090,-0.00947471,-0.008377284,-0.03035154,0.0
383715090,-0.009427712,-0.007889722,-0.029514262,0.0
383917591,-0.008465477,-0.008788408,-0.028661007,0.0
384117589,-0.008678964,-0.0086389175,-0.02789551,0.0
384317598,-0.0089996075,-0.008894728,-0.027275573,0.0
384516338,-0.008036079,-0.008666124,-0.026754536,0.0
384716338,-0.008502081,-0.008762252,-0.026406454,0.0
384915089,-0.009640921,-0.00894932,-0.026237227,0.0
385115088,-0.010696618,-0.008867916,-0.026240394,0.0
385317586,-0.0117083555,-0.008636174,-0.02632669,0.0
385517587,-0.012767148,-0.008823317,-0.026451595,0.0
385717587,-0.013132283,-0.00920379,-0.026572084,0.0
385916339,-0.012573227,-0.009796782,-0.026708394,0.0
386116339,-0.012632528,-0.010662241,-0.026776284,0.0
386315090,-0.012348147,-0.011645927,-0.026779061,0.0
386515090,-0.012113054,-0.012206084,-0.026590971,0.0
386717587,-0.012179334,-0.012714605,-0.026231853,0.0
386917594,-0.011897893,-0.01315642,-0.025863448,0.0
387117587,-0.012044932,-0.013156792,-0.02551109,0.0
387316339,-0.011295015,-0.013372915,-0.025220228,0.0
387516338,-0.011304794,-0.013103215,-0.025004258,0.0
387715089,-0.0099893445,-0.012742851,-0.024920112,0.0
387915088,-0.008825078,-0.012598824,-0.024914509,0.0
388117586,-0.0072150524,-0.0119111445,-0.02485939,0.0
388317586,-0.0062853373,-0.01240672,-0.024638128,0.0
388517587,-0.004724549,-0.013017075,-0.024199592,0.0
388716338,-0.0026475322,-0.013791469,-0.023633964,0.0
388916338,-0.0027825253,-0.012970537,-0.022877365,0.0
389115089,-0.0030506018,-0.012595698,-0.022069857,0.0
389315090,-0.002264718,-0.012082699,-0.021262122,0.0
389517588,-0.0019210345,-0.012034375,-0.020529257,0.0
389717587,-0.0012297042,-0.012442872,-0.019811293,0.0
389917591,-0.0019614,-0.011699952,-0.019152628,0.0
390116388,-0.0007069619,-0.011990189,-0.01869019,0.0
390316338,-3.581242e-05,-0.012072742,-0.018337637,0.0
390515090,0.00053892133,-0.012244983,-0.018172737,0.0
390715090,0.0010408441,-0.012287925,-0.018266082,0.0
390917591,0.002559281,-0.012713405,-0.018534876,0.0
391117589,0.0036466545,-0.012911755,-0.018837364,0.0
391317588,0.0030792784,-0.012802619,-0.019150728,0.0
391516340,0.0039881933,-0.013220541,-0.019402819,0.0
391716340,0.004019953,-0.012936872,-0.019467084,0.0
391915089,0.0024854967,-0.013461987,-0.019477181,0.0
392115098,0.0024833193,-0.012939645,-0.019631213,0.0
392317588,0.0027393727,-0.012810805,-0.019933065,0.0
392517586,0.00082570617,-0.012043097,-0.020406278,0.0
392717587,0.00021356584,-0.012731569,-0.020980675,0.0
392916339,-0.00042420308,-0.012379062,-0.021621186,0.0
393116338,-0.0013021199,-0.012645301,-0.022333223,0.0
393315090,-0.0031004192,-0.012552189,-0.023223244,0.0
393515088,-0.0046153,-0.013072618,-0.024456453,0.0
393717587,-0.0053478847,-0.012866285,-0.025732651,0.0
393917587,-0.006255265,-0.011843846,-0.026706785,0.0
394117586,-0.0062345876,-0.010243201,-0.027439252,0.0
394316339,-0.005408352,-0.008923234,-0.027976817,0.0
394516338,-0.0047349683,-0.007907496,-0.028151829,0.0
394715096,-0.0043484704,-0.006684503,-0.02803235,0.0
394915091,-0.004166258,-0.005451535,-0.02779907,0.0
395117588,-0.0041881823,-0.004996029,-0.02764168,0.0
395317587,-0.0026628561,-0.004468252,-0.027562506,0.0
395517587,-0.0029742944,-0.0042795152,-0.027560612,0.0
395716337,-0.0026899965,-0.004073166,-0.027514143,0.0
395916338,-0.0028122545,-0.0042564324,-0.027405864,0.0
396115091,-0.0038844098,-0.0057735895,-0.02738305,0.0
396315090,-0.004234533,-0.0058814366,-0.027537126,0.0
396517586,-0.004030399,-0.0076722596,-0.027953824,0.0
396717587,-0.0020008285,-0.008911901,-0.028593652,0.0
396917587,-0.002113751,-0.01014607,-0.029265944,0.0
397116338,-0.0013041199,-0.01096381,-0.030033428,0.0
397316338,-0.0020617808,-0.011972593,-0.030850137,0.0
397515090,-0.0033444967,-0.013568358,-0.031648163,0.0
397715090,-0.0041427957,-0.015196639,-0.032190837,0.0
397917586,-0.0061229416,-0.01570528,-0.032426693,0.0
398117595,-0.0069239126,-0.01661906,-0.032472827,0.0
398317589,-0.007972675,-0.01760846,-0.03234958,0.0
398516341,-0.00793564,-0.018339723,-0.03225127,0.0
398716349,-0.0093741,-0.018090313,-0.032330938,0.0
398915089,-0.009567432,-0.018170252,-0.032562636,0.0
399115090,-0.009644311,-0.01826654,-0.032879643,0.0
399317589,-0.010974036,-0.017551098,-0.033168055,0.0
399517590,-0.011092626,-0.016836422,-0.033335973,0.0
399717589,-0.011404105,-0.016909664,-0.03338823,0.0
399916339,-0.012183614,-0.015872998,-0.03333026,0.0
400116338,-0.011186669,-0.013848106,-0.03324454,0.0
400315089,-0.011461211,-0.013044307,-0.03302388,0.0
400515089,-0.01145994,-0.0122391265,-0.032811716,0.0
400717587,-0.010343557,-0.011084101,-0.032661345,0.0
400917586,-0.010499285,-0.010514798,-0.032633454,0.0
401117587,-0.009085542,-0.009635379,-0.032814898,0.0
401316338,-0.00825986,-0.010217854,-0.033053763,0.0
401516338,-0.00798855,-0.010706373,-0.03325728,0.0
401715090,-0.0070736106,-0.009851593,-0.033447463,0.0
401915090,-0.0067501534,-0.00980292,-0.033595625,0.0
402117589,-0.0063117836,-0.0099773165,-0.03373331,0.0
402317590,-0.00583668,-0.010923611,-0.03370785,0.0
402517590,-0.005875461,-0.011079883,-0.033436097,0.0
402716346,-0.0059740557,-0.011813267,-0.032997712,0.0
402916339,-0.006810317,-0.013175056,-0.032508004,0.0
403115090,-0.007960491,-0.012756955,-0.032074697,0.0
403315097,-0.007997238,-0.012277717,-0.03166235,0.0
403517590,-0.008391677,-0.013021402,-0.031293515,0.0
403717589,-0.007552716,-0.014090741,-0.030973833,0.0
403917589,-0.007417712,-0.014001562,-0.03067085,0.0
404116339,-0.007955688,-0.013136787,-0.030448372,0.0
404316343,-0.009154962,-0.013346228,-0.030320685,0.0
404515090,-0.007647216,-0.013718821,-0.030144086,0.0
404715089,-0.00592421,-0.013500074,-0.029972678,0.0
404917587,-0.004862281,-0.014255985,-0.029748976,0.0
405117586,-0.0034031295,-0.014159805,-0.02939179,0.0
405317587,-0.0034500004,-0.01396776,-0.02896987,0.0
405516338,-0.00349979,-0.012723086,-0.028589113,0.0
405716338,-0.002888998,-0.012276747,-0.028207563,0.0
405915090,-0.0022588272,-0.01175304,-0.027659945,0.0
406115090,-0.001527459,-0.010006357,-0.027064243,0.0
406317588,-0.0010416489,-0.009970529,-0.026543856,0.0
406517590,-0.000114407085,-0.009639715,-0.026123805,0.0
406717601,0.00076243305,-0.008892947,-0.025621954,0.0
406916338,0.001373527,-0.008589587,-0.025113873,0.0
407116338,0.00077208003,-0.008748812,-0.024606956,0.0
407315090,0.0007542498,-0.00830727,-0.024042916,0.0
407515090,0.0010176785,-0.0075851837,-0.02344594,0.0
407717587,0.0012403121,-0.0062681763,-0.022903923,0.0
407917586,0.0023563672,-0.005171029,-0.02252838,0.0
408117586,0.002647663,-0.0043864283,-0.02235081,0.0
408316338,0.004164842,-0.004862051,-0.02230681,0.0
408516338,0.004328911,-0.00511563,-0.022379398,0.0
408715089,0.0050389133,-0.004574947,-0.022526326,0.0
408915089,0.0060773958,-0.005506532,-0.022680767,0.0
409117588,0.0067957956,-0.0057261754,-0.022819988,0.0
409317588,0.0067499005,-0.006073858,-0.022991432,0.0
409517587,0.006237174,-0.004989621,-0.023350013,0.0
409716339,0.005737891,-0.004511262,-0.023726026,0.0
409916339,0.0051593385,-0.0046628136,-0.023880247,0.0
410115091,0.0059395256,-0.0055388524,-0.023929376,0.0
410315089,0.0054467814,-0.0064794403,-0.02400135,0.0
410517589,0.004830616,-0.006790733,-0.024182621,0.0
410717595,0.0049686707,-0.0077051814,-0.024336914,0.0
410917587,0.0053279353,-0.008355713,-0.024475396,0.0
411116339,0.004837279,-0.009055353,-0.024402067,0.0
411316347,0.004244088,-0.008490799,-0.024192736,0.0
411515089,0.0034587993,-0.009411335,-0.02389361,0.0
411715090,0.0035841055,-0.010030702,-0.023487808,0.0
411917587,0.0026827536,-0.010613447,-0.02285146,0.0
412117587,0.002919952,-0.010058719,-0.021991031,0.0
412317587,0.0018715687,-0.010104152,-0.021092415,0.0
412516339,0.0012526715,-0.010172398,-0.020342017,0.0
412716339,0.0011351577,-0.009476874,-0.019785104,0.0
412915089,0.0004425355,-0.0088513745,-0.019483428,0.0
413115089,0.0005791207,-0.0089346925,-0.019192152,0.0
413317586,6.285697e-05,-0.008215804,-0.018907085,0.0
413517589,-0.00024309846,-0.0068603354,-0.018572938,0.0
413717588,-0.00034214393,-0.0067978287,-0.018122979,0.0
413916339,9.6169555e-05,-0.006483626,-0.01754414,0.0
414116339,1.409132e-05,-0.00785298,-0.016939996,0.0
414315092,-0.0007538351,-0.00803029,-0.016382791,0.0
414515093,-0.0002861373,-0.0077937776,-0.015961485,0.0
414717594,0.00010354252,-0.0087101655,-0.015706012,0.0
414917588,-4.00403e-05,-0.00898577,-0.015656715,0.0
415117587,-7.721777e-05,-0.008841781,-0.015827017,0.0
415316346,0.00063698966,-0.009467422,-0.016086811,0.0
415516339,0.0004752475,-0.0089480225,-0.016357262,0.0
415715093,0.0016927413,-0.009498883,-0.01650699,0.0
415915091,0.0015315062,-0.009834754,-0.016549941,0.0
416117589,0.0007879646,-0.010041818,-0.016563956,0.0
416317586,0.0011599266,-0.011312512,-0.016705535,0.0
416517621,0.0017004572,-0.010692431,-0.01707006,0.0
416716339,0.0029655427,-0.011393682,-0.017592547,0.0
416916340,0.0033483724,-0.01216828,-0.018209383,0.0
417115091,0.004043335,-0.012608198,-0.01898415,0.0
417315088,0.0050064917,-0.013417969,-0.019721117,0.0
417517586,0.0063345917,-0.013981697,-0.020362731,0.0
417717587,0.006757192,-0.014353111,-0.020848382,0.0
417917588,0.006568614,-0.014538501,-0.021339307,0.0
418116340,0.006181519,-0.015902359,-0.021971773,0.0
418316339,0.0055859853,-0.016391685,-0.02271491,0.0
418515090,0.0043607447,-0.016261965,-0.023391003,0.0
418715088,0.0034047863,-0.015905833,-0.023869785,0.0
418917588,0.0028964488,-0.016130714,-0.024195572,0.0
419117588,0.0029086962,-0.015429374,-0.024451828,0.0
419317587,0.0031061224,-0.014779222,-0.024584934,0.0
419516341,0.0030805748,-0.013842647,-0.024566252,0.0
419716339,0.002553661,-0.013333503,-0.024366854,0.0
419915090,0.002833694,-0.011498077,-0.024125226,0.0
420115089,0.002820963,-0.011089389,-0.02389336,0.0
420317588,0.0021615254,-0.011279212,-0.02379935,0.0
420517587,0.002193993,-0.010565243,-0.023819447,0.0
420717595,0.0021422904,-0.010809207,-0.024071284,0.0
420916339,0.0022578328,-0.011369824,-0.02442878,0.0
421116339,0.0022343763,-0.010869987,-0.024728134,0.0
421315090,0.0033278614,-0.010633114,-0.024876108,0.0
421515089,0.0030138148,-0.010967008,-0.024990678,0.0
421717587,0.0028661487,-0.01021776,-0.025047874,0.0
421917587,0.00332499,-0.010448494,-0.025080219,0.0
422117588,0.0037168115,-0.010359599,-0.0250863,0.0
422316340,0.00385516,-0.0110395625,-0.025002772,0.0
422516339,0.0038221704,-0.012133073,-0.024781449,0.0
422715091,0.0041281907,-0.012832427,-0.024531977,0.0
422915088,0.0044968966,-0.01412271,-0.024317384,0.0
423117586,0.004170605,-0.014773392,-0.0242467,0.0
423317588,0.004562685,-0.014254669,-0.024367431,0.0
423517588,0.006163383,-0.012784541,-0.024735218,0.0
423716338,0.0069307066,-0.011772523,-0.025404505,0.0
423916339,0.0066797733,-0.010016727,-0.026153471,0.0
424115091,0.006086547,-0.009362408,-0.026961127,0.0
424315139,0.005386246,-0.009525858,-0.027688416,0.0
424517588,0.0052277334,-0.009708456,-0.028367545,0.0
424717594,0.005107603,-0.009759019,-0.029011937,0.0
424917587,0.004274288,-0.010215564,-0.029709168,0.0
425116339,0.003490041,-0.009779754,-0.030333558,0.0
425316339,0.0029648752,-0.010018198,-0.030864492,0.0
425515126,0.0028212555,-0.008878166,-0.03141419,0.0
425715124,0.0021643946,-0.00873775,-0.03195368,0.0
425917587,0.0020296169,-0.008789364,-0.032454554,0.0
426117588,0.0017801381,-0.009805887,-0.03285262,0.0
426317591,0.0013750392,-0.009269787,-0.033165023,0.0
426516339,0.0011199046,-0.008954651,-0.033408802,0.0
426716339,0.0011018111,-0.0098555945,-0.033699613,0.0
426915112,0.0007962712,-0.009497118,-0.033945687,0.0
427115108,0.0008023519,-0.010229953,-0.034178123,0.0
427317587,0.0011080434,-0.010623981,-0.03420988,0.0
427517589,0.0011583862,-0.010116521,-0.034053866,0.0
427717587,-1.6530134e-05,-0.010293602,-0.03373281,0.0
427916339,-0.0001643266,-0.01035777,-0.03325281,0.0
428116332,-0.0008956806,-0.010386554,-0.032607637,0.0
428315098,0.000335956,-0.010414378,-0.031884342,0.0
428515095,0.0012614441,-0.009842028,-0.031109152,0.0
428717587,0.0011746977,-0.007792107,-0.030268082,0.0
428917588,0.0013884495,-0.0075999503,-0.029515194,0.0
429117587,0.0020490508,-0.008256431,-0.028855788,0.0
429316339,0.0026122078,-0.007765386,-0.0282099,0.0
429516339,0.0019326397,-0.008147485,-0.027624577,0.0
429715141,0.0032735255,-0.008663666,-0.027202295,0.0
429915088,0.0025312735,-0.0091881165,-0.02689075,0.0
430117597,0.0022793335,-0.009186547,-0.026895605,0.0
430317590,0.0031387387,-0.009773033,-0.02706791,0.0
430517592,0.003662061,-0.010520367,-0.027270662,0.0
430716338,0.0045170328,-0.010416532,-0.027555292,0.0
430916338,0.0049017584,-0.0095094675,-0.027858002,0.0
431115089,0.0048152753,-0.009412801,-0.028125687,0.0
431315089,0.0049988236,-0.009806048,-0.028391466,0.0
431517588,0.0061160703,-0.010587219,-0.028655501,0.0
431717588,0.0061318423,-0.01094821,-0.028762773,0.0
431917588,0.0069246623,-0.01039423,-0.028682813,0.0
432116338,0.006374075,-0.010138959,-0.028378181,0.0
432316339,0.007613625,-0.010847757,-0.028090402,0.0
432515090,0.007878592,-0.010953155,-0.027834343,0.0
432715096,0.007973409,-0.011354002,-0.027779158,0.0
432917589,0.010723588,-0.011947726,-0.02777795,0.0
433117586,0.010403379,-0.011101303,-0.02767117,0.0
433317588,0.010078147,-0.009035184,-0.027490271,0.0
433516338,0.010771828,-0.008665827,-0.027108416,0.0
433716339,0.009239109,-0.009342442,-0.026510172,0.0
433915093,0.0075141443,-0.0080975015,-0.02583983,0.0
434115092,0.0046821414,-0.006798105,-0.025085242,0.0
434317587,0.0014413584,-0.0069277403,-0.024306467,0.0
434517589,-0.0013860186,-0.0067379843,-0.023629347,0.0
434717590,-0.0036927164,-0.0055978894,-0.023120316,0.0
434916340,-0.005129561,-0.0058289627,-0.022827959,0.0
435116339,-0.00514231,-0.0053854706,-0.022702128,0.0
435315091,-0.006504614,-0.004893892,-0.022687275,0.0
435515090,-0.00709341,-0.0039293654,-0.022731235,0.0
435717588,-0.0067636105,-0.0041891155,-0.022776462,0.0
435917589,-0.007183448,-0.004518176,-0.022849305,0.0
436117589,-0.0064103073,-0.004980107,-0.023137122,0.0
436316340,-0.0046488014,-0.005940465,-0.023574986,0.0
436516339,-0.0040830695,-0.0072677834,-0.02406677,0.0
436715093,-0.0037093975,-0.008614299,-0.024516247,0.0
436915090,-0.004524477,-0.008840164,-0.024944037,0.0
437117589,-0.0038899917,-0.00929653,-0.02532654,0.0
437317588,-0.0045372345,-0.009431297,-0.025546176,0.0
437517588,-0.0048937807,-0.009258099,-0.025767522,0.0
437716340,-0.0044174804,-0.008784612,-0.026042262,0.0
437916340,-0.0049659447,-0.008660841,-0.026491705,0.0
438115095,-0.0058626467,-0.009271774,-0.027156126,0.0
438315088,-0.006263717,-0.008605886,-0.028077304,0.0
438517586,-0.006429921,-0.00821604,-0.02911996,0.0
438717587,-0.0055846977,-0.008484548,-0.030047782,0.0
438917594,-0.0054226723,-0.0071728723,-0.030823104,0.0
439116339,-0.004766166,-0.007744166,-0.031453807,0.0
439316338,-0.004864961,-0.00831986,-0.032019295,0.0
439515089,-0.0058766115,-0.008034023,-0.03246719,0.0
439715088,-0.006001743,-0.007989436,-0.032997508,0.0
439917588,-0.0055874316,-0.007414791,-0.03368874,0.0
440117587,-0.005798347,-0.007676771,-0.034414683,0.0
440317588,-0.005609713,-0.007529091,-0.035062276,0.0
440516339,-0.0058975164,-0.007922964,-0.035638887,0.0
440716338,-0.0063634836,-0.0067890543,-0.036120728,0.0
440915089,-0.0063080965,-0.0063404953,-0.03659496,0.0
441115089,-0.0050495532,-0.006890412,-0.037114315,0.0
441317588,-0.0053431145,-0.007802661,-0.037641156,0.0
441517587,-0.004924878,-0.007095996,-0.03813027,0.0
441717588,-0.0032861396,-0.007995888,-0.038579233,0.0
441916339,-0.0027451806,-0.008112057,-0.03895149,0.0
442116357,-0.0022078543,-0.007837933,-0.039243694,0.0
442315091,-0.0007906841,-0.0074991817,-0.039439324,0.0
442515092,4.600242e-06,-0.006865132,-0.03961292,0.0
442717589,0.0012297019,-0.005822191,-0.03983385,0.0
442917589,0.0011487042,-0.0052149217,-0.0400615,0.0
443117590,0.0016569323,-0.0044408645,-0.040231947,0.0
443316339,0.0020507453,-0.0044504725,-0.040292967,0.0
443516339,0.0015997317,-0.0038062704,-0.040306382,0.0
443715090,0.0018244232,-0.003249569,-0.04043282,0.0
443915089,0.0012046096,-0.0015066935,-0.040525332,0.0
444117622,0.0019944566,-0.0008908149,-0.040502694,0.0
444317595,0.0016643689,-0.000666165,-0.04030316,0.0
444517587,0.001696201,-0.0006748544,-0.040031075,0.0
444716339,0.0018848245,2.2252038e-05,-0.039587785,0.0
444916340,0.0023894866,7.208425e-05,-0.03905579,0.0
445115088,0.0014066586,-0.0005023442,-0.038449373,0.0
445315088,0.0007007232,-0.0007707109,-0.037918016,0.0
445517586,0.0014953873,-0.002078763,-0.03750772,0.0
445717589,0.0011835688,-0.0034113813,-0.037147783,0.0
445917591,0.0007006712,-0.0050131762,-0.036837917,0.0
446116339,-0.00034802873,-0.0064629135,-0.036676496,0.0
446316347,-0.00051970885,-0.0077534844,-0.036795504,0.0
446515088,-0.0008307937,-0.00869826,-0.037002094,0.0
446715089,-0.0011596702,-0.008622921,-0.03719881,0.0
446917588,-0.0015735083,-0.008165452,-0.037477028,0.0
447117588,-0.0027375955,-0.008787818,-0.037803356,0.0
447317588,-0.0027387424,-0.009524572,-0.038187098,0.0
447516338,-0.0032085383,-0.009709461,-0.03855421,0.0
447716346,-0.0040727654,-0.010688831,-0.038920384,0.0
447915090,-0.0049389303,-0.012011676,-0.03917132,0.0
448115088,-0.0055518406,-0.011557004,-0.039326336,0.0
448317588,-0.0049161636,-0.012166594,-0.039389215,0.0
448517589,-0.005024358,-0.012138298,-0.03934222,0.0
448717589,-0.0045439703,-0.01249207,-0.03926441,0.0
448916338,-0.004402353,-0.013500902,-0.03913764,0.0
449116338,-0.0053057326,-0.01316741,-0.039065022,0.0
449315090,-0.0041028536,-0.013159049,-0.039020028,0.0
449515090,-0.0040199175,-0.013270827,-0.038957912,0.0
449717587,-0.0026602615,-0.012502247,-0.038916025,0.0
449917587,-0.0016449803,-0.012247181,-0.03881371,0.0
450117586,-0.00070950715,-0.011164917,-0.038663507,0.0
450316339,0.00014371256,-0.01006859,-0.03846525,0.0
450516338,0.001719521,-0.009776368,-0.038210988,0.0
450715088,0.0026167834,-0.008476342,-0.037812836,0.0
450915088,0.004052879,-0.00750083,-0.03732687,0.0
451117586,0.0049597323,-0.008462519,-0.036783215,0.0
451317589,0.0055062706,-0.008162625,-0.03643105,0.0
451517589,0.006214125,-0.008169996,-0.036132257,0.0
451716338,0.0067096087,-0.009055752,-0.035928793,0.0
451916339,0.0057286085,-0.011189104,-0.036014035,0.0
452115089,0.004349632,-0.011225859,-0.036169823,0.0
452315089,0.0033388769,-0.011913703,-0.03602469,0.0
452517597,0.0011300456,-0.012723737,-0.035541967,0.0
452717588,0.00048634977,-0.013040978,-0.034904577,0.0
452917588,0.00016170726,-0.0141332615,-0.03424726,0.0
453116338,0.00010698095,-0.01542988,-0.033634346,0.0
453316338,-7.2280476e-05,-0.015343316,-0.033035703,0.0
453515095,-0.00027825942,-0.016565943,-0.032449607,0.0
453715092,-0.000960292,-0.01574476,-0.031968422,0.0
453917596,0.0009358588,-0.015559172,-0.03154694,0.0
454117588,0.0019106611,-0.016018223,-0.031219937,0.0
454317589,0.0019832053,-0.015437235,-0.031072885,0.0
454516345,0.0021109388,-0.014847815,-0.03104532,0.0
454716338,0.0030952385,-0.014357693,-0.03091265,0.0
454915092,0.0019156933,-0.013760161,-0.030667696,0.0
455115092,0.0023631987,-0.013777659,-0.030461147,0.0
455317588,0.0015417595,-0.0140995495,-0.030340884,0.0
455517587,0.0011569671,-0.014115518,-0.030291228,0.0
455717588,0.00068559364,-0.013020031,-0.030217953,0.0
455916347,0.000726492,-0.011693898,-0.030236676,0.0
456116338,-0.00064731465,-0.01150847,-0.030403348,0.0
456315092,-0.0024906986,-0.010337997,-0.030822594,0.0
456515091,-0.0023414365,-0.010262907,-0.03150785,0.0
456717588,-0.003964135,-0.009819573,-0.03248661,0.0
456917589,-0.0062145805,-0.008662955,-0.033632703,0.0
457117588,-0.0074245585,-0.008080905,-0.03478109,0.0
457316338,-0.008660111,-0.0072343084,-0.03575495,0.0
457516338,-0.008641138,-0.0069138827,-0.036540084,0.0
457715093,-0.008528819,-0.006941127,-0.03705065,0.0
457915095,-0.0087398635,-0.0056985877,-0.03730495,0.0
458117589,-0.0084344465,-0.0052590836,-0.037311163,0.0
458317588,-0.008609979,-0.004852902,-0.03710871,0.0
458517588,-0.008374802,-0.0053080474,-0.03676327,0.0
458716338,-0.007355784,-0.005771122,-0.0363804,0.0
458916338,-0.007408415,-0.00560931,-0.035932228,0.0
459115088,-0.006627873,-0.0050239502,-0.0354091,0.0
459315096,-0.0058191842,-0.00399509,-0.034883864,0.0
459517589,-0.0056576193,-0.0038864426,-0.03442391,0.0
459717590,-0.0049320757,-0.0041281553,-0.033916716,0.0
459917589,-0.0048778434,-0.002817965,-0.0332819,0.0
460116339,-0.0037010578,-0.0024557638,-0.03255055,0.0
460316338,-0.004124936,-0.002118198,-0.03171346,0.0
460515088,-0.004414873,-0.0022357749,-0.030845717,0.0
460715089,-0.0040472383,-0.002209326,-0.02991124,0.0
460917587,-0.0039366013,-0.0019096945,-0.029013325,0.0
461117588,-0.004068591,-0.0026929893,-0.028162282,0.0
461317586,-0.0038725373,-0.0029390587,-0.027362509,0.0
461516339,-0.0037725775,-0.0028016753,-0.026644455,0.0
461716341,-0.002296035,-0.0027467615,-0.026067223,0.0
461915093,-0.0022309753,-0.003001683,-0.025627606,0.0
462115092,-0.0017019345,-0.0029618165,-0.025252359,0.0
462317589,-0.0011467151,-0.003986907,-0.024971463,0.0
462517589,-0.00096825184,-0.0044298023,-0.024720151,0.0
462717588,-0.00035570195,-0.004441529,-0.024445737,0.0
462916342,-0.00034338544,-0.0043235198,-0.024022633,0.0
463116342,-0.0008321059,-0.0064439885,-0.02358931,0.0
463315092,-0.0011303545,-0.0062148245,-0.023211986,0.0
463515089,-0.00043649308,-0.00628001,-0.022839678,0.0
463717588,0.00061842625,-0.0072361794,-0.022449993,0.0
463917589,0.0011663483,-0.007457195,-0.022194762,0.0
464117590,0.0011832474,-0.007244771,-0.02215988,0.0
464316341,0.002754224,-0.007371467,-0.022240365,0.0
464516341,0.003969872,-0.0071784677,-0.022532377,0.0
464715089,0.0048864405,-0.0068249675,-0.02284759,0.0
464915089,0.005000716,-0.0075091836,-0.023163157,0.0
465117588,0.0071924273,-0.008384458,-0.023627812,0.0
465317590,0.008066853,-0.007630864,-0.024172934,0.0
465517591,0.0074037174,-0.006792266,-0.024723677,0.0
465716338,0.006988284,-0.0069344323,-0.025238577,0.0
465916339,0.00712642,-0.007137685,-0.025664464,0.0
466115090,0.0069474108,-0.0068754167,-0.025898289,0.0
466315091,0.007745952,-0.006810388,-0.02587293,0.0
466517587,0.008210095,-0.0071039605,-0.025474008,0.0
466717587,0.0070704874,-0.0061851153,-0.024913223,0.0
466917587,0.0068753357,-0.006112545,-0.024314804,0.0
467116338,0.0060672355,-0.004871235,-0.023742914,0.0
467316339,0.006817804,-0.004501847,-0.023345307,0.0
467515089,0.0071150837,-0.0046212412,-0.023157792,0.0
467715090,0.007384391,-0.004685626,-0.023282865,0.0
467917588,0.0070615914,-0.004650267,-0.02352377,0.0
468117588,0.0068984334,-0.005610645,-0.023818903,0.0
468317589,0.0070429416,-0.0056854114,-0.023964528,0.0
468516338,0.006975658,-0.005754716,-0.023967007,0.0
468716338,0.0060090004,-0.005835044,-0.023877969,0.0
468915090,0.005193662,-0.006269333,-0.023792993,0.0
469115089,0.0054229335,-0.007683147,-0.023557585,0.0
469317589,0.005063184,-0.0074178977,-0.02307777,0.0
469517588,0.0049281134,-0.0065023596,-0.022590935,0.0
469717591,0.0050719124,-0.0056105587,-0.022176465,0.0
469916338,0.0052067614,-0.0047283126,-0.021910591,0.0
470116339,0.0054736063,-0.005131389,-0.021725837,0.0
470315089,0.006422419,-0.0048865853,-0.021624807,0.0
470515091,0.008087876,-0.004797551,-0.021623641,0.0
470717590,0.008677973,-0.00429887,-0.021639984,0.0
470917588,0.009439117,-0.003988383,-0.021630818,0.0
471117587,0.0082588345,-0.0036252702,-0.021624682,0.0
471316340,0.0061906027,-0.003405966,-0.021635024,0.0
471516340,0.005359243,-0.0034770055,-0.021446845,0.0
471715100,0.0037301462,-0.0036834227,-0.021048618,0.0
471915089,0.003953762,-0.0030484304,-0.020504134,0.0
472117587,0.0027408898,-0.0034844542,-0.019841118,0.0
472317588,0.0023082506,-0.004387129,-0.019210601,0.0
472517596,0.0011424017,-0.0058992067,-0.018605163,0.0
472716339,-0.0002610482,-0.006386619,-0.018048609,0.0
472916338,-0.0024135306,-0.0068589915,-0.017557262,0.0
473115100,-0.004068226,-0.0077373683,-0.017202303,0.0
473315090,-0.005344735,-0.009574363,-0.016908782,0.0
473517588,-0.0065725897,-0.010174749,-0.016668662,0.0
473717589,-0.007038735,-0.010571801,-0.016541386,0.0
473917599,-0.007656661,-0.011650245,-0.016379068,0.0
474116339,-0.008428106,-0.012556244,-0.016155075,0.0
474316338,-0.008444987,-0.013152586,-0.015869658,0.0
474515097,-0.009236178,-0.014072904,-0.015552717,0.0
474715090,-0.009278812,-0.0147547815,-0.015246065,0.0
474917588,-0.009433423,-0.015134123,-0.014969738,0.0
475117589,-0.008238172,-0.0153900655,-0.014812263,0.0
475317595,-0.0085114185,-0.015732277,-0.014770268,0.0
475516342,-0.008010204,-0.016528867,-0.014797719,0.0
475716339,-0.0069766026,-0.01605022,-0.014785763,0.0
475915100,-0.006467491,-0.016097063,-0.014804506,0.0
476115092,-0.006373092,-0.016912641,-0.0149362255,0.0
476317588,-0.006616013,-0.017222373,-0.015165657,0.0
476517588,-0.008190235,-0.017021248,-0.015597663,0.0
476717596,-0.008162942,-0.015903642,-0.016107043,0.0
476916339,-0.009209622,-0.01585369,-0.016548345,0.0
477116338,-0.009920712,-0.014469261,-0.016978566,0.0
477315096,-0.011785088,-0.012698569,-0.017467573,0.0
477515092,-0.011941551,-0.011158079,-0.01795887,0.0
477717587,-0.011790637,-0.009364828,-0.01840416,0.0
477917587,-0.013431177,-0.00815041,-0.018797435,0.0
478117596,-0.013778907,-0.007619143,-0.019179262,0.0
478316341,-0.014395053,-0.0068167234,-0.019696068,0.0
478516342,-0.013784805,-0.0072765225,-0.020385858,0.0
478715097,-0.012826251,-0.007927704,-0.021313328,0.0
478915092,-0.011252933,-0.008483042,-0.022362726,0.0
479117588,-0.00914636,-0.008871037,-0.023473179,0.0
479317589,-0.007752174,-0.009536457,-0.024675932,0.0
479517596,-0.0065805595,-0.009724706,-0.026017977,0.0
479716340,-0.005654231,-0.0104643265,-0.027402079,0.0
479916343,-0.005700229,-0.010805465,-0.028634507,0.0
480115095,-0.0047001946,-0.010611299,-0.029696977,0.0
480315092,-0.0043693422,-0.010429113,-0.030601222,0.0
480517588,-0.0037973442,-0.010014587,-0.031315755,0.0
480717589,-0.0037157414,-0.010324413,-0.031766202,0.0
480917595,-0.0028734354,-0.010688136,-0.031933647,0.0
481116342,-0.0014404812,-0.010897459,-0.0317639,0.0
481316341,-0.0009518086,-0.011669018,-0.031472333,0.0
481515097,-0.0008991831,-0.011113329,-0.031078054,0.0
481715089,-0.0010047562,-0.011470249,-0.030766334,0.0
481917588,-0.0008713119,-0.010344175,-0.030480605,0.0
482117588,-0.0014906613,-0.010386626,-0.030338464,0.0
482317587,-0.00128349,-0.0106853545,-0.030380588,0.0
482516339,-0.00062977296,-0.009980952,-0.030473417,0.0
482716338,-7.066555e-05,-0.009669385,-0.030493814,0.0
482915099,-0.0006154982,-0.009146312,-0.030362122,0.0
483115093,-0.00076511485,-0.008128889,-0.030004622,0.0
483317589,-0.0016129027,-0.0068468647,-0.029461855,0.0
483517589,-0.0018162718,-0.0070346477,-0.029005244,0.0
483717600,-0.0016671029,-0.00817978,-0.028650124,0.0
483916340,-0.0021039078,-0.0076170294,-0.028283957,0.0
484116342,-0.0024577186,-0.0073105018,-0.027945457,0.0
484315097,-0.003518396,-0.0067032985,-0.027551806,0.0
484515089,-0.004197472,-0.006279221,-0.0271758,0.0
484717588,-0.0052501275,-0.0061636074,-0.026846437,0.0
484917589,-0.00566699,-0.00604967,-0.026659083,0.0
485117596,-0.0070212684,-0.007055507,-0.026671113,0.0
485316340,-0.007403478,-0.0068775355,-0.02689836,0.0
485516338,-0.007664286,-0.0070762495,-0.027238114,0.0
485715096,-0.00910222,-0.0067095794,-0.027636835,0.0
485915090,-0.009728591,-0.0067360727,-0.028061438,0.0
486117590,-0.0097303605,-0.0066615078,-0.028475985,0.0
486317589,-0.010896555,-0.00624885,-0.028817838,0.0
486517596,-0.011248666,-0.0047678812,-0.029104931,0.0
486716338,-0.011208173,-0.004088567,-0.02933191,0.0
486916338,-0.0117252655,-0.0037118085,-0.029495075,0.0
487115096,-0.01244535,-0.002723666,-0.029621122,0.0
487315090,-0.013350225,-0.00180454,-0.029836286,0.0
487517591,-0.01239674,-0.0007534491,-0.030163009,0.0
487717589,-0.012744412,-0.0008095382,-0.030623171,0.0
487917595,-0.012535525,-0.0007516363,-0.031268116,0.0
488116338,-0.011430249,-0.0016007561,-0.032025814,0.0
488316339,-0.010513561,-0.0029132576,-0.032895498,0.0
488515097,-0.009763617,-0.003119966,-0.033743963,0.0
488715089,-0.009594444,-0.002473927,-0.034482725,0.0
488917588,-0.008012393,-0.0037993074,-0.03503639,0.0
489117589,-0.0070382534,-0.0053949803,-0.03547161,0.0
489317595,-0.0066007753,-0.0062373793,-0.035886098,0.0
489516339,-0.005216571,-0.007042398,-0.03624425,0.0
489716338,-0.005782721,-0.007377082,-0.036531318,0.0
489915096,-0.0043577123,-0.007932261,-0.036726505,0.0
490115090,-0.0037395381,-0.008356001,-0.03677863,0.0
490317588,-0.0033960454,-0.008297371,-0.036822908,0.0
490517590,-0.00251925,-0.0092937825,-0.03691593,0.0
490717594,-0.0030104374,-0.01000804,-0.037050404,0.0
490916338,-0.0034349381,-0.01012108,-0.037243344,0.0
491116338,-0.0034888603,-0.009962076,-0.037407983,0.0
491315096,-0.0038268252,-0.01092516,-0.037486073,0.0
491515090,-0.004197778,-0.011224676,-0.037443176,0.0
491717592,-0.004937299,-0.010140846,-0.037317682,0.0
491917588,-0.0036628298,-0.009930593,-0.037051637,0.0
492117595,-0.0039282627,-0.0099338945,-0.036693946,0.0
492316338,-0.002927964,-0.009720054,-0.03629343,0.0
492516338,-0.002319991,-0.009039259,-0.035954077,0.0
492715090,-0.0015020042,-0.008517906,-0.035606466,0.0
492915091,-0.0010911848,-0.008440149,-0.035240002,0.0
493117588,-0.00093165174,-0.0088570025,-0.034852438,0.0
493317591,-0.00063985237,-0.008619144,-0.034493268,0.0
493517588,-0.00081614667,-0.009406656,-0.034144465,0.0
493716339,-0.00039111136,-0.008737793,-0.03374247,0.0
493916338,0.00087379164,-0.0074849445,-0.0333088,0.0
494115094,0.0015677903,-0.006787805,-0.032994173,0.0
494315092,0.0025053162,-0.0073672296,-0.03282858,0.0
494517588,0.0026175848,-0.006767933,-0.03290089,0.0
494717588,0.0027790158,-0.00681733,-0.03314938,0.0
494917589,0.004333444,-0.007065846,-0.033411223,0.0
495116339,0.005392421,-0.00696464,-0.033588383,0.0
495316339,0.004335067,-0.006434943,-0.033763733,0.0
495515092,0.0044941828,-0.006076129,-0.033862416,0.0
495715092,0.005597414,-0.006674589,-0.03373911,0.0
495917589,0.005929536,-0.0071585234,-0.033398405,0.0
496117588,0.0059591527,-0.0073795696,-0.03298978,0.0
496317588,0.0055664293,-0.00643867,-0.03254855,0.0
496516338,0.00479794,-0.005686076,-0.03215082,0.0
496716338,0.0050092773,-0.0048625306,-0.031902064,0.0
496915090,0.0054321317,-0.004746183,-0.0318222,0.0
497115089,0.0045416974,-0.0051294956,-0.031913094,0.0
497317588,0.0055553443,-0.0055824523,-0.032131486,0.0
497517588,0.0065142014,-0.00694847,-0.03234242,0.0
497717589,0.0072750486,-0.006691429,-0.032490242,0.0
497916338,0.0072216634,-0.0063987314,-0.03243424,0.0
498116338,0.0076084537,-0.007137754,-0.032470554,0.0
498315090,0.008434391,-0.007619192,-0.03274698,0.0
498515089,0.008466401,-0.007442338,-0.03310933,0.0
498717588,0.009109112,-0.008342325,-0.033495653,0.0
498917589,0.0106849875,-0.009167376,-0.033783846,0.0
499117588,0.01200721,-0.008818407,-0.033897955,0.0
499316339,0.012823981,-0.0075833704,-0.033886604,0.0
499516339,0.012547818,-0.0075057703,-0.033815287,0.0
499715090,0.011614693,-0.006910282,-0.03375465,0.0
499915089,0.011345039,-0.006979491,-0.03375648,0.0
500117589,0.010544134,-0.005979692,-0.03382806,0.0
500317588,0.009498321,-0.0047529098,-0.03388885,0.0
500517590,0.008811483,-0.005810709,-0.033785667,0.0
500716339,0.0076137423,-0.006691232,-0.03345376,0.0
500916339,0.007072172,-0.0068368665,-0.03276722,0.0
501115091,0.0063680415,-0.0064609894,-0.03185894,0.0
501315089,0.0035857602,-0.0060485913,-0.03101211,0.0
501517590,0.0016469304,-0.0069710617,-0.030416846,0.0
501717588,0.0012802036,-0.0057922094,-0.030076455,0.0
501917589,0.00039946934,-0.005145743,-0.030051686,0.0
502116341,-0.0012346746,-0.0055807307,-0.030309461,0.0
502316341,-0.0025553352,-0.00649305,-0.03086056,0.0
502515089,-0.0037430974,-0.0058153947,-0.031632848,0.0
502715091,-0.0044526225,-0.005374162,-0.032569483,0.0
502917588,-0.005265014,-0.0072350646,-0.03355656,0.0
503117590,-0.0058208215,-0.008240928,-0.0344623,0.0
503317588,-0.00521316,-0.0070693246,-0.035213172,0.0
503516341,-0.004786511,-0.0071365526,-0.03569101,0.0
503716338,-0.004685315,-0.005716564,-0.036044184,0.0
503915090,-0.0027743368,-0.0045157783,-0.036343075,0.0
504115090,-0.0013334564,-0.0038478496,-0.0364325,0.0
504317589,-0.0012039621,-0.0031797502,-0.03640025,0.0
504517588,0.00028766875,-0.0036383134,-0.03641134,0.0
504717588,0.0018496277,-0.0046111913,-0.036363397,0.0
504916339,0.0025304477,-0.005080572,-0.036216967,0.0
505116340,0.0032998573,-0.0048211,-0.03588493,0.0
505315089,0.0032994468,-0.004268454,-0.035378642,0.0
505515098,0.0032630253,-0.004543833,-0.034939367,0.0
505717588,0.002593148,-0.0057566348,-0.034728095,0.0
505917590,0.002205396,-0.006984695,-0.0346852,0.0
506117592,0.0021908646,-0.0071392017,-0.03479138,0.0
506316341,0.0008936172,-0.008412879,-0.034844503,0.0
506516341,-0.00020497577,-0.009423331,-0.034737214,0.0
506715089,-0.0014788987,-0.010104056,-0.034629717,0.0
506915097,-0.003037489,-0.0110784,-0.03478541,0.0
507117589,-0.0050566616,-0.01154891,-0.035058815,0.0
507317588,-0.0071706083,-0.011202136,-0.035453107,0.0
507517588,-0.008524075,-0.011210973,-0.035931803,0.0
507716348,-0.009980838,-0.010919479,-0.036453348,0.0
507916341,-0.010199908,-0.010697913,-0.03688172,0.0
508115089,-0.010566207,-0.010949788,-0.037231077,0.0
508315090,-0.011127073,-0.01096913,-0.037612744,0.0
508517590,-0.011395667,-0.0098300995,-0.037966788,0.0
508717589,-0.012465377,-0.009738303,-0.038327366,0.0
508917588,-0.012669005,-0.00992217,-0.038662005,0.0
509116348,-0.013957574,-0.009341562,-0.039038785,0.0
509316342,-0.013621338,-0.008360471,-0.03952845,0.0
509515089,-0.013565121,-0.0068842224,-0.040009204,0.0
509715089,-0.013553228,-0.0058066505,-0.040566985,0.0
509917591,-0.013438909,-0.006191905,-0.041094813,0.0
510117588,-0.013416089,-0.006174488,-0.041598238,0.0
510317596,-0.01420943,-0.006484076,-0.0421086,0.0
510516341,-0.014123102,-0.0066846386,-0.042693757,0.0
510716341,-0.014973958,-0.0065068197,-0.04345368,0.0
510915090,-0.015678978,-0.0067426744,-0.044286977,0.0
511115092,-0.015642306,-0.0056070965,-0.045185268,0.0
511317600,-0.015227942,-0.0056539173,-0.04618391,0.0
511517589,-0.014455445,-0.0044354214,-0.047160536,0.0
511717589,-0.0142833125,-0.004259046,-0.047925465,0.0
511916339,-0.014363041,-0.0034809303,-0.048436698,0.0
512116338,-0.013257718,-0.004537083,-0.048661962,0.0
512315090,-0.011849636,-0.0074739833,-0.048789233,0.0
512515089,-0.031476866,-0.008036747,-0.048697207,0.0
512717599,-0.010103,-0.0048766,-0.049181927,0.0
512917588,-0.016675152,-0.008362642,-0.04950409,0.0
513117589,-0.021112561,-0.0066120215,-0.05017412,0.0
513316338,-0.018904086,-0.004875174,-0.051080134,0.0
513516338,-0.01898449,-0.005315166,-0.051925253,0.0
513715090,-0.019798458,-0.0053484626,-0.052829016,0.0
513915090,-0.021683233,-0.0062976303,-0.05377657,0.0
514117589,-0.020544592,-0.0056721396,-0.054795913,0.0
514317588,-0.01877379,-0.004942558,-0.055696372,0.0
514517589,-0.018382087,-0.0092994785,-0.056509603,0.0
514716338,-0.021558778,-0.010708593,-0.05725123,0.0
514916338,-0.023067068,-0.0072891745,-0.05776256,0.0
515115090,-0.018360589,-0.005130585,-0.058050368,0.0
515315090,-0.018361118,-0.0061621885,-0.058078308,0.0
515517587,-0.021626053,-0.004521356,-0.05802735,0.0
515717589,-0.021718504,-0.0011050141,-0.057917822,0.0
515917588,-0.020107247,-0.0012270937,-0.057968866,0.0
516116340,-0.017226327,-0.006238956,-0.05812287,0.0
516316341,-0.017025923,-0.008720605,-0.05821222,0.0
516515091,-0.018221343,-0.0038625842,-0.058502153,0.0
516715092,-0.021221688,-0.002427841,-0.059167314,0.0
516917590,-0.02037781,-0.0034286166,-0.059953973,0.0
517117590,-0.018740216,-0.003927694,-0.060643744,0.0
517317588,-0.017528003,-0.003197141,-0.061350074,0.0
517516337,-0.01669716,-0.005056593,-0.061855413,0.0
517716346,-0.014628125,-0.0065434654,-0.062028874,0.0
517915090,-0.015668513,-0.009745437,-0.061663304,0.0
518115089,-0.013296018,-0.011344882,-0.062360946,0.0
518317587,-0.013787398,-0.004701757,-0.062879845,0.0
518517588,-0.01243567,-0.0066975183,-0.063056976,0.0
518717589,-0.011120089,-0.008793628,-0.063079715,0.0
518916338,-0.010057828,-0.009983498,-0.0633253,0.0
519116345,-0.0106279375,-0.0097671375,-0.06334965,0.0
519315090,-0.007822366,-0.00703246,-0.06318727,0.0
519515090,-0.002906862,-0.009097416,-0.06272986,0.0
519717589,-0.0074691987,-0.011058678,-0.061882816,0.0
519917596,-0.008876804,-0.010159966,-0.061056715,0.0
520117588,-0.0073563093,-0.007842116,-0.06010501,0.0
520316338,-0.005790523,-0.011070227,-0.059121296,0.0
520516342,-0.0018718266,-0.011784535,-0.058011107,0.0
520715090,-0.00175658,-0.01138232,-0.056651026,0.0
520915090,-0.001402442,-0.010594629,-0.05501423,0.0
521117588,-0.00041798613,-0.01358703,-0.053515423,0.0
521317589,-9.438428e-05,-0.0152479885,-0.052359562,0.0
521517588,-0.0006892951,-0.015640907,-0.051626123,0.0
521716339,-0.0009387124,-0.0145170875,-0.05119257,0.0
521916339,-0.0017934716,-0.014666178,-0.05098079,0.0
522115088,-0.0026071824,-0.014246103,-0.05092376,0.0
522315089,-0.0022958962,-0.013715328,-0.05098175,0.0
522517588,-0.00200938,-0.01262552,-0.050909393,0.0
522717593,-0.0026921416,-0.010894062,-0.050706375,0.0
522917590,-0.0035274737,-0.011096529,-0.05043115,0.0
523116338,-0.0038405245,-0.011435205,-0.050054643,0.0
523316338,-0.0046817935,-0.010222594,-0.04965403,0.0
523515090,-0.0050907414,-0.008972255,-0.04945601,0.0
523715089,-0.005861184,-0.008673099,-0.04959477,0.0
523917589,-0.005901732,-0.008040996,-0.05009191,0.0
524117589,-0.004653571,-0.0076201446,-0.05081758,0.0
524317588,-0.0045642173,-0.008350737,-0.051596057,0.0
524516338,-0.0062939087,-0.0073859505,-0.05248827,0.0
524716339,-0.0039020889,-0.0065707024,-0.053449478,0.0
524915089,-0.0022371046,-0.0076296516,-0.05412256,0.0
525115092,-0.003969908,-0.004805621,-0.05460848,0.0
525317589,0.00079702924,-0.0028425755,-0.054981574,0.0
525517588,0.009447839,-0.003139556,-0.055021796,0.0
525717589,-0.0031575016,-0.0029492253,-0.054963544,0.0
525916339,0.0015107861,0.00024342648,-0.055346128,0.0
526116338,0.0061428505,-0.00048809568,-0.055653717,0.0
526315090,0.0033630652,-0.0033246113,-0.05577939,0.0
526515090,0.0073678517,-0.0022229473,-0.05569842,0.0
526717588,0.004017049,-0.0005403201,-0.055330493,0.0
526917588,0.0036627615,-0.0025321937,-0.054564163,0.0
527117595,0.0011609207,-0.0037560975,-0.053678747,0.0
527316338,-0.0007848301,-0.0027711524,-0.05303166,0.0
527516338,-0.0010294464,-0.0039752666,-0.052277554,0.0
527715097,-0.000551099,-0.0058349976,-0.051269334,0.0
527915090,-0.0014243642,-0.006191551,-0.05015931,0.0
528117589,-0.0009242646,-0.0066039828,-0.048950057,0.0
528317588,-0.0005266231,-0.007720371,-0.047890533,0.0
528517590,-0.0024029613,-0.009662137,-0.047750466,0.0
528716338,-0.0060262815,-0.010021763,-0.04733289,0.0
528916346,-0.0026081882,-0.00893154,-0.04660127,0.0
529115089,-0.00060753565,-0.008209534,-0.045834422,0.0
529315090,-0.0026505715,-0.0059964345,-0.045216843,0.0
529517588,-0.042006236,-0.00050291873,-0.04094633,0.0
529717590,-0.10373811,-0.031312395,-0.026825098,0.0
529917588,-0.13994716,-0.06893366,-0.022372954,0.0
530116338,-0.15787205,-0.10688572,-0.022372954,0.0
530316338,-0.15787205,-0.14340687,-0.022372954,0.0
530515089,-0.15787205,-0.15044014,-0.022436798,0.0
530715089,-0.15787205,-0.1518749,-0.022129852,0.0
530917588,-0.15787205,-0.1518749,-0.022129852,0.0
531117587,-0.15787205,-0.1518749,-0.022129852,0.0
531317587,-0.15787205,-0.1518749,-0.022129852,0.0
531516338,-0.15787205,-0.1518749,-0.022129852,0.0
531716337,-0.15787205,-0.1518749,-0.022129852,0.0
531915089,-0.15787205,-0.1518749,-0.022129852,0.0
532115089,-0.15787205,-0.1518749,-0.022129852,0.0
532317588,-0.15787205,-0.1518749,-0.022129852,0.0
532517588,-0.15787205,-0.1518749,-0.022129852,0.0
532717588,-0.15787205,-0.1518749,-0.022129852,0.0
532916337,-0.15787205,-0.1518749,-0.022129852,0.0
533116340,0.0,0.0,0.0,0.0
533315092,0.0,0.0,0.0,0.0
533515100,0.0,0.0,0.0,0.0
533717591,0.0,0.0,0.0,0.0
533917590,0.0,0.0,0.0,0.0
