timestamp,timestamp_sample,device_id,bias,bias_var,innov,innov_var,innov_test_ratio
267444328,267334369,6780433,455.69275,0.13323991,-0.14639282,12.385146,0.00019226308
267784340,267680748,6780433,455.6876,0.13313131,-0.21633911,12.384998,0.00041988623
268394320,268286948,6780433,455.68182,0.13319202,-0.11721802,12.385087,0.0001232671
268914309,268806567,6780433,455.67404,0.13320205,-0.22436523,12.385077,0.0004516166
269434512,269326151,6780433,455.6698,0.13321082,-0.17425537,12.385095,0.00027241468
269954522,269845747,6780433,455.67026,0.13321854,0.17520142,12.385104,0.00027538041
270384320,270278747,6780433,455.67804,0.13316913,0.15029907,12.38505,0.000202662
270904303,270798372,6780433,455.68756,0.1331752,0.0914917,12.38508,7.5096905e-05
271424473,271317948,6780433,455.6925,0.13318054,0.12332153,12.385106,0.00013643807
271854308,271750973,6780433,455.70154,0.13312821,0.14492798,12.385284,0.00018843256
272634428,272530375,6780433,455.87292,0.13274565,0.14346313,12.3892,0.00018458434
272724313,272616948,6780433,455.87482,0.13281116,0.17581177,12.386279,0.00027727615
273414507,273309751,6780433,455.87073,0.13283041,-0.27301025,12.384867,0.0006686888
273844305,273742748,6780433,455.8653,0.13281429,-0.04321289,12.384792,1.6753107e-05
274454507,274348947,6780433,455.85495,0.13291997,-0.15838623,12.384838,0.0002250619
274884332,274781947,6780433,455.8478,0.13289455,-0.28259277,12.384793,0.00071645813
275324508,275214948,6780433,455.8404,0.13303368,-0.23208618,12.384922,0.0004832399
275924308,275821148,6780433,455.82846,0.13295627,-0.15054321,12.384842,0.00020332434
276444508,276340748,6780433,455.81876,0.13298157,-0.1308899,12.384886,0.00015370134
276884339,276773747,6780433,455.81097,0.13311169,-0.069244385,12.384991,4.3016087e-05
277314312,277206776,6780433,455.80743,0.13307685,-0.18261719,12.384959,0.0002991894
277914506,277812948,6780433,455.798,0.1329933,-0.10662842,12.384877,0.00010200271
278354510,278245975,6780433,455.7919,0.13312224,-0.17404175,12.385027,0.00027174866
278954508,278852147,6780433,455.78375,0.1330323,-0.17327881,12.384952,0.000269373
279134320,279025352,6780433,455.7811,0.1331493,-0.14956665,12.385064,0.0002006914
279654510,279544948,6780433,455.7778,0.13316458,-0.11416626,12.385048,0.00011693253
280434324,280324369,6780433,455.77594,0.13318402,0.18197632,12.385035,0.00029709135
280954316,280843947,6780433,455.77005,0.13319503,-0.0954895,12.385091,8.180306e-05
281214327,281103747,6780433,455.77118,0.1332,0.09793091,12.385096,8.6039465e-05
282074311,281969747,6780433,455.7726,0.13311307,0.07287598,12.384987,4.7646467e-05
282164510,282056348,6780433,455.77374,0.13317046,0.104644775,12.385046,9.824149e-05
282944386,282835748,6780433,455.77322,0.13318887,-0.17080688,12.385057,0.00026174006
283464504,283355349,6780433,455.77512,0.13319927,0.0043029785,12.385101,1.661102e-07
283894332,283788371,6780433,455.77994,0.13315184,0.093933105,12.385018,7.915862e-05
284414321,284307998,6780433,455.78177,0.13316004,0.16790771,12.385031,0.0002529308
284934503,284827546,6780433,455.77765,0.13316724,-0.11828613,12.385073,0.00012552395
285454325,285347147,6780433,455.77576,0.13317353,0.019744873,12.385047,3.497587e-06
285884337,285780148,6780433,455.77652,0.13312542,-0.02420044,12.385031,5.2542036e-06
286404508,286299749,6780433,455.76938,0.13313687,-0.15582275,12.385026,0.00021783232
286494514,286386346,6780433,455.76685,0.13319375,-0.23361206,12.385099,0.000489608
287354321,287252357,6780433,455.76385,0.13309799,-0.062286377,12.38499,3.4805507e-05
287874501,287771947,6780433,455.76233,0.13310587,-0.14788818,12.384988,0.00019621348
288394319,288291567,6780433,455.75607,0.13311279,-0.18359375,12.3849945,0.00030239698
288744316,288637947,6780433,455.75073,0.13317324,-0.10281372,12.3850565,9.483347e-05
289354313,289244174,6780433,455.7447,0.13323474,-0.16378784,12.385108,0.00024066947
289954508,289850357,6780433,455.74014,0.13312882,-0.18838501,12.385027,0.00031838546
290304318,290196771,6780433,455.73297,0.13319144,-0.19049072,12.385103,0.00032554087
290824334,290716363,6780433,455.72534,0.13320157,-0.12789917,12.385094,0.00014675524
291424361,291322548,6780433,455.71976,0.13310036,-0.14865112,12.384974,0.00019824342
291774318,291668947,6780433,455.71533,0.13316186,-0.09616089,12.385043,8.295774e-05
292464314,292361774,6780433,455.71072,0.1331146,-0.11010742,12.3849945,0.00010876643
292724317,292621567,6780433,455.71042,0.13311762,-0.14871216,12.385004,0.00019840576
293074327,292967948,6780433,455.70798,0.13317767,-0.12332153,12.385052,0.00013643867
293854537,293747361,6780433,455.70422,0.13318494,-0.041259766,12.385058,1.5272599e-05
294284336,294180357,6780433,455.7028,0.1331321,-0.043395996,12.384999,1.6895103e-05
294804504,294699947,6780433,455.7065,0.13314271,0.112335205,12.385025,0.00011321197
295234357,295132947,6780433,455.70935,0.13309425,0.12680054,12.385004,0.0001442459
295934321,295825747,6780433,455.69955,0.13321659,-0.12484741,12.385107,0.00013983529
296274320,296172146,6780433,455.69293,0.13310994,-0.11618042,12.3849745,0.000121095574
296624483,296518568,6780433,455.69357,0.13317065,-0.14459229,12.385068,0.00018756393
297404312,297297947,6780433,455.68912,0.1331792,-0.20654297,12.385066,0.00038271898
297924539,297817547,6780433,455.69135,0.13318402,0.11343384,12.38508,0.000115436706
298444365,298337147,6780433,455.69336,0.13318825,0.121795654,12.3850565,0.00013308316
298874506,298770147,6780433,455.69403,0.13313864,-0.10671997,12.385057,0.00010217646
299394323,299289780,6780433,455.69104,0.13314848,0.07092285,12.385048,4.5126555e-05
299914501,299809371,6780433,455.6964,0.1331571,-0.14248657,12.385084,0.00018214044
300434515,300328947,6780433,455.7012,0.13316469,0.1473999,12.385112,0.000194918
300954333,300848568,6780433,455.70786,0.13317133,0.16195679,12.38509,0.0002353188
301124499,301021776,6780433,455.71317,0.13311704,0.14819336,12.385023,0.00019702356
301904506,301801150,6780433,455.7219,0.13312511,0.10470581,12.38503,9.835626e-05
302424502,302320747,6780433,455.72656,0.1331297,0.109069824,12.385051,0.00010672568
302944319,302840376,6780433,455.7372,0.13313371,0.12017822,12.385032,0.00012957223
303464327,303359947,6780433,455.7428,0.13314414,0.16729736,12.38503,0.0002510953
303894316,303792947,6780433,455.7495,0.13309552,0.15164185,12.3849945,0.00020630026
304414313,304312568,6780433,455.7592,0.13310371,0.19674683,12.385003,0.00034727764
304934511,304832148,6780433,455.7642,0.13311091,0.34344482,12.38503,0.0010582161
305454321,305351774,6780433,455.76538,0.13311721,0.123809814,12.385013,0.00013752168
305894559,305784748,6780433,455.76978,0.13323331,0.04837036,12.385189,2.0990052e-05
306414507,306304368,6780433,455.77097,0.13323829,0.0692749,12.385162,4.3053416e-05
306844515,306737359,6780433,455.77377,0.13318685,0.013214111,12.385089,1.566514e-06
307364320,307256947,6780433,455.777,0.13319074,0.09472656,12.385086,8.050114e-05
307794525,307689946,6780433,455.77863,0.1331442,0.23535156,12.38505,0.0004969285
308314510,308209547,6780433,455.77823,0.13315333,0.07366943,12.385032,4.8689468e-05
308924499,308815746,6780433,455.77853,0.1332177,-0.05279541,12.385124,2.5006302e-05
309184523,309075546,6780433,455.78253,0.13322125,0.19863892,12.385107,0.00035398625
309964508,309854960,6780433,455.78668,0.13323061,0.1949768,12.385122,0.00034105394
310044533,309941568,6780433,455.78537,0.13312012,-0.121276855,12.384999,0.00013195242
310824500,310720970,6780433,455.79214,0.13312763,0.22299194,12.385015,0.00044610727
311434312,311327146,6780433,455.80252,0.13318887,0.105895996,12.38509,0.000100604506
311954506,311846772,6780433,455.8023,0.13319601,0.12194824,12.385088,0.00013341648
312294581,312193148,6780433,455.8095,0.13309108,0.09915161,12.384958,8.8198765e-05
312904505,312799368,6780433,455.81384,0.13315749,0.11834717,12.385031,0.00012565394
313334326,313232361,6780433,455.81668,0.13310747,0.20291138,12.384985,0.0003693812
313774320,313665349,6780433,455.81683,0.13322458,-0.1159668,12.385121,0.00012064922
314464475,314358148,6780433,455.82404,0.13317734,0.08123779,12.385073,5.9207287e-05
314894504,314791150,6780433,455.82547,0.13312529,0.12771606,12.385034,0.00014633605
315414510,315310747,6780433,455.8292,0.13312984,0.1267395,12.385034,0.00014410673
316024314,315916947,6780433,455.82812,0.13319075,-0.0927124,12.385077,7.7114215e-05
316454321,316349947,6780433,455.8309,0.13314424,0.088409424,12.385049,7.012242e-05
316804511,316696348,6780433,455.8311,0.13320558,-0.1020813,12.385098,9.348682e-05
317064503,316956156,6780433,455.8322,0.13320988,0.108062744,12.385105,0.00010476345
317924323,317822147,6780433,455.82928,0.13311097,-0.07897949,12.384991,5.5961646e-05
318104326,317995366,6780433,455.82947,0.13322459,0.16000366,12.385104,0.00022967708
318884528,318774749,6780433,455.83105,0.13323337,-0.119506836,12.38512,0.00012812762
319404310,319294368,6780433,455.8343,0.1332383,0.13214111,12.385099,0.00015665127
319664499,319554175,6780433,455.83157,0.13324055,-0.13967896,12.385126,0.00017503262
320354503,320246947,6780433,455.83704,0.13319077,0.13684082,12.385091,0.00016799239
320954321,320853147,6780433,455.83682,0.13309109,-0.11166382,12.384969,0.00011186327
321394370,321286150,6780433,455.8363,0.13320988,-0.099975586,12.385106,8.966969e-05
321474310,321372747,6780433,455.8352,0.13309984,-0.10055542,12.384997,9.0713635e-05
321994537,321892357,6780433,455.83722,0.1331075,0.10873413,12.385007,0.0001060701
322774321,322671775,6780433,455.84186,0.13311729,0.078186035,12.384986,5.484289e-05
323294316,323191347,6780433,455.84344,0.13312285,0.07946777,12.385008,5.665566e-05
323644324,323537747,6780433,455.84467,0.13318247,0.09500122,12.385077,8.096869e-05
324334313,324230568,6780433,455.8451,0.13313194,-0.06387329,12.38501,3.660157e-05
324944315,324836778,6780433,455.83908,0.13319604,-0.118621826,12.385081,0.00012623734
325464307,325356346,6780433,455.83926,0.13320562,-0.14221191,12.385102,0.00018143868
325894526,325789382,6780433,455.83746,0.13315754,-0.13717651,12.385033,0.00016881843
326414513,326308947,6780433,455.8336,0.13316502,-0.06674194,12.385082,3.9962833e-05
326934316,326828568,6780433,455.8279,0.13317163,-0.24597168,12.385098,0.0005427855
327454526,327348148,6780433,455.8228,0.13317741,-0.09994507,12.385093,8.961505e-05
327884534,327781151,6780433,455.817,0.13312536,-0.16293335,12.385025,0.00023816644
328234534,328127567,6780433,455.81888,0.13318478,0.09738159,12.385095,8.507695e-05
328924499,328820356,6780433,455.81628,0.13313387,-0.12927246,12.38502,0.00014992457
329444527,329339947,6780433,455.81644,0.13314427,0.08157349,12.385037,5.9697784e-05
330054514,329946150,6780433,455.8191,0.13320991,0.15362549,12.385094,0.00021173115
330394318,330292547,6780433,455.82224,0.13310383,0.08834839,12.384992,7.0025955e-05
330574325,330465746,6780433,455.8256,0.13321775,0.22451782,12.3851185,0.00045222958
331264499,331158568,6780433,455.82635,0.1331716,-0.045562744,12.385061,1.8624261e-05
331874325,331764746,6780433,455.8277,0.1332334,-0.18109131,12.385129,0.00029420643
332214508,332111151,6780433,455.82974,0.13312535,0.14587402,12.38503,0.00019090458
332734509,332630747,6780433,455.83188,0.13312988,0.15551758,12.385027,0.0002169799
333344514,333236946,6780433,455.83624,0.13319081,0.045135498,12.385087,1.827658e-05
334034538,333929747,6780433,455.8382,0.133149,0.11254883,12.385051,0.00011364273
334464316,334362747,6780433,455.84268,0.13309987,0.20410156,12.384987,0.00037372712
334814517,334709176,6780433,455.8482,0.13316141,0.17730713,12.385061,0.00028204065
335424474,335315349,6780433,455.8529,0.1332246,0.19717407,12.385111,0.00034878452
335854315,335748371,6780433,455.85718,0.13317457,0.16952515,12.385083,0.00025782606
336464320,336354547,6780433,455.8581,0.13323595,0.12075806,12.385111,0.00013082473
336724476,336614367,6780433,455.85886,0.13323833,-0.1005249,12.385098,9.0657835e-05
337324308,337220599,6780433,455.86203,0.1331319,0.18136597,12.384997,0.00029510268
337754509,337653568,6780433,455.86304,0.13308112,-0.1451416,12.384975,0.00018899319
338274319,338173147,6780433,455.86707,0.13309109,0.15029907,12.384956,0.00020266352
338884579,338779368,6780433,455.86536,0.1331575,-0.16015625,12.385042,0.00023011652
339404313,339298956,6780433,455.86682,0.13316499,-0.12408447,12.385057,0.00013813202
339924508,339818568,6780433,455.87054,0.13317159,0.11911011,12.385075,0.0001272788
340444499,340338147,6780433,455.87692,0.13317737,0.17251587,12.3850765,0.00026700346
340704511,340597946,6780433,455.881,0.13317999,0.12768555,12.385063,0.00014626578
341394515,341290746,6780433,455.8884,0.13312985,0.098968506,12.385029,8.787281e-05
341834321,341723747,6780433,455.89545,0.13324465,0.20767212,12.385125,0.00038691313
342434514,342329961,6780433,455.90714,0.13314424,0.12313843,12.385045,0.00013603388
342954330,342849547,6780433,455.9137,0.13315338,0.12045288,12.385035,0.00013016514
343214508,343109368,6780433,455.9185,0.13315749,0.14013672,12.385045,0.0001761829
343904505,343802147,6780433,455.92096,0.13311094,-0.036346436,12.384998,1.1851825e-05
344424309,344321773,6780433,455.92526,0.13311724,0.11834717,12.38501,0.00012565416
344944520,344841347,6780433,455.92868,0.13312279,0.23477173,12.385025,0.0004944839
345464320,345360973,6780433,455.9261,0.13312761,0.11444092,12.385018,0.000117496114
345984333,345880547,6780433,455.92715,0.13313188,0.15039062,12.385005,0.00020290972
346414507,346313568,6780433,455.934,0.1330811,0.16629028,12.384975,0.00024808245
346854319,346746568,6780433,455.93744,0.13320091,0.14624023,12.385092,0.00019186334
347284538,347179547,6780433,455.94183,0.13315333,0.18475342,12.3850565,0.00030622768
347894323,347785746,6780433,455.94742,0.13321766,0.28826904,12.385094,0.0007455112
348324509,348218746,6780433,455.95132,0.13316834,-0.12997437,12.385088,0.00015155623
348754333,348651773,6780433,455.95828,0.1331172,0.20553589,12.385006,0.0003789977
349274322,349171347,6780433,455.96472,0.13312276,0.13851929,12.385021,0.00017213976
349794325,349690976,6780433,455.96725,0.13312761,-0.16259766,12.385035,0.00023718589
350404367,350297147,6780433,455.96628,0.13318884,-0.17956543,12.385084,0.0002892704
350924507,350816770,6780433,455.96558,0.13319598,-0.08343506,12.385082,6.245335e-05
351264503,351163147,6780433,455.96707,0.13309106,0.23443604,12.38497,0.0004930731
351874515,351769368,6780433,455.96677,0.13315749,-0.054138184,12.385063,2.6294603e-05
352304506,352202356,6780433,455.96848,0.13310751,0.12454224,12.385012,0.00013915359
352744501,352635349,6780433,455.9734,0.1332246,0.14709473,12.385131,0.00019411142
353434315,353328147,6780433,455.98007,0.13317741,0.2180481,12.385073,0.0004265437
353864500,353761154,6780433,455.98685,0.13312538,0.12371826,12.385041,0.00013731806
354384517,354280747,6780433,455.99506,0.1331299,0.19439697,12.38502,0.00033903128
354904505,354800358,6780433,456.0031,0.13313387,0.17562866,12.385025,0.0002767269
355424313,355319960,6780433,456.00763,0.13314429,0.10803223,12.385037,0.00010470485
355774314,355666356,6780433,456.00882,0.13320562,-0.18481445,12.385079,0.0003064295
356464328,356359182,6780433,456.01282,0.1331614,0.08432007,12.3850565,6.378542e-05
356814312,356705599,6780433,456.01382,0.13322128,0.045166016,12.385115,1.8301262e-05
357414312,357311774,6780433,456.01526,0.13311729,-0.124053955,12.384985,0.00013806489
357934329,357831347,6780433,456.0113,0.13312283,-0.15029907,12.385025,0.0002026624
358454329,358350970,6780433,456.0083,0.13312767,-0.1453247,12.384989,0.00018947014
358804503,358697365,6780433,456.00824,0.13318689,0.15127563,12.385072,0.00020530376
359324310,359216948,6780433,456.005,0.1331908,-0.11138916,12.385109,0.000111312394
359664331,359563371,6780433,456.006,0.13308631,0.057922363,12.384973,3.0099203e-05
360274335,360169548,6780433,456.0057,0.13315344,0.1131897,12.385029,0.00011494082
360704356,360602568,6780433,456.00256,0.13310385,-0.19351196,12.384977,0.0003359525
361314504,361208747,6780433,456.00455,0.13316844,0.10699463,12.385063,0.00010270302
361744505,361641779,6780433,456.00067,0.13311732,-0.1633606,12.385016,0.00023941729
362094329,361988147,6780433,455.99924,0.1331774,-0.054473877,12.385059,2.6621712e-05
362704308,362594368,6780433,455.99698,0.13323835,-0.11325073,12.385115,0.00011506401
363134506,363027361,6780433,455.99966,0.13318689,0.16036987,12.385096,0.0002307298
363994321,363893371,6780433,455.99832,0.1330863,-0.06591797,12.384988,3.8982485e-05
364434315,364326347,6780433,456.00357,0.13320561,0.24014282,12.385097,0.00051736535
364954335,364845973,6780433,456.00565,0.13321395,0.1171875,12.385096,0.00012320284
365214502,365105746,6780433,456.01114,0.13321774,0.19650269,12.385117,0.00034641314
365814320,365711947,6780433,456.01544,0.13311423,0.27365112,12.384994,0.000671825
366424473,366318147,6780433,456.0194,0.13317738,0.12594604,12.385094,0.00014230731
366944327,366837747,6780433,456.02228,0.13318245,-0.115875244,12.385083,0.000120459175
367464319,367357357,6780433,456.02676,0.13318686,0.18032837,12.385056,0.00029173438
367724533,367617146,6780433,456.03003,0.13318887,0.12249756,12.385072,0.00013462131
368414518,368309947,6780433,456.03162,0.13314421,0.08874512,12.385038,7.0656e-05
368764476,368656347,6780433,456.03317,0.13320553,0.1647644,12.385091,0.00024354827
369364509,369262548,6780433,456.03528,0.13310377,-0.08401489,12.384998,6.332484e-05
369804509,369695566,6780433,456.0369,0.13322127,0.09338379,12.385106,7.823494e-05
370234314,370128568,6780433,456.04025,0.13317159,0.04196167,12.385072,1.5796631e-05
370584528,370474947,6780433,456.03958,0.13323063,-0.16497803,12.385135,0.00024417936
371364349,371254368,6780433,456.0404,0.13323832,0.1920166,12.385133,0.0003307763
371964315,371860566,6780433,456.03485,0.1331319,-0.119659424,12.385028,0.00012845598
372394318,372293569,6780433,456.03586,0.13308115,0.12521362,12.384992,0.00014065814
372654504,372553387,6780433,456.03394,0.13308631,-0.19076538,12.3850155,0.0003264826
373434506,373332747,6780433,456.03284,0.13309988,-0.059570312,12.385013,3.183617e-05
373954322,373852360,6780433,456.02994,0.13310753,-0.1274414,12.384999,0.00014570773
374394510,374285357,6780433,456.02698,0.13322462,-0.18899536,12.385152,0.00032044863
374914508,374804948,6780433,456.02225,0.13323067,-0.15579224,12.385147,0.00021774486
375344511,375237947,6780433,456.0198,0.13318004,0.17526245,12.385085,0.00027557273
375954318,375844175,6780433,456.02267,0.1332406,0.18487549,12.385138,0.00030663048
376214321,376103946,6780433,456.02267,0.1332427,-0.068115234,12.385135,4.1624142e-05
376644314,376536947,6780433,456.0276,0.1331908,0.3083496,12.385082,0.0008529928
377424307,377316347,6780433,456.03027,0.13320561,0.09564209,12.3851,8.206464e-05
377944511,377835969,6780433,456.03195,0.13321398,0.12438965,12.385131,0.00013881148
378374330,378268947,6780433,456.036,0.13316508,0.13876343,12.385095,0.00017274608
378894518,378788568,6780433,456.03925,0.13317166,0.13220215,12.385074,0.00015679635
379324510,379221567,6780433,456.0432,0.13312021,0.17697144,12.385021,0.0002809746
379934503,379827747,6780433,456.0533,0.13318253,0.17218018,12.38508,0.0002659653
380364501,380260747,6780433,456.05493,0.13312992,-0.1078186,12.385002,0.000104291474
380884337,380780357,6780433,456.0577,0.13313387,0.10586548,12.384996,0.00010054728
381404505,381299947,6780433,456.0633,0.13314426,0.12265015,12.385005,0.00013495763
381754315,381646363,6780433,456.06946,0.13320558,0.17941284,12.385096,0.0002887787
382354517,382252547,6780433,456.07465,0.13310379,0.1854248,12.385002,0.00030845872
382964312,382858746,6780433,456.08142,0.13316838,0.21609497,12.385058,0.00041893704
383314319,383205147,6780433,456.0823,0.13322768,-0.16845703,12.385116,0.0002545867
383744512,383638147,6780433,456.08557,0.13317734,0.19049072,12.385046,0.00032554238
384264310,384157747,6780433,456.09155,0.1331824,0.1333313,12.385043,0.00015948659
384954324,384850546,6780433,456.09033,0.13313186,0.1434021,12.38502,0.00018448956
385384348,385283568,6780433,456.0959,0.1330811,0.15316772,12.384962,0.00021047344
385904310,385803147,6780433,456.1026,0.13309109,0.15786743,12.384995,0.00022358708
386424473,386322747,6780433,456.10992,0.13309984,0.13061523,12.385024,0.00015305527
386774314,386669176,6780433,456.1133,0.1331614,0.11102295,12.385046,0.00011058224
387464316,387361947,6780433,456.1175,0.13311425,0.15231323,12.385029,0.0002081305
387904476,387794947,6780433,456.1271,0.13323064,0.17651367,12.385141,0.00027952023
388164500,388054748,6780433,456.131,0.13323338,0.25933838,12.385147,0.0006033786
389114321,389007360,6780433,456.13208,0.13318689,0.099731445,12.385086,8.9232424e-05
389374505,389267146,6780433,456.13318,0.1331889,0.10253906,12.385085,9.432725e-05
389894514,389786770,6780433,456.13733,0.13319604,0.25946045,12.385102,0.0006039489
390414333,390306347,6780433,456.14554,0.13320561,0.22705078,12.38511,0.00046249136
390754520,390652747,6780433,456.14932,0.13309988,0.10739136,12.385014,0.00010346648
391454512,391345551,6780433,456.1576,0.13322134,0.1668396,12.385136,0.00024972096
391884333,391778569,6780433,456.16577,0.13317165,0.21664429,12.385056,0.0004210697
392404306,392298147,6780433,456.17322,0.13317738,0.07644653,12.385048,5.242946e-05
392924498,392817747,6780433,456.18314,0.13318245,0.25186157,12.38509,0.0005690916
393444323,393337359,6780433,456.19363,0.13318689,0.13275146,12.385084,0.00015810193
393964505,393856947,6780433,456.2008,0.13319081,0.08569336,12.385107,6.5879765e-05
394394505,394289946,6780433,456.20746,0.13314427,0.2871704,12.385041,0.0007398427
394914529,394809546,6780433,456.21344,0.13315342,0.07662964,12.385057,5.268088e-05
395434334,395329179,6780433,456.2203,0.13316141,0.24880981,12.38505,0.0005553858
395954322,395848748,6780433,456.2266,0.13316843,0.22271729,12.385103,0.00044500583
396384551,396281772,6780433,456.22943,0.1331173,0.06289673,12.385005,3.5490935e-05
396904323,396801364,6780433,456.23746,0.13312285,0.10336304,12.385013,9.584988e-05
397344315,397234368,6780433,456.24118,0.13323835,0.13613892,12.385133,0.00016627286
397684513,397580747,6780433,456.24298,0.13312986,0.14312744,12.385023,0.00018378349
398294516,398186947,6780433,456.24268,0.13319077,-0.15100098,12.385075,0.0002045589
398894321,398793147,6780433,456.2392,0.13309109,-0.11645508,12.384964,0.000121668905
399244476,399139547,6780433,456.23785,0.13315336,0.01159668,12.385028,1.2065015e-06
399764311,399659177,6780433,456.23407,0.13316135,-0.10525513,12.385043,9.939087e-05
400194513,400092147,6780433,456.23398,0.13311096,-0.10211182,12.385002,9.354346e-05
400804307,400698371,6780433,456.2331,0.13317454,0.03488159,12.3850565,1.0915713e-05
401324536,401217947,6780433,456.23416,0.13317996,0.1508789,12.385084,0.00020422814
401934504,401824175,6780433,456.23212,0.13324055,0.09631348,12.38515,8.3220504e-05
402454507,402343746,6780433,456.23233,0.13324462,-0.14620972,12.385127,0.00019178273
402794377,402690147,6780433,456.23566,0.13313918,0.23977661,12.385007,0.0005157923
403314501,403209746,6780433,456.23453,0.13314894,-0.09832764,12.385038,8.6738386e-05
403834316,403729368,6780433,456.2407,0.13315748,0.236969,12.38503,0.00050378294
404264503,404162358,6780433,456.24692,0.13310747,0.13388062,12.384996,0.00016080405
404614336,404508747,6780433,456.24554,0.13316835,-0.042419434,12.385048,1.6143196e-05
405304508,405201567,6780433,456.246,0.13312007,-0.115753174,12.385058,0.000120205754
405564307,405461347,6780433,456.24753,0.13312276,0.07305908,12.385006,4.7886122e-05
406434319,406327367,6780433,456.24658,0.1331868,0.21585083,12.385065,0.00041799073
406954503,406846947,6780433,456.25366,0.1331907,0.26358032,12.385064,0.00062328286
407384512,407279947,6780433,456.25793,0.13314417,0.16241455,12.385034,0.00023665199
407904311,407799546,6780433,456.256,0.13315332,-0.10983276,12.38504,0.00010822408
408254537,408145969,6780433,456.26083,0.13321388,0.10147095,12.385124,9.237204e-05
408944512,408838746,6780433,456.26135,0.13316835,-0.19320679,12.385068,0.0003348913
409464306,409358371,6780433,456.26227,0.13317452,0.15618896,12.385083,0.0002188564
409554319,409444947,6780433,456.2639,0.13323058,0.14984131,12.385133,0.00020142805
410334317,410224367,6780433,456.26025,0.13323827,-0.18338013,12.385121,0.00030169057
410854501,410743946,6780433,456.2568,0.1332426,-0.061035156,12.385132,3.342081e-05
411284328,411176947,6780433,456.25748,0.13319069,0.10412598,12.385085,9.72695e-05
411884326,411783147,6780433,456.25424,0.13309103,-0.17449951,12.384993,0.0002731808
412324476,412216150,6780433,456.25714,0.13320981,0.15023804,12.385087,0.00020249683
412754314,412649170,6780433,456.25577,0.13316132,-0.106781006,12.385057,0.00010229337
413444508,413341947,6780433,456.25577,0.13311417,0.09375,12.385056,7.885007e-05
413964313,413861573,6780433,456.25632,0.13312009,0.17874146,12.385021,0.00028662317
414224307,414121347,6780433,456.2501,0.13312277,-0.14871216,12.384998,0.00019840586
414834504,414727547,6780433,456.24503,0.13318469,-0.18249512,12.385069,0.0002987869
415524311,415420358,6780433,456.2465,0.1331338,0.061340332,12.385003,3.3756205e-05
415954314,415853371,6780433,456.24524,0.13308623,-0.17077637,12.384984,0.0002616481
416474508,416372946,6780433,456.24402,0.13309558,-0.042144775,12.384974,1.593492e-05
416914506,416805972,6780433,456.24893,0.13321392,0.12237549,12.385112,0.00013435271
417434327,417325550,6780433,456.24792,0.13322124,-0.28292847,12.385087,0.0007181443
417864500,417758568,6780433,456.2438,0.13317154,-0.16900635,12.385047,0.00025625117
418294505,418191567,6780433,456.24945,0.13312009,0.09768677,12.384976,8.561183e-05
418904310,418797747,6780433,456.24918,0.13318236,-0.05886841,12.385061,3.109023e-05
419334499,419230747,6780433,456.24847,0.13312979,0.13980103,12.385011,0.00017534032
419854507,419750357,6780433,456.24515,0.13313377,-0.10696411,12.385036,0.00010264466
420464499,420356569,6780433,456.24918,0.13320088,0.25048828,12.385106,0.0005629017
420894503,420789547,6780433,456.25223,0.1331533,0.22589111,12.385052,0.0004577812
421324310,421222547,6780433,456.2555,0.13310374,0.14501953,12.385,0.00018867504
421844311,421742147,6780433,456.25485,0.13311094,0.1958313,12.385001,0.00034405323
422364320,422261773,6780433,456.24976,0.13311723,-0.052978516,12.3849945,2.518032e-05
422884507,422781347,6780433,456.25275,0.13312277,0.1461792,12.384997,0.00019170469
423234510,423127747,6780433,456.2545,0.13318239,0.17141724,12.385072,0.00026361368
423844510,423733947,6780433,456.25116,0.13324262,-0.118652344,12.385147,0.00012630163
424444310,424340147,6780433,456.25403,0.13313916,0.16461182,12.385016,0.00024309885
424874318,424773147,6780433,456.249,0.13309105,-0.24749756,12.384957,0.00054954697
425224504,425119547,6780433,456.2456,0.13315332,-0.27148438,12.385043,0.0006612256
425744317,425639170,6780433,456.24136,0.13316132,-0.062561035,12.385036,3.5113007e-05
426354511,426245349,6780433,456.23688,0.13322453,-0.12365723,12.385125,0.00013718168
426874319,426764948,6780433,456.22894,0.13323058,-0.22683716,12.38514,0.00046162034
427304332,427197947,6780433,456.2274,0.13317996,-0.22424316,12.385098,0.00045112454
427914344,427804174,6780433,456.21844,0.13324055,-0.12973022,12.385138,0.0001509868
428344507,428237147,6780433,456.21707,0.13318887,-0.1053772,12.385102,9.9621066e-05
428944510,428843371,6780433,456.2144,0.13308628,0.120391846,12.384997,0.00013003364
429204506,429103164,6780433,456.20972,0.1330911,-0.153656,12.3849945,0.00021181697
429644512,429536150,6780433,456.20816,0.1332099,-0.1020813,12.385125,9.3486626e-05
430244334,430142361,6780433,456.20505,0.13310751,-0.12060547,12.385038,0.00013049507
430854322,430748568,6780433,456.20377,0.13317163,-0.09701538,12.385059,8.4438514e-05
431464567,431354747,6780433,456.20645,0.1332334,0.12243652,12.385123,0.00013448663
431894320,431787747,6780433,456.20645,0.13318245,-0.112854004,12.385076,0.000114259616
432324314,432220746,6780433,456.2011,0.13312988,-0.11138916,12.385029,0.000111313115
432934503,432826948,6780433,456.1921,0.1331908,-0.21224976,12.385095,0.00040415928
433274329,433173387,6780433,456.1894,0.1330863,-0.056488037,12.384971,2.8626975e-05
433794518,433692947,6780433,456.18677,0.13309564,-0.09857178,12.385003,8.71699e-05
434314499,434212548,6780433,456.17856,0.1331038,-0.1986084,12.385015,0.00035388014
434754320,434645601,6780433,456.17322,0.13322128,-0.1633606,12.385116,0.00023941537
435184506,435078567,6780433,456.17435,0.13317159,0.02935791,12.385071,7.73231e-06
435874338,435771346,6780433,456.17154,0.13312282,-0.09225464,12.385016,7.635497e-05
436314510,436204371,6780433,456.16998,0.13323833,-0.18835449,12.38517,0.00031827865
436914511,436810548,6780433,456.16577,0.13313194,-0.17614746,12.385041,0.00027836385
437264308,437156947,6780433,456.16296,0.1331908,-0.24533081,12.385082,0.00053996145
437954314,437849747,6780433,456.15607,0.13314898,-0.123565674,12.385051,0.00013697945
438304472,438196151,6780433,456.15097,0.1332099,-0.14578247,12.385111,0.00019066378
438904513,438802356,6780433,456.1457,0.13310751,-0.09509277,12.385,8.1125334e-05
439164313,439062147,6780433,456.14432,0.133111,0.13708496,12.385,0.0001685936
439774504,439668371,6780433,456.1411,0.13317458,-0.09387207,12.385067,7.905547e-05
440464469,440361160,6780433,456.1376,0.13312532,-0.1461792,12.38501,0.0001917045
440814504,440707567,6780433,456.13156,0.13318472,-0.20925903,12.385077,0.00039285037
441164556,441053947,6780433,456.13086,0.13324265,-0.15719604,12.385137,0.00022168683
441854323,441746775,6780433,456.12982,0.13319603,-0.17453003,12.385066,0.00027327472
442454503,442352947,6780433,456.1239,0.13309562,-0.08938599,12.385002,7.168038e-05
442804509,442699368,6780433,456.12167,0.13315754,-0.21221924,12.385087,0.00040404333
443234515,443132357,6780433,456.11902,0.13310753,-0.059570312,12.385028,3.183613e-05
443934507,443825147,6780433,456.11374,0.13322774,-0.16567993,12.385134,0.00024626154
444454502,444344786,6780433,456.10944,0.1332334,-0.14105225,12.385132,0.00017849123
444884502,444777747,6780433,456.0993,0.13318247,-0.112335205,12.385096,0.00011321133
445404501,445297361,6780433,456.0935,0.1331869,-0.084198,12.385078,6.360075e-05
445834509,445730357,6780433,456.0905,0.13313389,-0.11779785,12.385049,0.00012449
446444502,446336568,6780433,456.0864,0.13320102,-0.12490845,12.385082,0.00013997233
446964510,446856146,6780433,456.07855,0.13320993,-0.2911377,12.385115,0.0007604214
447394347,447289175,6780433,456.07278,0.13316143,-0.118774414,12.385057,0.00012656256
447914507,447808747,6780433,456.0706,0.13316846,0.10696411,12.385095,0.00010264418
448434314,448328387,6780433,456.0617,0.13317461,-0.14611816,12.385074,0.00019154346
448954504,448847949,6780433,456.0536,0.13318004,-0.109375,12.38509,0.000107323416
449384501,449280972,6780433,456.04858,0.13312769,-0.23852539,12.385011,0.0005104231
449644524,449540747,6780433,456.04697,0.13312988,-0.14178467,12.385036,0.00018035107
450164517,450060357,6780433,456.04593,0.13313387,-0.15878296,12.385024,0.00022618739
450944314,450839746,6780433,456.0431,0.13314901,-0.1545105,12.385044,0.00021417852
451294510,451186149,6780433,456.04214,0.13320994,-0.091918945,12.385118,7.579969e-05
451634519,451532568,6780433,456.0436,0.13310385,0.06518555,12.384991,3.8121012e-05
452414516,452311947,6780433,456.0476,0.13311423,0.03262329,12.384992,9.548107e-06
452854332,452744947,6780433,456.0426,0.13323063,-0.17913818,12.385106,0.00028789497
453454560,453351175,6780433,456.0457,0.13312533,0.11816406,12.385011,0.00012526564
453894328,453784175,6780433,456.04022,0.1332406,-0.1105957,12.38513,0.000109732035
454414501,454303747,6780433,456.03644,0.13324466,-0.05026245,12.3851385,2.2664386e-05
454844505,454736770,6780433,456.03247,0.13319606,-0.18121338,12.385105,0.0002946038
455444319,455342947,6780433,456.02908,0.13309565,-0.15429688,12.38498,0.0002135878
455964505,455862568,6780433,456.01828,0.13310385,-0.22921753,12.384994,0.00047136503
456404506,456295579,6780433,456.01013,0.1332213,-0.16436768,12.385107,0.00024237653
456924563,456815147,6780433,456.00467,0.13322772,-0.068115234,12.385125,4.162417e-05
457444517,457334746,6780433,455.9982,0.13323335,-0.093688965,12.385104,7.874713e-05
457784517,457681151,6780433,455.99567,0.13312529,-0.052642822,12.385002,2.4862211e-05
458134519,458027566,6780433,455.99432,0.1331847,-0.10205078,12.385055,9.343126e-05
458914531,458806946,6780433,455.983,0.13319072,-0.16845703,12.385074,0.00025458756
459344322,459239947,6780433,455.97778,0.13314418,-0.14804077,12.385046,0.00019661766
459954515,459846150,6780433,455.9726,0.13320985,-0.17785645,12.385105,0.00028378997
460034509,459932747,6780433,455.971,0.13309981,-0.14620972,12.384981,0.00019178499
460904313,460798746,6780433,455.97153,0.13316838,-0.043762207,12.38505,1.7181384e-05
461164513,461058567,6780433,455.96652,0.13317157,-0.2515869,12.385043,0.0005678532
461774315,461664746,6780433,455.96304,0.13323335,-0.2020874,12.385119,0.0003663834
462294322,462184368,6780433,455.96155,0.13323829,-0.11288452,12.385125,0.00011432097
462814500,462703947,6780433,455.96304,0.13324264,0.086517334,12.385133,6.7152636e-05
463244314,463136947,6780433,455.9641,0.13319074,0.17453003,12.385075,0.00027327455
463764499,463656566,6780433,455.9637,0.13320093,0.11456299,12.385096,0.000117746175
464364308,464262749,6780433,455.9633,0.13309982,-0.056030273,12.384977,2.816487e-05
465584515,465475147,6780433,455.9615,0.13322765,-0.08770752,12.385111,6.9013055e-05
465844314,465734947,6780433,455.95978,0.13323057,-0.122161865,12.385109,0.0001338841
466014320,465908147,6780433,455.96024,0.13317731,0.1479187,12.385063,0.00019629327
466444501,466341147,6780433,455.96155,0.13312526,0.08175659,12.385037,5.996609e-05
466884308,466774176,6780433,455.95828,0.13324049,-0.08538818,12.385115,6.541133e-05
467484507,467380358,6780433,455.95718,0.13313378,0.21530151,12.385009,0.00041586783
468004501,467899946,6780433,455.9572,0.1331442,-0.058166504,12.385037,3.035331e-05
468524503,468419567,6780433,455.95465,0.13315335,-0.14413452,12.385035,0.0001863787
468874317,468765973,6780433,455.9514,0.13321392,-0.14987183,12.385103,0.00020151057
469304311,469198947,6780433,455.94904,0.13316499,-0.120269775,12.385045,0.00012976957
469734505,469631946,6780433,455.94644,0.1331142,-0.09436035,12.385011,7.9880396e-05
470434324,470324750,6780433,455.94202,0.13323335,-0.21224976,12.385139,0.00040415782
471034532,470930971,6780433,455.93964,0.13312763,-0.12915039,12.38501,0.00014964168
471474508,471363947,6780433,455.93933,0.13324262,0.10733032,12.385134,0.0001033479
472074508,471970147,6780433,455.9374,0.13313918,0.09194946,12.385038,7.585051e-05
472504310,472403147,6780433,455.93628,0.13309108,-0.025604248,12.384962,5.881483e-06
472854371,472749546,6780433,455.9376,0.13315335,0.14309692,12.38503,0.00018370501
473544520,473442359,6780433,455.94165,0.13310751,0.054473877,12.385031,2.6621772e-05
474064313,473961947,6780433,455.93808,0.13311423,-0.07778931,12.384997,5.428769e-05
474584499,474481567,6780433,455.9341,0.13312015,-0.23233032,12.385007,0.00048425377
474764315,474654747,6780433,455.93146,0.13323338,-0.106903076,12.385119,0.00010252687
475544316,475434174,6780433,455.93478,0.1332406,0.02243042,12.385143,4.513685e-06
475884501,475780546,6780433,455.9313,0.13313194,-0.14489746,12.385053,0.00018835675
476574323,476473371,6780433,455.9329,0.13308631,0.12207031,12.384971,0.00013368498
476924325,476819747,6780433,455.9404,0.133149,0.2166748,12.385063,0.0004211881
477534328,477425970,6780433,455.9448,0.13321395,0.17584229,12.385096,0.0002773989
477964504,477858947,6780433,455.94537,0.13316503,0.13278198,12.3850565,0.00015817498
478914518,478811568,6780433,455.94708,0.13312015,0.11254883,12.385008,0.000113643124
479094324,478984749,6780433,455.94864,0.13323337,0.1484375,12.385107,0.00019767192
479174511,479071347,6780433,455.95023,0.13312282,0.1449585,12.385003,0.00018851622
479954507,479850747,6780433,455.95227,0.13312984,0.07827759,12.385023,5.497124e-05
480394318,480283746,6780433,455.9538,0.13324462,-0.10070801,12.385168,9.098789e-05
480994318,480889947,6780433,455.95605,0.13314429,-0.0501709,12.385048,2.258206e-05
481424507,481322947,6780433,455.9609,0.13309567,0.13375854,12.384989,0.00016051104
481684320,481582747,6780433,455.96307,0.13309988,0.11517334,12.38499,0.000119005155
482464540,482362147,6780433,455.96558,0.133111,0.05831909,12.385034,3.0512781e-05
483074512,482968370,6780433,455.97174,0.13317461,0.01928711,12.385073,3.3372844e-06
483504501,483401347,6780433,455.97064,0.13312286,-0.19152832,12.385029,0.00032909893
484024320,483920970,6780433,455.9737,0.1331277,0.08816528,12.38502,6.9735834e-05
484204514,484094179,6780433,455.9719,0.13324061,-0.0897522,12.385162,7.226799e-05
484974348,484873568,6780433,455.97556,0.13308121,0.081451416,12.384995,5.951945e-05
485584524,485479747,6780433,455.98,0.13314906,0.10443115,12.385058,9.7840704e-05
485934378,485826162,6780433,455.9844,0.13320997,0.2722473,12.385119,0.00066494313
486194340,486085970,6780433,455.98703,0.13321401,0.12219238,12.385113,0.00013395095
487054314,486951947,6780433,455.98846,0.1331143,0.097076416,12.385011,8.454513e-05
487404507,487298372,6780433,455.99402,0.13317463,0.12973022,12.385061,0.00015098772
488014312,487904566,6780433,455.99908,0.133236,0.11642456,12.385127,0.00012160355
488534548,488424175,6780433,456.00195,0.13324063,0.114715576,12.385154,0.00011805948
488964308,488857147,6780433,456.00708,0.13318895,0.06719971,12.385095,4.0512863e-05
489394502,489290153,6780433,456.01132,0.13313927,0.15194702,12.385066,0.00020713026
489824316,489723147,6780433,456.01434,0.13309117,0.17645264,12.38499,0.00027933036
490264503,490156149,6780433,456.0194,0.13320996,0.092559814,12.385109,7.686039e-05
490954503,490848947,6780433,456.0162,0.13316508,0.122802734,12.385057,0.00013529307
491564525,491455147,6780433,456.01688,0.13322774,0.17828369,12.3851185,0.00028515473
492084477,491974749,6780433,456.02036,0.13323338,0.20108032,12.385119,0.00036274083
492164360,492061347,6780433,456.02203,0.13312282,0.15444946,12.384997,0.00021401016
492604311,492494368,6780433,456.02313,0.13323833,0.053009033,12.385133,2.5209056e-05
493384566,493273747,6780433,456.0254,0.13324463,-0.13433838,12.385134,0.00016190378
493894509,493793387,6780433,456.02982,0.1330863,0.13424683,12.384986,0.00016168511
494504500,494399566,6780433,456.02734,0.1331534,-0.15863037,12.385039,0.0002257526
494934312,494832547,6780433,456.0295,0.13310382,-0.06591797,12.384991,3.8982475e-05
495544317,495438747,6780433,456.03265,0.13316841,0.22839355,12.385066,0.00046797952
495634503,495525359,6780433,456.0337,0.1332246,0.095581055,12.385119,8.1959806e-05
496584317,496477947,6780433,456.0346,0.13317998,0.12939453,12.385055,0.00015020743
496934322,496824371,6780433,456.03412,0.1332383,0.103149414,12.385143,9.5453084e-05
497534316,497430546,6780433,456.03903,0.13313189,0.21310425,12.385011,0.00040742278
497964324,497863568,6780433,456.0423,0.13308115,0.1812439,12.385013,0.0002947052
498574518,498469749,6780433,456.04196,0.133149,-0.13772583,12.385078,0.00017017256
498924500,498816150,6780433,456.04376,0.13320994,0.120269775,12.385155,0.00012976844
499444323,499335746,6780433,456.041,0.1332178,-0.1871643,12.385138,0.00031426983
499784507,499682147,6780433,456.04398,0.13311104,0.11947632,12.38503,0.00012806313
500564504,500461566,6780433,456.04532,0.1331202,0.07055664,12.3850155,4.466185e-05
501084500,500981160,6780433,456.04376,0.13312538,-0.12008667,12.385029,0.00012937492
501434322,501327569,6780433,456.0452,0.13318478,-0.10720825,12.38508,0.0001031134
502044326,501933746,6780433,456.05334,0.13324468,0.10656738,12.385163,0.00010188362
502474519,502366771,6780433,456.05933,0.13319609,0.1194458,12.385094,0.00012799705
502734316,502626566,6780433,456.0637,0.13320102,0.13442993,12.385082,0.0001621252
503514522,503405970,6780433,456.0627,0.13321398,-0.09814453,12.385113,8.6415115e-05
504034309,503925580,6780433,456.06046,0.13322131,-0.17977905,12.385114,0.00028995838
504554322,504445147,6780433,456.0629,0.13322774,0.12609863,12.385102,0.00014265226
504984506,504878147,6780433,456.0666,0.13317738,-0.16067505,12.385046,0.0002316097
505504308,505397747,6780433,456.07465,0.13318242,0.055877686,12.385054,2.8011504e-05
505934327,505830747,6780433,456.08185,0.13312984,0.15673828,12.385018,0.0002203997
506454321,506350357,6780433,456.07898,0.13313383,-0.112976074,12.385004,0.000114507595
506974326,506869947,6780433,456.0787,0.13314423,-0.056518555,12.385033,2.8657772e-05
507494337,507389578,6780433,456.08325,0.1331534,0.10839844,12.385031,0.00010541598
507924312,507822547,6780433,456.0858,0.1331038,0.08016968,12.384971,5.766108e-05
508534522,508428747,6780433,456.08572,0.13316841,0.060424805,12.385057,3.2755932e-05
509054560,508948387,6780433,456.08856,0.13317457,0.10873413,12.385068,0.00010606958
509574511,509467947,6780433,456.0911,0.13317998,0.10913086,12.385058,0.000106845095
509924512,509814367,6780433,456.093,0.1332383,0.12145996,12.385136,0.00013234971
510524324,510420570,6780433,456.09076,0.13313188,-0.08331299,12.385009,6.227111e-05
510954507,510853568,6780433,456.0898,0.1330811,-0.02368164,12.384971,5.031368e-06
511474364,511373147,6780433,456.0942,0.13309108,0.023834229,12.384965,5.0964163e-06
512084477,511979371,6780433,456.088,0.13315749,-0.30880737,12.385066,0.0008555285
512514331,512412356,6780433,456.07758,0.13310751,-0.15649414,12.385116,0.0002197119
512604308,512498946,6780433,456.0794,0.13316503,0.1671753,12.385165,0.0002507263
515284348,515183568,6780433,455.9825,0.13355578,0.116241455,12.388365,0.00012118966
515374318,515270151,6780433,455.9845,0.13360374,0.18164062,12.386794,0.00029595423
515724315,515616565,6780433,455.98825,0.13362697,0.1651001,12.386195,0.0002445199
516244504,516136150,6780433,455.99768,0.13358407,0.14654541,12.386043,0.00019265016
516584314,516482568,6780433,455.998,0.1334469,-0.113586426,12.3862915,0.000115736155
519104310,518993946,6780433,455.8605,0.13333227,0.21524048,12.3898,0.00041547135
519184508,519080599,6780433,455.8622,0.13321972,0.15844727,12.386372,0.00022520752
519534315,519426947,6780433,455.86957,0.13327141,0.2102356,12.3854265,0.00039651443
519794317,519686773,6780433,455.87622,0.1332717,0.39120483,12.385661,0.0013729248
520484506,520379576,6780433,455.87753,0.13321733,0.10006714,12.385704,8.982966e-05
521094327,520985746,6780433,455.88077,0.13327286,0.25656128,12.38553,0.00059050706
521434324,521332147,6780433,455.87717,0.13316162,-0.18218994,12.385231,0.00029778454
521694543,521591947,6780433,455.87817,0.13316171,0.10946655,12.38518,0.00010750237
522214542,522111567,6780433,455.87927,0.1331618,0.0134887695,12.385105,1.6323094e-06
522994317,522890971,6780433,455.87756,0.13316192,-0.09915161,12.385079,8.81979e-05
523604316,523497147,6780433,455.87656,0.13321833,0.20169067,12.385198,0.00036494393
524034359,523930148,6780433,455.87195,0.13316566,-0.24545288,12.385159,0.0005404956
524464509,524363147,6780433,455.86716,0.13311483,-0.14837646,12.385019,0.0001975108
525074516,524969368,6780433,455.86526,0.13317788,-0.269104,12.385082,0.00064967904
525334321,525229182,6780433,455.86786,0.13318045,-0.109069824,12.385078,0.00010672544
526114335,526008567,6780433,455.86612,0.13318738,-0.13412476,12.385271,0.00016138748
526464312,526354948,6780433,455.89508,0.13252921,0.009490967,12.393979,8.0754666e-07
526804308,526701348,6780433,455.8962,0.13248052,0.15255737,12.385334,0.0002087931
528274338,528173569,6780433,455.93607,0.13146411,0.008087158,12.387891,5.866134e-07
528454534,528346779,6780433,455.93433,0.13164805,-0.07684326,12.384392,5.297786e-05
528714384,528606569,6780433,455.93256,0.1317508,-0.10809326,12.383795,0.000104833714
529234341,529126150,6780433,455.9286,0.13193743,-0.11727905,12.384533,0.00012340101
