timestamp,timestamp_sample,time_last_fuse,device_id,observation,observation_variance,innovation,innovation_filtered,innovation_variance,test_ratio,test_ratio_filtered,estimator_instance,innovation_rejected,fused
267526892,267425324,267426435,0,-0.4289366,0.010000001,0.0041715205,0.0039710426,0.010426275,1.6690123e-05,1.5168683e-05,2,0,1
268016893,267909438,267916435,0,-0.42926723,0.010000001,0.0028891563,0.003463582,0.010425938,8.006209e-06,1.1786617e-05,2,0,1
268526864,268426223,268426435,0,-0.4293962,0.010000001,0.0009485781,0.0022867424,0.010436391,8.621758e-07,6.1902742e-06,2,0,1
269016869,268910912,268916435,0,-0.42938536,0.010000001,-0.0004913211,0.00080405007,0.010418265,2.31705e-07,2.3678344e-06,2,0,1
269516900,269412239,269416435,0,-0.42901343,0.010000001,-0.0013256967,-0.00047881325,0.010413097,1.6877513e-06,-8.636482e-08,2,0,1
270026855,269921326,269926435,0,-0.42928192,0.010000001,-0.0014045835,-0.0012094,0.010406653,1.8957628e-06,-1.6594196e-06,2,0,1
270516868,270409792,270416435,0,-0.42965403,0.010000001,-0.003581792,-0.0017040322,0.010421799,1.2310002e-05,-3.3123451e-06,2,0,1
271016868,270911025,270916435,0,-0.43014264,0.010000001,-0.007132083,-0.00430728,0.010439259,4.8726266e-05,-2.2649934e-05,2,0,1
271506884,271401421,271406435,0,-0.43230078,0.010000001,-0.0086707175,-0.006890718,0.010463553,7.1850685e-05,-5.1395105e-05,2,0,1
271556857,271455333,271456435,0,-0.43291333,0.010000001,-0.008741736,-0.0070892246,0.010472581,7.296955e-05,-5.37791e-05,2,0,1
272586864,272480490,271546435,0,-0.45911342,0.010000001,-0.19974124,-0.13636509,0.012677025,0.031471554,-0.02095159,2,0,0
273026858,272919127,272926435,0,-0.78200495,0.010000001,0.026390612,-0.04343421,0.010702504,0.000650749,-0.0088535305,2,0,1
273526860,273425792,273426435,0,-1.0132881,0.010000001,0.00039327145,0.0118078515,0.010565059,1.463905e-07,0.00017433843,2,0,1
274016933,273911899,273916435,0,-1.1814378,0.010000001,-0.0048874617,0.0025741283,0.01051279,2.2722115e-05,5.9166414e-05,2,0,1
274506884,274405603,274406435,0,-1.315454,0.010000001,0.0012415648,-0.0004333074,0.010474395,1.4716679e-06,1.6692986e-05,2,0,1
275026870,274921343,274926435,0,-1.4051449,0.010000001,-0.016947508,-0.006719994,0.01046433,0.0002744734,-9.433297e-05,2,0,1
275526856,275419676,275426435,0,-1.4873812,0.010000001,-0.016764402,-0.011016053,0.01044379,0.0002691027,-0.00015425726,2,0,1
276026854,275916515,275926435,0,-1.553699,0.010000001,-0.01331234,-0.01542715,0.010438273,0.0001697775,-0.00025656857,2,0,1
276526870,276426335,276426435,0,-1.6146463,0.010000001,-0.013120413,-0.016068254,0.010431838,0.00016501908,-0.0002623885,2,0,1
277016857,276909046,276916435,0,-1.6601708,0.010000001,-0.018200278,-0.017468229,0.0104383025,0.00031734098,-0.00031603206,2,0,1
277516856,277407762,277416435,0,-1.7130383,0.010000001,-0.016465187,-0.013847449,0.0104238475,0.000260079,-0.00020953653,2,0,1
278016859,277913147,277916435,0,-1.7543073,0.010000001,-0.007115841,-0.012311372,0.010418426,4.8601578e-05,-0.00019100308,2,0,1
278516861,278412932,278416435,0,-1.7551461,0.010000001,-0.031082392,-0.018258551,0.010470089,0.0009227382,-0.00067991985,2,0,1
278996853,278890808,278896435,0,-1.8129525,0.010000001,0.007039547,-0.0055840625,0.010459684,4.737736e-05,-7.451952e-05,2,0,1
279526858,279422254,279426435,0,-1.8651752,0.010000001,0.0027737617,-0.0021717055,0.01042035,7.383393e-06,-2.7692406e-05,2,0,1
280026857,279924522,279926435,0,-1.8893155,0.010000001,-0.007994413,-0.010111522,0.0104037225,6.143055e-05,-0.00021386112,2,0,1
280526867,280422659,280426435,0,-1.9014661,0.010000001,0.0020769835,-0.014500586,0.010409227,4.144266e-06,-0.00029306865,2,0,1
281026860,280925158,280926435,0,-1.8735185,0.010000001,-0.021889567,-0.014643136,0.010429383,0.00045942614,-0.0002727328,2,0,1
281526863,281421866,281426435,0,-1.858952,0.010000001,-0.018867493,-0.015503564,0.010419377,0.0003416541,-0.0002865714,2,0,1
282026861,281917130,281926435,0,-1.8555353,0.010000001,-0.027050018,-0.013048298,0.010415932,0.00070248486,-0.00027902154,2,0,1
282526856,282422541,282426435,0,-1.8822836,0.010000001,0.0019404888,-0.016149497,0.01044756,3.604188e-06,-0.00039143124,2,0,1
283026887,282924808,282926435,0,-1.8914286,0.010000001,0.0009965897,-0.011961118,0.010415655,9.53556e-07,-0.00021732076,2,0,1
283526861,283417071,283426435,0,-1.8927777,0.010000001,-0.015215635,-0.008004793,0.010427277,0.00022202877,-0.00011547454,2,0,1
284016886,283913473,283916444,0,-1.892349,0.010000001,-0.013400555,-0.01100316,0.010418512,0.00017236134,-0.00017052145,2,0,1
284496888,284394825,284396435,0,-1.8874683,0.010000001,-0.012571096,-0.009537296,0.010416,0.00015172087,-0.00012615223,2,0,1
285016930,284914870,284916435,0,-1.8663442,0.010000001,-0.022258997,-0.00817007,0.010429044,0.00047507996,-0.000102764294,2,0,1
285526865,285421555,285426435,0,-1.8825264,0.010000001,-0.004452944,-0.0027286627,0.010427055,1.9016596e-05,-4.104492e-05,2,0,1
286016888,285908291,285916435,0,-1.8956826,0.010000001,-0.0019196272,-0.0012703447,0.01045743,3.5237804e-06,-1.9540199e-05,2,0,1
286516882,286412455,286416435,0,-1.8755424,0.010000001,-0.011156917,-0.014019319,0.010444473,0.00011917958,-0.00032134753,2,0,1
287026856,286921166,286926459,0,-1.8925447,0.010000001,0.0020000935,-0.009182498,0.010428218,3.836105e-06,-0.00016055559,2,0,1
287526889,287420419,287426435,0,-1.9105692,0.010000001,-0.0031670332,-0.00722505,0.010417802,9.627845e-06,-0.00010326178,2,0,1
288026855,287917342,287926435,0,-1.951652,0.010000001,0.011205077,0.003925113,0.01042808,0.00012039967,4.0249546e-05,2,0,1
288516880,288412035,288416435,0,-1.9522547,0.010000001,0.004310608,0.0068318048,0.010431911,1.781202e-05,0.00012022839,2,0,1
289016890,288915038,288916435,0,-1.9481703,0.010000001,-0.0020635128,0.0003376922,0.010418958,4.0868626e-06,2.574337e-05,2,0,1
289526887,289420633,289426435,0,-1.9245123,0.010000001,-0.015174866,-0.008157044,0.010418956,0.0002210169,-0.00010854548,2,0,1
290016884,289911543,289916438,0,-1.9307266,0.010000001,-0.0006608963,-0.0046637137,0.010442028,4.1829415e-07,-6.0565533e-05,2,0,1
290506862,290406296,290406435,0,-1.9394462,0.010000001,-0.0077166557,-0.005883915,0.010435941,5.7059326e-05,-6.455341e-05,2,0,1
291016882,290916298,290916435,0,-1.9379158,0.010000001,-0.011038423,-0.013391872,0.010431327,0.000116808515,-0.00024427188,2,0,1
291516935,291413520,291416435,0,-1.9375124,0.010000001,-0.004047036,-0.012817235,0.010414336,1.5726882e-05,-0.00020480927,2,0,1
292016880,291911159,291916435,0,-1.956317,0.010000001,0.00897789,-0.0052659586,0.010422604,7.733433e-05,-8.95253e-05,2,0,1
292516948,292414351,292416435,0,-1.968983,0.010000001,0.0034350157,0.0008269539,0.010416704,1.1327319e-05,5.34802e-07,2,0,1
293016877,292913371,292916435,0,-1.9551536,0.010000001,-0.005801201,-0.0035790054,0.010423361,3.2287026e-05,-6.390555e-05,2,0,1
293526862,293422630,293426435,0,-1.9251673,0.010000001,-0.005280614,-0.007918487,0.010408897,2.678947e-05,-0.00010105931,2,0,1
294016876,293907084,293916436,0,-1.8864888,0.010000001,-0.015069127,-0.009828699,0.01041559,0.00021801799,-0.00012545727,2,0,1
294516876,294414005,294416435,0,-1.866856,0.010000001,-0.02706182,-0.012511975,0.010424391,0.00070252747,-0.00020294888,2,0,1
295026861,294920247,294926435,0,-1.8860971,0.010000001,-0.012279987,-0.014604458,0.0104268165,0.00014462524,-0.00023619307,2,0,1
295526856,295425223,295426435,0,-1.8823098,0.010000001,-0.015351415,-0.014379268,0.010433434,0.00022587574,-0.00023143477,2,0,1
296026977,295924745,295926435,0,-1.9003434,0.010000001,0.002869606,-0.007045207,0.010426699,7.897647e-06,-0.00012210585,2,0,1
296526856,296421712,296426435,0,-1.8791922,0.010000001,-0.0263201,-0.010826333,0.010409093,0.00066552166,-0.00020027082,2,0,1
297026856,296924297,296926435,0,-1.9232348,0.010000001,0.0060179234,-0.009302582,0.01042473,3.4739893e-05,-0.00016442721,2,0,1
297526878,297423675,297426435,0,-1.9077702,0.010000001,-0.016107917,-0.008790045,0.010434201,0.0002486678,-0.00011495103,2,0,1
298016875,297910564,297916435,0,-1.9040705,0.010000001,-0.013501525,-0.011309514,0.010431299,0.00017475404,-0.00017395461,2,0,1
298516878,298406521,298416435,0,-1.8838392,0.010000001,-0.008216739,-0.013064497,0.010406746,6.4875996e-05,-0.00019975049,2,0,1
299026864,298919111,298926435,0,-1.8906503,0.010000001,0.0036860704,-0.0106439395,0.010452823,1.2998513e-05,-0.00015180309,2,0,1
299526864,299423758,299426435,0,-1.891362,0.010000001,-0.005903721,-0.005710702,0.010432379,3.340937e-05,-7.9100755e-05,2,0,1
300026856,299922560,299926435,0,-1.8961169,0.010000001,-0.0056233406,-0.005235563,0.010474806,3.0188588e-05,-6.780118e-05,2,0,1
300516933,300416243,300416440,0,-1.8920488,0.010000001,-0.014726758,-0.0067657763,0.010459119,0.00020735724,-0.000121504636,2,0,1
301016888,300909137,300916438,0,-1.91362,0.010000001,0.010690331,-0.0058127563,0.010456596,0.00010929292,-8.3153696e-05,2,0,1
301526885,301420720,301426435,0,-1.8968313,0.010000001,-0.013150215,-0.0044611488,0.010444614,0.00016556683,-6.171788e-05,2,0,1
302026856,301922524,301926435,0,-1.9140035,0.010000001,-0.0035767555,6.07537e-05,0.010448892,1.2243576e-05,2.4431763e-06,2,0,1
302526856,302425787,302426435,0,-1.9081402,0.010000001,-0.010061622,-0.007797907,0.010442624,9.694521e-05,-0.00013495146,2,0,1
303016886,302910225,302916435,0,-1.8827837,0.010000001,-0.014310122,-0.015141814,0.010431626,0.00019630647,-0.00031099308,2,0,1
303526865,303420811,303426435,0,-1.8727868,0.010000001,-0.009483695,-0.015985757,0.010429907,8.6233245e-05,-0.00030268633,2,0,1
304026894,303924709,303926435,0,-1.8615668,0.010000001,-0.016890526,-0.015171719,0.010435614,0.000273381,-0.00029219408,2,0,1
304526859,304426155,304426435,0,-1.8681321,0.010000001,-0.012296081,-0.014385787,0.010452339,0.00014465049,-0.00024865675,2,0,1
305026887,304922069,304926435,0,-1.8903719,0.010000001,-0.0008832216,-0.015663126,0.010451998,7.463458e-07,-0.00028847458,2,0,1
305526853,305419429,305426435,0,-1.9239482,0.010000001,0.006814003,-0.010032978,0.010488468,4.4268272e-05,-0.00015342566,2,0,1
306026861,305922339,305926435,0,-1.9282142,0.010000001,-0.01882255,-0.0044886153,0.010492122,0.00033767088,-7.003455e-05,2,0,1
306516885,306410922,306416435,0,-1.9345397,0.010000001,0.0019054413,-0.005290306,0.010440657,3.4774694e-06,-9.918604e-05,2,0,1
307016935,306909775,306916435,0,-1.9224693,0.010000001,-0.0028092861,-0.0034716616,0.010452993,7.550075e-06,-5.12984e-05,2,0,1
307526863,307418621,307426437,0,-1.9346936,0.010000001,0.005231738,-0.0014674655,0.010439767,2.6218098e-05,-2.3764629e-05,2,0,1
308016882,307911244,307916435,0,-1.9085097,0.010000001,-0.007744074,-0.00713537,0.01042231,5.754068e-05,-0.00010430234,2,0,1
308516878,308415750,308416435,0,-1.8936033,0.010000001,-0.013886929,-0.010079608,0.010430807,0.00018488194,-0.000138991,2,0,1
309017012,308909383,308916435,0,-1.9036416,0.010000001,-0.009096861,-0.010151529,0.010439108,7.927198e-05,-0.00012055132,2,0,1
309516883,309410965,309416435,0,-1.8790559,0.010000001,-0.022228003,-0.017958742,0.010428794,0.00047376918,-0.0003750757,2,0,1
310026865,309925648,309926436,0,-1.8708626,0.010000001,-0.016079068,-0.014919589,0.010417173,0.0002481829,-0.00026939996,2,0,1
310516876,310410033,310416435,0,-1.8736769,0.010000001,-0.01156342,-0.012569833,0.010426599,0.00012824191,-0.00018888633,2,0,1
311016868,310914505,310916435,0,-1.8472775,0.010000001,-0.037073493,-0.01931437,0.010431566,0.0013175815,-0.00042868018,2,0,1
311516901,311407702,311416435,0,-1.8881418,0.010000001,-0.004485965,-0.019090723,0.010442117,1.9271838e-05,-0.00041676997,2,0,1
312026855,311920941,311926435,0,-1.9263905,0.010000001,0.0029069185,-0.0070005665,0.010427415,8.103806e-06,-0.00015183541,2,0,1
312526871,312420629,312426435,0,-1.9247763,0.010000001,-0.0133636,-0.009105356,0.010426471,0.00017128115,-0.00016697076,2,0,1
313026864,312923764,312926435,0,-1.90761,0.010000001,-0.0065267086,-0.015162425,0.010409742,4.0921215e-05,-0.00038566923,2,0,1
313516865,313414195,313416435,0,-1.9024459,0.010000001,-0.014196038,-0.00817987,0.010446927,0.00019290602,-0.00017328614,2,0,1
314026903,313918241,313926435,0,-1.9014536,0.010000001,-0.01879108,-0.014481209,0.010451209,0.00033786014,-0.00028169647,2,0,1
314526854,314417851,314426435,0,-1.9248217,0.010000001,5.1379204e-05,-0.009669497,0.010438065,2.5290343e-09,-0.00017337746,2,0,1
315026860,314922257,314926435,0,-1.9282645,0.010000001,-0.011071324,-0.013474055,0.010461871,0.00011716281,-0.00022111114,2,0,1
315526864,315425855,315426435,0,-1.9288287,0.010000001,-0.006664753,-0.013746225,0.010421963,4.26205e-05,-0.00023093671,2,0,1
316016858,315910596,315916435,0,-1.917389,0.010000001,-0.01420486,-0.011018026,0.010432998,0.0001934037,-0.00015553657,2,0,1
316516880,316407158,316416435,0,-1.9290534,0.010000001,0.0056266785,-0.0107265245,0.010446705,3.0305739e-05,-0.00016480075,2,0,1
317016888,316916070,316916435,0,-1.8959895,0.010000001,-0.0188514,-0.009422015,0.010421415,0.00034100484,-0.00017976735,2,0,1
317526855,317416539,317426435,0,-1.8669755,0.010000001,-0.020608068,-0.017448554,0.01045947,0.0004060363,-0.000405465,2,0,1
318016936,317913482,317916436,0,-1.876863,0.010000001,-0.013078809,-0.011575653,0.010418622,0.00016418223,-0.00024459287,2,0,1
318526857,318421896,318426435,0,-1.9089898,0.010000001,-0.00886023,-0.010230452,0.010421878,7.532585e-05,-0.00018031344,2,0,1
319016945,318915028,318916437,0,-1.9237975,0.010000001,-0.0122179985,-0.012457745,0.010412186,0.00014336997,-0.00019922342,2,0,1
319526862,319418981,319426435,0,-1.9340103,0.010000001,-0.0072510242,-0.015120823,0.010427461,5.042201e-05,-0.00025759923,2,0,1
320026858,319918255,319926435,0,-1.9318597,0.010000001,-0.015785098,-0.011633725,0.010455071,0.0002383239,-0.0001862914,2,0,1
320526891,320418777,320426435,0,-1.9128937,0.010000001,-0.02003789,-0.016203407,0.010424582,0.00038516367,-0.0003261233,2,0,1
321016879,320909967,320916434,0,-1.9219066,0.010000001,-0.0066615343,-0.0042763674,0.010423531,4.2572945e-05,-8.69656e-05,2,0,1
321516879,321412049,321416436,0,-1.9162889,0.010000001,-0.010070801,-0.0046350965,0.010439617,9.715015e-05,-6.378974e-05,2,0,1
322026856,321924818,321926435,0,-1.9152817,0.010000001,0.0026538372,-0.0043441793,0.0104304,6.7522355e-06,-7.018533e-05,2,0,1
322526878,322416686,322426435,0,-1.8985857,0.010000001,-0.010053158,-0.006201288,0.010425539,9.694078e-05,-7.5886404e-05,2,0,1
323026856,322924236,322926435,0,-1.9172273,0.010000001,0.0017795563,0.00014248623,0.010423988,3.0380124e-06,9.409501e-06,2,0,1
323526856,323416928,323426435,0,-1.9141227,0.010000001,0.0018161535,-0.0042221528,0.010448808,3.156737e-06,-5.4094995e-05,2,0,1
324016877,323915036,323916435,0,-1.894709,0.010000001,-0.013252616,-0.005836664,0.010410566,0.00016870534,-6.9074486e-05,2,0,1
324526855,324421682,324426435,0,-1.8885843,0.010000001,-0.009051323,-0.006035987,0.010424605,7.85895e-05,-7.7307166e-05,2,0,1
325016876,324915752,324916435,0,-1.8514261,0.010000001,-0.021268845,-0.01336006,0.010455797,0.00043264392,-0.00024740468,2,0,1
325526860,325423478,325426439,0,-1.8393141,0.010000001,-0.015400171,-0.017298043,0.0104372585,0.00022722948,-0.00036646874,2,0,1
326016876,325908109,325916435,0,-1.8716592,0.010000001,0.011190653,-0.010658617,0.010409988,0.00012029861,-0.00020076582,2,0,1
326526854,326419311,326426435,0,-1.9052844,0.010000001,0.015445948,-0.00073585525,0.0104874,0.00022748945,-4.6543257e-05,2,0,1
327016931,326908208,326916435,0,-1.8959342,0.010000001,-0.017721057,-0.004043721,0.010463159,0.00030013485,-6.0873954e-05,2,0,1
327526861,327423551,327426435,0,-1.8877187,0.010000001,-0.030576587,-0.0067629726,0.010445477,0.00089505495,-0.00013359946,2,0,1
328016883,327910831,327916435,0,-1.8983203,0.010000001,-0.009254217,-0.011759204,0.01043835,8.204413e-05,-0.00019973892,2,0,1
328526856,328420163,328426435,0,-1.9024676,0.010000001,-0.010359168,-0.006461377,0.010436624,0.000102822865,-9.047304e-05,2,0,1
329026856,328922755,328926435,0,-1.9030585,0.010000001,-0.0024478436,-0.0060873213,0.01041818,5.751425e-06,-6.738803e-05,2,0,1
329516875,329412052,329416435,0,-1.8838265,0.010000001,0.0031535625,-0.007424019,0.010427258,9.537462e-06,-0.00010191042,2,0,1
330026864,329916886,329926435,0,-1.8827492,0.010000001,-0.0026410818,0.0022441195,0.010428454,6.688732e-06,2.8549362e-05,2,0,1
330526856,330418703,330426435,0,-1.9074543,0.010000001,0.004133582,0.003339085,0.010445254,1.6358148e-05,3.1906537e-05,2,0,1
331026865,330919827,330926435,0,-1.9054276,0.010000001,-0.014497638,-0.0022809573,0.010429811,0.00020151997,-2.0086547e-05,2,0,1
331516885,331414341,331416435,0,-1.9020754,0.010000001,-0.004293084,-0.0068879114,0.010435389,1.7661605e-05,-8.626943e-05,2,0,1
332016875,331907002,331916435,0,-1.8848474,0.010000001,-0.0124902725,-0.008152208,0.010458708,0.00014916461,-0.00010017276,2,0,1
332516877,332411259,332416435,0,-1.8773835,0.010000001,-0.012375474,-0.012901934,0.010424996,0.0001469088,-0.0001957292,2,0,1
333026857,332924813,332926435,0,-1.8920393,0.010000001,0.0004041195,-0.007059385,0.010430567,1.5657112e-07,-9.444251e-05,2,0,1
333526858,333416474,333426435,0,-1.9010559,0.010000001,-0.0016515255,-0.005688597,0.010430631,2.6149294e-06,-6.729182e-05,2,0,1
334006856,333906251,333906435,0,-1.9275358,0.010000001,0.010933876,-0.0047105975,0.010430188,0.00011461887,-5.5236465e-05,2,0,1
334526872,334422048,334426435,0,-1.8993305,0.010000001,-0.015068412,-0.0030974208,0.01043134,0.00021766814,-3.359511e-05,2,0,1
335016880,334910902,334916435,0,-1.882505,0.010000001,-0.011102915,-0.0058825333,0.010433382,0.00011815413,-6.813526e-05,2,0,1
335516906,335407638,335416435,0,-1.8864623,0.010000001,-0.010480285,-0.0034906787,0.010439882,0.00010520843,-3.996403e-05,2,0,1
336016875,335908912,335916436,0,-1.8957944,0.010000001,-0.013036132,-0.002664535,0.010448802,0.00016264134,-2.744587e-05,2,0,1
336516875,336408778,336416435,0,-1.9244013,0.010000001,-0.000577569,-0.0043899417,0.010409681,3.2045742e-07,-3.8224793e-05,2,0,1
337016875,336906963,336916435,0,-1.9436835,0.010000001,0.0004515648,-0.007468561,0.010399203,1.9608306e-07,-9.416859e-05,2,0,1
337516875,337407461,337416435,0,-1.9485611,0.010000001,0.0025658607,-0.009091084,0.010404834,6.3274833e-06,-0.0001472911,2,0,1
338016930,337908821,337916435,0,-1.9282233,0.010000001,-0.018020868,-0.010585828,0.010434043,0.00031124245,-0.00016278065,2,0,1
338506852,338405068,338406435,0,-1.9091485,0.010000001,-0.028340697,-0.011540785,0.01040725,0.000771765,-0.00021346548,2,0,1
339016879,338914626,338916435,0,-1.9477521,0.010000001,-0.007691264,-0.0077395393,0.010410357,5.6823737e-05,-0.00015913034,2,0,1
339526864,339416726,339426435,0,-1.9615791,0.010000001,-0.002714634,-0.0055947187,0.010440027,7.0586375e-06,-0.00010894758,2,0,1
340026856,339925120,339926435,0,-1.9584413,0.010000001,0.002425313,-0.005883472,0.010427754,5.6408535e-06,-9.394597e-05,2,0,1
340526885,340422597,340426435,0,-1.9663957,0.010000001,0.0055012703,0.005689515,0.010425594,2.9028537e-05,9.2834365e-05,2,0,1
341026858,340925950,340926435,0,-1.930622,0.010000001,-0.016640067,-0.0023415103,0.010442585,0.0002651564,-4.216514e-05,2,0,1
341516891,341408947,341416435,0,-1.9207238,0.010000001,-0.0068377256,-0.0016603615,0.010428076,4.4835208e-05,-2.1174666e-05,2,0,1
342016884,341907731,341916435,0,-1.9118806,0.010000001,-0.0021022558,-0.004909093,0.010432073,4.2364345e-06,-4.618391e-05,2,0,1
342526892,342425092,342426435,0,-1.886725,0.010000001,-0.013749003,-0.011152108,0.010436283,0.00018113258,-0.00017781346,2,0,1
343016882,342911036,342916435,0,-1.8936466,0.010000001,-0.0076566935,-0.0073786806,0.010424553,5.623738e-05,-0.000104064886,2,0,1
343526934,343422429,343426435,0,-1.8983102,0.010000001,-0.001434803,-0.009052723,0.010428307,1.9741074e-06,-0.00013107696,2,0,1
344026859,343923740,343926435,0,-1.9082416,0.010000001,0.0033718348,-0.0042526037,0.010421645,1.0909285e-05,-5.8654063e-05,2,0,1
344526866,344419732,344426435,0,-1.898944,0.010000001,-0.007457137,-0.0033997688,0.010456195,5.3182725e-05,-4.7002093e-05,2,0,1
345026866,344926283,344926435,0,-1.9023458,0.010000001,-0.0012294054,-0.001484638,0.010427883,1.4494195e-06,-2.1724765e-05,2,0,1
345516887,345408714,345416435,0,-1.8862014,0.010000001,-0.002287984,-0.009116104,0.010441737,5.0134095e-06,-0.00018306424,2,0,1
346026860,345923119,345926435,0,-1.8753681,0.010000001,-0.016280055,-0.007020189,0.010415975,0.0002544555,-0.00012213526,2,0,1
346526865,346420930,346426435,0,-1.897972,0.010000001,0.0022416115,-0.006612673,0.010433672,4.8159673e-06,-0.00010568783,2,0,1
347006858,346900960,346906435,0,-1.9139537,0.010000001,-0.007434845,-0.0079531185,0.010430895,5.299346e-05,-0.00016150055,2,0,1
347516875,347414496,347416435,0,-1.935132,0.010000001,0.003109932,-0.0069445465,0.010414418,9.286814e-06,-0.00011988524,2,0,1
348026936,347919560,347926435,0,-1.9164275,0.010000001,-0.013788462,-0.006292754,0.010418004,0.00018249339,-7.7967095e-05,2,0,1
348526864,348416707,348426435,0,-1.8959435,0.010000001,-0.012172818,-0.0096068755,0.010445798,0.0001418537,-0.00012300942,2,0,1
349026894,348918601,348926435,0,-1.8759774,0.010000001,-0.011350632,-0.009513267,0.0104342075,0.00012347543,-0.00012249005,2,0,1
349526878,349424900,349426435,0,-1.8966795,0.010000001,0.0035630465,-0.0024755765,0.010428445,1.2173723e-05,-4.1100746e-05,2,0,1
350026857,349919580,349926435,0,-1.9052188,0.010000001,-0.0035910606,-0.00027005296,0.010445156,1.2346121e-05,-8.799496e-06,2,0,1
350526861,350421357,350426435,0,-1.9145875,0.010000001,-0.009613514,-0.0012999617,0.010436621,8.8553235e-05,-2.2385137e-05,2,0,1
351016884,350912341,350916435,0,-1.9151351,0.010000001,-0.0007288456,-0.008582672,0.010423231,5.096461e-07,-0.00020871044,2,0,1
351526905,351424280,351426435,0,-1.942614,0.010000001,0.0113989115,0.004714368,0.010440685,0.00012445083,3.1859458e-05,2,0,1
352026868,351922367,351926435,0,-1.9433165,0.010000001,-0.0021489859,0.004427702,0.010458127,4.415839e-06,4.6501555e-05,2,0,1
352526853,352426249,352426435,0,-1.9397628,0.010000001,-0.007236123,-0.00038586382,0.010438149,5.0163566e-05,-4.820775e-06,2,0,1
353026856,352921063,352926435,0,-1.9189218,0.010000001,-0.006979823,-0.00859755,0.010439088,4.6668767e-05,-0.00012590217,2,0,1
353526856,353424685,353426435,0,-1.9127724,0.010000001,-0.0017409325,-0.0060747466,0.010444664,2.9018124e-06,-7.10958e-05,2,0,1
354026860,353921006,353926435,0,-1.8982071,0.010000001,-0.006499052,-0.0041208733,0.010440833,4.0454317e-05,-4.092252e-05,2,0,1
354526857,354422916,354426435,0,-1.8916794,0.010000001,-0.005742669,-0.005063259,0.010423214,3.1639232e-05,-5.237158e-05,2,0,1
355016874,354907739,354916435,0,-1.917703,0.010000001,0.01766777,0.0015573152,0.0104301125,0.0002992778,1.8725648e-05,2,0,1
355526865,355422928,355426435,0,-1.9121603,0.010000001,-0.0067168474,0.006511811,0.010437166,4.3226326e-05,7.880311e-05,2,0,1
356016874,355911177,355916435,0,-1.926633,0.010000001,0.0014895201,0.0007964671,0.010406272,2.132051e-06,1.5745727e-05,2,0,1
356526864,356424495,356426435,0,-1.9562867,0.010000001,0.010733128,0.00033618408,0.010438945,0.000110356,1.0527732e-05,2,0,1
357026853,356919904,356926434,0,-1.9584237,0.010000001,0.003745675,-0.0018167872,0.010433838,1.3446712e-05,-1.9254478e-05,2,0,1
357516865,357406534,357416435,0,-1.9379133,0.010000001,-0.0031092167,-0.004614176,0.01041782,9.279512e-06,-5.1948988e-05,2,0,1
358016861,357912167,357916435,0,-1.9079537,0.010000001,-0.0051664114,-0.00461353,0.010443679,2.5557858e-05,-4.4338365e-05,2,0,1
358496868,358393772,358396435,0,-1.8637333,0.010000001,-0.02246654,-0.009897308,0.010405415,0.0004850796,-0.00015049275,2,0,1
359026861,358918537,358926435,0,-1.8483391,0.010000001,-0.016757011,-0.013193866,0.010443045,0.0002688846,-0.00026269193,2,0,1
359526943,359421933,359426435,0,-1.851283,0.010000001,-0.0024472475,-0.016489519,0.010438842,5.7372463e-06,-0.00032665528,2,0,1
360016893,359914910,359916434,0,-1.8742453,0.010000001,-0.0045040846,-0.0091721285,0.010424226,1.9461186e-05,-0.00016714224,2,0,1
360526857,360420309,360426435,0,-1.890735,0.010000001,-0.016670346,-0.010510175,0.010431293,0.00026641035,-0.0001668346,2,0,1
361016859,360913865,360916434,0,-1.8895861,0.010000001,-0.02372551,-0.011817376,0.010432071,0.0005395859,-0.00021772708,2,0,1
361526861,361416650,361426435,0,-1.9184221,0.010000001,-0.003998399,-0.005647681,0.010424416,1.5336296e-05,-0.00010366105,2,0,1
362026863,361917960,361926435,0,-1.9502829,0.010000001,0.009726167,-0.0022266414,0.010422851,9.0760506e-05,-4.4751185e-05,2,0,1
362526896,362423651,362426435,0,-1.9884019,0.010000001,0.024202704,0.0055998676,0.01043787,0.0005611977,8.993677e-05,2,0,1
363016872,362912292,362916435,0,-1.9527999,0.010000001,-0.013060451,-0.005717685,0.010465429,0.00016298937,-0.00012683953,2,0,1
363526869,363417883,363426435,0,-1.9171398,0.010000001,-0.01813972,-0.01041105,0.010452163,0.00031481468,-0.00016179513,2,0,1
364026861,363925884,363926435,0,-1.8999742,0.010000001,0.00017690659,-0.011245996,0.010432979,2.999713e-08,-0.00019793563,2,0,1
364516888,364415786,364416437,0,-1.8845242,0.010000001,-0.0072607994,-0.008509569,0.010434584,5.052354e-05,-0.00013721541,2,0,1
365016857,364910424,364916435,0,-1.8977567,0.010000001,0.009813786,-0.006650101,0.010425455,9.238004e-05,-0.00015056948,2,0,1
365516861,365414545,365416435,0,-1.9170191,0.010000001,0.013124108,-0.0028107213,0.010437265,0.00016502621,-5.2634277e-05,2,0,1
366026863,365918693,365926435,0,-1.9478565,0.010000001,0.013261914,0.006651489,0.010443147,0.0001684151,8.872028e-05,2,0,1
366516865,366408269,366416438,0,-1.9626225,0.010000001,0.009586453,0.01174459,0.010447036,8.796762e-05,0.00018060156,2,0,1
367026891,366926224,366926435,0,-1.9290498,0.010000001,-0.008316755,-0.0015919997,0.010425165,6.634755e-05,-2.4369254e-05,2,0,1
367526864,367416835,367426435,0,-1.922522,0.010000001,0.0014657974,-0.008135074,0.010413981,2.0631517e-06,-0.0001505651,2,0,1
368016870,367915959,367916435,0,-1.8863249,0.010000001,-0.029310465,-0.019453283,0.010420405,0.00082444324,-0.0005089768,2,0,1
368526864,368424350,368426435,0,-1.903701,0.010000001,-0.0104391575,-0.015411952,0.010417486,0.00010460875,-0.00030713537,2,0,1
369006861,368901656,368906435,0,-1.9043827,0.010000001,-0.016102076,-0.012779943,0.010440959,0.00024832666,-0.00020260134,2,0,1
369526861,369424542,369426435,0,-1.9333143,0.010000001,0.009880424,-0.0057043345,0.010445596,9.34583e-05,-8.6094544e-05,2,0,1
370026879,369923710,369926435,0,-1.9303794,0.010000001,-0.0043894053,-0.0049015544,0.010415426,1.8498406e-05,-5.7115405e-05,2,0,1
370526870,370424766,370426435,0,-1.9471165,0.010000001,0.0016447306,-0.00034707645,0.010441606,2.5907304e-06,-2.797745e-07,2,0,1
371006856,370901840,370906435,0,-1.9431442,0.010000001,-0.003390789,0.000502868,0.010444904,1.10077135e-05,3.993517e-06,2,0,1
371516860,371409658,371416435,0,-1.926521,0.010000001,-0.0010143518,-0.0035520445,0.010446402,9.849417e-07,-4.1907886e-05,2,0,1
372026928,371925690,371926435,0,-1.893278,0.010000001,-0.017949462,-0.007958205,0.010437507,0.00030867828,-0.00013289602,2,0,1
372526859,372421142,372426434,0,-1.9003202,0.010000001,0.008975506,-0.009915335,0.010461314,7.700726e-05,-0.00015166707,2,0,1
373026861,372916784,372926449,0,-1.9202793,0.010000001,0.017278075,-0.0021895852,0.010452245,0.00028561507,-3.4699857e-05,2,0,1
373526904,373424634,373426435,0,-1.9462152,0.010000001,0.017667532,0.002559732,0.010444685,0.0002988522,4.2984724e-05,2,0,1
374016867,373914317,373916435,0,-1.9073902,0.010000001,-0.015229106,-0.003190965,0.010435119,0.00022225495,-4.3992328e-05,2,0,1
374526860,374424195,374426435,0,-1.8979369,0.010000001,-0.019426465,0.0012492031,0.010455239,0.00036095546,7.2073606e-05,2,0,1
375016855,374912316,374916435,0,-1.8984085,0.010000001,-0.0066108704,-0.0033636484,0.010437308,4.1872492e-05,-2.166916e-05,2,0,1
375516903,375414198,375416435,0,-1.8910816,0.010000001,-0.012898445,-0.011628297,0.010442322,0.00015932269,-0.00018927945,2,0,1
376016860,375913130,375916435,0,-1.9054081,0.010000001,-0.018179417,-0.014020488,0.01043763,0.0003166343,-0.0002366407,2,0,1
376516864,376412685,376416435,0,-1.9298133,0.010000001,0.003635168,-0.013271013,0.010430125,1.26695e-05,-0.00027734626,2,0,1
377016860,376909786,376916435,0,-1.9348458,0.010000001,-0.0007238388,-0.0019651537,0.010436034,5.020515e-07,-8.379143e-05,2,0,1
377516860,377410127,377416435,0,-1.9416106,0.010000001,0.0013018847,0.0037797608,0.010428362,1.6252827e-06,1.7439146e-05,2,0,1
378016854,377912388,377916435,0,-1.9264568,0.010000001,0.0047180653,0.0024817083,0.0104479855,2.1305677e-05,1.2467218e-05,2,0,1
378526857,378418079,378426435,0,-1.9114821,0.010000001,-0.000114798546,0.00674874,0.010472086,1.2584604e-08,8.6254484e-05,2,0,1
379026860,378920316,378926435,0,-1.887579,0.010000001,-0.014520407,0.00019247738,0.010456601,0.0002016355,4.064336e-06,2,0,1
379526860,379421812,379426435,0,-1.8841509,0.010000001,-0.013497353,-0.005328041,0.010431744,0.00017463861,-5.983276e-05,2,0,1
380016894,379909854,379916435,0,-1.9149706,0.010000001,0.0073132515,-0.005244732,0.010425489,5.1300853e-05,-7.997819e-05,2,0,1
380526860,380423344,380426435,0,-1.9311599,0.010000001,-0.0069522858,-0.0021013282,0.010398357,4.648261e-05,-2.658948e-05,2,0,1
381016931,380915196,380916435,0,-1.9352914,0.010000001,-0.003059268,-0.004239118,0.010397651,9.001187e-06,-5.066295e-05,2,0,1
381526861,381423188,381426435,0,-1.9454874,0.010000001,-0.00559175,-0.0039279256,0.010415384,3.0020663e-05,-3.5285735e-05,2,0,1
382016867,381908758,381916435,0,-1.9303236,0.010000001,-0.011589289,-0.008459762,0.010427591,0.00012880407,-0.00015644955,2,0,1
382506854,382398498,382406435,0,-1.9298464,0.010000001,0.0016895533,-0.0020284953,0.010436447,2.7352125e-06,-4.851643e-05,2,0,1
383016890,382912705,382916435,0,-1.9398046,0.010000001,0.013075829,0.0019602268,0.010441144,0.00016375342,1.493844e-05,2,0,1
383526859,383421634,383426435,0,-1.9216352,0.010000001,-0.013804078,-0.0021569147,0.010416826,0.00018292767,-2.403718e-05,2,0,1
384016866,383910822,383916435,0,-1.9493674,0.010000001,0.0075889826,0.0010057305,0.010403169,5.5360684e-05,1.55557e-05,2,0,1
384526887,384421851,384426435,0,-1.9322782,0.010000001,-0.018418074,0.0001621215,0.010431207,0.0003252025,-2.697321e-06,2,0,1
385026857,384920336,384926435,0,-1.9052879,0.010000001,-0.028374672,-0.00042202478,0.01044057,0.00077114755,-3.1973138e-06,2,0,1
385526875,385416561,385426435,0,-1.9160755,0.010000001,-0.0024175644,-0.00092940393,0.010429492,5.603933e-06,-2.228556e-05,2,0,1
386016859,385910506,385916449,0,-1.8981673,0.010000001,-0.014241219,-0.004838477,0.010457273,0.0001939438,-5.4505254e-05,2,0,1
386516897,386411804,386416435,0,-1.9109561,0.010000001,-0.012349248,-0.0072469376,0.010454498,0.00014587397,-9.997061e-05,2,0,1
387026865,386917928,386926435,0,-1.924838,0.010000001,-0.011040807,-0.010075487,0.010428944,0.000116885676,-0.00016176011,2,0,1
387526874,387419963,387426435,0,-1.9683975,0.010000001,0.01246953,-0.0022694157,0.0104556335,0.0001487133,-4.598787e-05,2,0,1
388016856,387906752,387916435,0,-1.9871968,0.010000001,0.01194787,0.0019642205,0.010460486,0.00013646748,3.3114844e-05,2,0,1
388506894,388406052,388406435,0,-1.9813967,0.010000001,-0.0010887384,0.0075066797,0.010442838,1.1350854e-06,0.00010325079,2,0,1
389016863,388913794,388916459,0,-1.9431978,0.010000001,-0.010012507,-0.004094963,0.010433039,9.608927e-05,-6.478469e-05,2,0,1
389526865,389424748,389426435,0,-1.8851924,0.010000001,-0.026261568,-0.008056395,0.010434003,0.00066098315,-0.00013227842,2,0,1
390026861,389923030,389926435,0,-1.8734024,0.010000001,0.002617836,-0.009725155,0.0104422495,6.5628246e-06,-0.00014301011,2,0,1
390526868,390422931,390426435,0,-1.8582033,0.010000001,-0.008876562,-0.010895723,0.01043664,7.549686e-05,-0.00015832153,2,0,1
391026937,390924555,390926435,0,-1.8760631,0.010000001,0.008569479,-0.008884822,0.01045227,7.02584e-05,-0.00012006318,2,0,1
391526856,391423047,391426435,0,-1.8995904,0.010000001,0.0143431425,0.00042358742,0.010442803,0.00019700242,2.4204239e-05,2,0,1
392026855,391922341,391926435,0,-1.922199,0.010000001,0.005055666,0.0092369905,0.010416128,2.4538638e-05,0.00015228198,2,0,1
392526853,392424323,392426435,0,-1.9435017,0.010000001,0.021799564,0.010958716,0.01043922,0.00045522655,0.00018229218,2,0,1
393016857,392915478,392916435,0,-1.9355514,0.010000001,0.0023870468,0.017143564,0.010439012,5.458364e-06,0.0003583185,2,0,1
393526890,393425274,393426435,0,-1.9063394,0.010000001,0.0007917881,0.0018302273,0.010439071,6.005596e-07,6.249775e-05,2,0,1
394026864,393921419,393926435,0,-1.8561683,0.010000001,-0.018785596,-0.007261635,0.01043717,0.00033811713,-9.591619e-05,2,0,1
394516861,394412662,394416435,0,-1.8542011,0.010000001,-0.020299911,-0.014716738,0.010442216,0.000394635,-0.00026672534,2,0,1
395006861,394898855,394906435,0,-1.8795202,0.010000001,-0.010579109,-0.014989583,0.010439558,0.000107205255,-0.00027932046,2,0,1
395516889,395411417,395416435,0,-1.8683366,0.010000001,-0.025090694,-0.016319824,0.010432693,0.0006034328,-0.00030940457,2,0,1
396026873,395924629,395926435,0,-1.896968,0.010000001,0.009295106,-0.008935448,0.0104612615,8.258946e-05,-0.00014582771,2,0,1
396516861,396414058,396416435,0,-1.8757949,0.010000001,-0.023120165,-0.0011471845,0.010428888,0.000512559,-5.3904427e-05,2,0,1
397026854,396924195,396926435,0,-1.8863071,0.010000001,0.00139606,-0.0026218481,0.010435568,1.8676352e-06,-4.2497308e-05,2,0,1
397526885,397417505,397426435,0,-1.884647,0.010000001,-0.0071564913,0.0011924359,0.010440241,4.9055732e-05,1.787852e-05,2,0,1
398016866,397908540,397916435,0,-1.8931707,0.010000001,-0.0009994507,0.0007297542,0.010407452,9.597946e-07,4.673428e-06,2,0,1
398526853,398423866,398426435,0,-1.9216915,0.010000001,0.01866877,0.0027125597,0.010417145,0.00033456675,4.5411092e-05,2,0,1
399016862,398914173,398916435,0,-1.9215914,0.010000001,0.008957148,-0.0009644516,0.010409922,7.707117e-05,-7.2675452e-06,2,0,1
399526861,399425476,399426435,0,-1.9281635,0.010000001,0.013425112,-0.00036923317,0.01041313,0.00017308306,-1.3453913e-06,2,0,1
400026887,399917107,399926435,0,-1.9098344,0.010000001,-0.006725192,0.0023228694,0.010427797,4.3372736e-05,2.8451594e-05,2,0,1
400526867,400418356,400426435,0,-1.8854904,0.010000001,-0.01497817,-0.006092905,0.010430043,0.00021509556,-8.626031e-05,2,0,1
401026859,400926100,400926435,0,-1.8605084,0.010000001,-0.01665759,-0.011976876,0.010417895,0.0002663449,-0.00021109472,2,0,1
401516864,401411902,401416435,0,-1.8571042,0.010000001,-0.007957935,-0.011099434,0.010456643,6.056316e-05,-0.00017790742,2,0,1
402026859,401925353,401926435,0,-1.8772857,0.010000001,0.00062024593,-0.0029334964,0.0104398085,3.6849815e-07,-5.290065e-05,2,0,1
402526857,402422462,402426435,0,-1.9151225,0.010000001,0.0028107166,0.004946564,0.010403562,7.593676e-06,6.664768e-05,2,0,1
403006869,402897878,402906435,0,-1.951383,0.010000001,0.010153174,-0.00067240285,0.010422176,9.891116e-05,-1.08071545e-05,2,0,1
403506857,403405375,403406435,0,-1.975134,0.010000001,-0.007076502,0.0006080503,0.0104036275,4.8134058e-05,4.9673786e-06,2,0,1
404026856,403919291,403926435,0,-1.9769346,0.010000001,-0.015060782,-0.005266541,0.010423088,0.00021761992,-0.00012046255,2,0,1
404526897,404423986,404426435,0,-1.9919348,0.010000001,0.018980503,0.003931012,0.01041815,0.0003457999,4.275779e-05,2,0,1
405016879,404906898,404916435,0,-1.9346222,0.010000001,-0.009491086,-0.003051696,0.010445593,8.623801e-05,-4.3397733e-05,2,0,1
405526863,405417372,405426446,0,-1.9312453,0.010000001,0.0012220144,-0.0042666546,0.01043948,1.4304537e-06,-5.7028814e-05,2,0,1
406026860,405925001,405926436,0,-1.907978,0.010000001,-0.013149381,-0.007913016,0.010400157,0.00016625346,-0.00011699455,2,0,1
406526856,406423448,406426435,0,-1.9301054,0.010000001,0.009265542,-0.0038797082,0.010417603,8.240885e-05,-5.8536516e-05,2,0,1
407026858,406922391,406926434,0,-1.9449314,0.010000001,0.012379289,0.0056674355,0.010411329,0.00014719235,8.39615e-05,2,0,1
407516884,407411910,407416435,0,-1.9249802,0.010000001,-0.0044549704,0.005087802,0.010428682,1.903094e-05,7.7236946e-05,2,0,1
408026862,407922278,407926434,0,-1.9028174,0.010000001,-0.0058466196,-0.005460641,0.010417075,3.2814358e-05,-6.9969494e-05,2,0,1
408526852,408418172,408426435,0,-1.9274079,0.010000001,0.009393573,-0.0051692403,0.010454228,8.440529e-05,-7.620056e-05,2,0,1
409016878,408915537,408916435,0,-1.953677,0.010000001,0.009895563,0.00012066453,0.010431329,9.3873154e-05,-3.491882e-06,2,0,1
409526860,409421869,409426435,0,-1.9468971,0.010000001,-0.01747644,0.0020162861,0.010448142,0.0002923256,1.4551082e-05,2,0,1
410026851,409925959,409926435,0,-1.9636818,0.010000001,0.007211089,0.005734038,0.010451942,4.9751336e-05,7.102271e-05,2,0,1
410526854,410418599,410426435,0,-1.9302008,0.010000001,0.011341453,0.003011349,0.01044554,0.00012314208,3.8780203e-05,2,0,1
411016877,410912489,410916435,0,-1.878273,0.010000001,-0.004935026,-0.00032732138,0.010410164,2.339491e-05,4.6685373e-06,2,0,1
411526860,411416741,411426435,0,-1.8559277,0.010000001,-0.01687789,0.0012238073,0.010447974,0.0002726492,2.09047e-05,2,0,1
412016865,411912252,411916435,0,-1.890754,0.010000001,0.010794044,-2.5296724e-06,0.0104366625,0.000111636626,-7.930886e-05,2,0,1
412526853,412425889,412426435,0,-1.9105515,0.010000001,-0.00066030025,0.00036421852,0.010433866,4.178666e-07,-2.2780367e-05,2,0,1
413006869,412905922,412906435,0,-1.9322705,0.010000001,-0.008007646,0.0020035673,0.010419613,6.1540086e-05,1.8122795e-05,2,0,1
413496852,413395413,413396435,0,-1.9715822,0.010000001,0.022125006,0.0026101933,0.010469324,0.00046757166,4.2415075e-05,2,0,1
414006850,413904789,413906435,0,-1.9570905,0.010000001,-0.009804726,0.010326623,0.010442513,9.2058915e-05,0.00020542691,2,0,1
414516878,414413398,414416435,0,-1.9775304,0.010000001,0.0029883385,0.011160306,0.010429917,8.5620695e-06,0.0001872835,2,0,1
415016879,414911390,414916435,0,-1.9443628,0.010000001,-0.008099318,0.0030554787,0.010421987,6.294284e-05,5.8906124e-05,2,0,1
415526884,415426345,415426435,0,-1.9276519,0.010000001,-0.008537769,0.002737227,0.010407441,7.0039794e-05,3.1468786e-05,2,0,1
416026864,415919668,415926435,0,-1.8900304,0.010000001,-0.029577851,-0.011668849,0.010450298,0.0008371525,-0.00026273224,2,0,1
416526853,416421251,416426435,0,-1.8961042,0.010000001,-0.011498332,-0.012782067,0.010415803,0.0001269337,-0.00023886772,2,0,1
417026855,416926075,416926435,0,-1.8960673,0.010000001,-0.016678572,-0.0069426377,0.010416598,0.00026704953,-0.000118482094,2,0,1
417516888,417410727,417416467,0,-1.9065119,0.010000001,-0.0026829243,-0.0033094278,0.010414583,6.911542e-06,-5.0289196e-05,2,0,1
418016861,417914667,417916435,0,-1.9235944,0.010000001,0.017238855,0.004923003,0.010407734,0.00028553588,0.00010573933,2,0,1
418526861,418422919,418426435,0,-1.9159232,0.010000001,0.0070478916,0.0035794089,0.010405337,4.7737783e-05,5.4949516e-05,2,0,1
419026854,418918349,418926435,0,-1.9031136,0.010000001,-0.0035893917,0.0024429918,0.010442661,1.2337596e-05,2.6667098e-05,2,0,1
419516952,419413554,419416435,0,-1.8936363,0.010000001,-0.007913113,-0.0027413978,0.010420851,6.0088514e-05,-3.9045815e-05,2,0,1
420016876,419907510,419916435,0,-1.8921547,0.010000001,-0.011363149,-0.005630484,0.010431733,0.00012377728,-8.315588e-05,2,0,1
420526852,420419716,420426435,0,-1.9048328,0.010000001,0.0033061504,-0.002973388,0.010428515,1.04814835e-05,-4.4909873e-05,2,0,1
421026867,420917820,420926435,0,-1.9237409,0.010000001,0.014604092,0.0017550238,0.010437961,0.00020433062,1.4488273e-05,2,0,1
421506878,421402562,421406435,0,-1.918672,0.010000001,0.0015969276,0.0032645857,0.010443918,2.4417825e-06,3.4413326e-05,2,0,1
422026865,421925260,421926435,0,-1.926704,0.010000001,0.0098878145,0.004443116,0.010424108,9.379112e-05,4.697842e-05,2,0,1
422526860,422417174,422426435,0,-1.9069446,0.010000001,-0.005119443,-0.0012841402,0.010430544,2.5126876e-05,-1.2156695e-05,2,0,1
423026889,422922473,422926435,0,-1.8711326,0.010000001,-0.01691997,-0.0093358625,0.010415163,0.0002748737,-0.00014708668,2,0,1
423516862,423416128,423416436,0,-1.8832487,0.010000001,0.004927993,-0.007982947,0.0104579255,2.322173e-05,-0.0001081573,2,0,1
424026866,423924045,423926435,0,-1.8876156,0.010000001,-0.021630645,-0.005968567,0.010416307,0.00044918494,-8.4775675e-05,2,0,1
424516877,424414587,424416435,0,-1.9225408,0.010000001,-0.010078192,-0.00963122,0.010415128,9.752155e-05,-0.00013772152,2,0,1
425016887,424916031,424916435,0,-1.9281268,0.010000001,-0.01932919,-0.011331119,0.010418309,0.00035861635,-0.00019219553,2,0,1
425526866,425425253,425426435,0,-1.9299619,0.010000001,-0.0037708282,-0.009017271,0.010406289,1.3663993e-05,-0.00012082405,2,0,1
426016886,425907292,425916435,0,-1.9132478,0.010000001,0.000780344,-0.004611613,0.010440804,5.8322786e-07,-5.4979315e-05,2,0,1
426516879,426415234,426416435,0,-1.883319,0.010000001,-0.006583214,-0.0034999219,0.010414621,4.161333e-05,-3.6360518e-05,2,0,1
427016877,426912628,426916435,0,-1.8573071,0.010000001,-0.01871872,-0.0053724614,0.010451601,0.00033525052,-8.412229e-05,2,0,1
427526854,427422028,427426435,0,-1.8546867,0.010000001,-0.009238005,-0.0072078374,0.010469074,8.1516984e-05,-0.00010238543,2,0,1
428026860,427919222,427926435,0,-1.8572048,0.010000001,-0.013190031,-0.007896353,0.01044851,0.00016650885,-0.00010667322,2,0,1
428516895,428410007,428416435,0,-1.8867941,0.010000001,-0.0076845884,-0.0034542484,0.010445691,5.6533267e-05,-5.0087474e-05,2,0,1
429016864,428911429,428916435,0,-1.9344409,0.010000001,0.007106304,-0.001223078,0.0104450155,4.8348e-05,-1.9455138e-05,2,0,1
429526855,429416639,429426434,0,-1.962753,0.010000001,0.00659132,0.0022604335,0.010448689,4.157986e-05,1.7560744e-05,2,0,1
430026852,429923769,429926435,0,-1.9795958,0.010000001,0.00018417835,0.0051293946,0.010450069,3.246071e-08,6.862235e-05,2,0,1
430516938,430407820,430416435,0,-1.9525512,0.010000001,-0.018494725,-0.0032890309,0.0104552675,0.00032716032,-4.8136357e-05,2,0,1
431026888,430925210,430926435,0,-1.9566326,0.010000001,-0.001565218,-0.0035082013,0.010426855,2.3496127e-06,-4.945439e-05,2,0,1
431516876,431410754,431416435,0,-1.9528044,0.010000001,0.0014636517,-0.0015631263,0.010423584,2.0552202e-06,-1.795589e-05,2,0,1
432026855,431922247,431926435,0,-1.9547141,0.010000001,0.0144433975,0.0010731587,0.010448012,0.00019966645,1.1627668e-05,2,0,1
432526861,432424833,432426435,0,-1.8937622,0.010000001,-0.019948244,-0.004846066,0.010431273,0.00038148023,-6.292028e-05,2,0,1
433026876,432921340,432926435,0,-1.8846143,0.010000001,0.006167412,-0.009095935,0.010438508,3.6439083e-05,-0.00013592126,2,0,1
433526865,433421055,433426435,0,-1.8547622,0.010000001,-0.014847398,-0.008526285,0.010448043,0.00021099187,-0.00010864664,2,0,1
434016881,433915384,433916436,0,-1.8743546,0.010000001,-0.0046112537,-0.0082349805,0.010437777,2.0371828e-05,-9.1419504e-05,2,0,1
434516860,434409166,434416435,0,-1.8890744,0.010000001,-0.015487313,-0.008085947,0.010441701,0.00022971052,-8.3305764e-05,2,0,1
435026865,434917676,434926434,0,-1.9267942,0.010000001,-0.0070763826,-0.004329255,0.010451812,4.7910533e-05,-4.1223902e-05,2,0,1
435526891,435422685,435426435,0,-1.9493178,0.010000001,-0.002584219,-0.001427175,0.010449813,6.390725e-06,-1.7089586e-05,2,0,1
436026864,435922086,435926435,0,-1.9872897,0.010000001,0.017274857,0.0043263463,0.010431122,0.00028608684,8.165326e-05,2,0,1
436516955,436411954,436416435,0,-1.9934525,0.010000001,0.010320663,0.005612918,0.010450086,0.00010192844,7.595661e-05,2,0,1
437016870,436908747,436916435,0,-1.9900005,0.010000001,-0.0030471087,0.007480137,0.01045107,8.884134e-06,0.00012740373,2,0,1
437526900,437419512,437426435,0,-1.9724587,0.010000001,-0.008907318,0.0007898338,0.010458175,7.58644e-05,2.6360822e-05,2,0,1
438016869,437906670,437916435,0,-1.947712,0.010000001,-0.0055053234,-0.0029122522,0.010461068,2.8972745e-05,-2.586453e-05,2,0,1
438516857,438411526,438416435,0,-1.8904446,0.010000001,-0.013507247,-0.008315371,0.010436886,0.00017480856,-0.00010703151,2,0,1
439026863,438921973,438926435,0,-1.8602837,0.010000001,-0.011138201,-0.011997642,0.010439911,0.000118831966,-0.00019426846,2,0,1
439526866,439416466,439426435,0,-1.8356882,0.010000001,-0.019354343,-0.0152998185,0.010443139,0.0003586954,-0.00026509044,2,0,1
440026859,439917302,439926435,0,-1.8468465,0.010000001,3.2544136e-05,-0.008856463,0.010424373,1.0160043e-09,-0.00016755554,2,0,1
440526884,440425603,440426435,0,-1.8536949,0.010000001,-0.009038091,-0.0010250614,0.010413714,7.844184e-05,-4.0211267e-05,2,0,1
441026856,440926029,440926435,0,-1.8959992,0.010000001,0.010805607,0.007719764,0.010422267,0.000112030466,0.00011398042,2,0,1
441526862,441421183,441426435,0,-1.9057534,0.010000001,-0.0010919571,0.008142146,0.010427269,1.1435117e-06,0.00012026167,2,0,1
442026890,441923426,441926435,0,-1.9246699,0.010000001,0.0115122795,0.0047351504,0.010418282,0.00012721156,6.4489876e-05,2,0,1
442506856,442406273,442406435,0,-1.9457982,0.010000001,0.0063056946,0.009969211,0.010458261,3.8019498e-05,0.00014321426,2,0,1
443026874,442920738,442926435,0,-1.9355391,0.010000001,-0.0073900223,0.0004243218,0.010448494,5.226823e-05,2.22905e-05,2,0,1
443516883,443412787,443416435,0,-1.9185873,0.010000001,0.0033694506,-0.0028838043,0.010445326,1.0869166e-05,-3.1031163e-05,2,0,1
444016891,443907713,443916436,0,-1.8993459,0.010000001,0.0050672293,0.0015749943,0.010430608,2.4616795e-05,3.1507712e-05,2,0,1
444526861,444425449,444426435,0,-1.861896,0.010000001,-0.008636475,-0.0028108498,0.010431547,7.1503004e-05,-3.3943437e-05,2,0,1
445026863,444918318,444926435,0,-1.842818,0.010000001,-0.030477166,-0.0027119485,0.010458853,0.0008881066,-8.193515e-05,2,0,1
445506864,445399091,445406435,0,-1.8714447,0.010000001,0.008728027,-0.0149289565,0.0104539115,7.287077e-05,-0.0004416041,2,0,1
446016895,445914510,445916434,0,-1.8933574,0.010000001,-0.0022057295,-0.0013551307,0.010437214,4.661438e-06,-0.000113358,2,0,1
446526936,446420911,446426435,0,-1.9239705,0.010000001,0.0017334223,-0.0030129233,0.010427328,2.8816135e-06,-8.3864936e-05,2,0,1
447016884,446915522,446916434,0,-1.9416782,0.010000001,-0.008784771,1.6393578e-05,0.010435581,7.3951036e-05,-1.4285507e-05,2,0,1
447526856,447424444,447426435,0,-1.9390864,0.010000001,-0.008044362,-0.004797258,0.010448978,6.193119e-05,-6.999248e-05,2,0,1
448016894,447914361,447916438,0,-1.9432436,0.010000001,0.0062838793,0.00017681168,0.010445101,3.7804457e-05,-6.664134e-07,2,0,1
448526854,448425712,448426435,0,-1.9015503,0.010000001,-0.018546939,-0.0032431479,0.010450974,0.00032914535,-5.6769146e-05,2,0,1
449026852,448924304,448926435,0,-1.8979529,0.010000001,-0.005389929,-0.0045156195,0.010442446,2.7820428e-05,-6.006869e-05,2,0,1
449526859,449418498,449426435,0,-1.8805072,0.010000001,-0.008223772,-0.0077731996,0.010420691,6.490014e-05,-9.468681e-05,2,0,1
450016865,449916030,449916435,0,-1.9037064,0.010000001,0.0051418543,-0.0028264665,0.010430376,2.5347757e-05,-3.0984287e-05,2,0,1
450516898,450412688,450416435,0,-1.9132413,0.010000001,0.0037299395,-0.0037856319,0.010420069,1.3351589e-05,-4.4886932e-05,2,0,1
451016859,450915066,450916435,0,-1.9479271,0.010000001,0.0159868,0.0072801807,0.010429679,0.00024504858,0.00010959556,2,0,1
451516946,451408464,451416435,0,-1.9718692,0.010000001,0.007646084,0.007400806,0.010437433,5.601243e-05,0.00010940307,2,0,1
452026852,451922132,451926435,0,-1.9888052,0.010000001,0.0003745556,0.0018134429,0.010412457,1.3473466e-07,3.5836245e-05,2,0,1
452526879,452424829,452426435,0,-1.9735963,0.010000001,-0.015583038,-0.0041180043,0.010420395,0.00023303443,-4.525276e-05,2,0,1
453026893,452926372,452926435,0,-1.9702889,0.010000001,-0.0019062757,-0.006473117,0.010437687,3.4815064e-06,-9.185207e-05,2,0,1
453516881,453412431,453416435,0,-1.9520303,0.010000001,-0.0073605776,-0.0062065697,0.010413379,5.2027393e-05,-8.282951e-05,2,0,1
454026853,453918097,453926435,0,-1.939315,0.010000001,-0.0030516386,-0.0066636275,0.010464719,8.898948e-06,-8.1724334e-05,2,0,1
454526856,454425880,454426435,0,-1.9228053,0.010000001,-0.010902762,-0.0035713166,0.0104288105,0.00011398254,-4.084176e-05,2,0,1
455016904,454909901,454916435,0,-1.9181533,0.010000001,-0.003026843,-0.003268683,0.010429199,8.784739e-06,-3.1035124e-05,2,0,1
455526862,455417956,455426435,0,-1.8842745,0.010000001,0.00091814995,-0.0032658367,0.010431781,8.0810685e-07,-2.6908152e-05,2,0,1
456026857,455919504,455926435,0,-1.878199,0.010000001,0.01162684,0.0042904476,0.010435202,0.00012954556,8.626133e-05,2,0,1
456526857,456420466,456426435,0,-1.8652729,0.010000001,-0.0048019886,0.0030879385,0.010450444,2.206518e-05,4.1502746e-05,2,0,1
457026858,456923094,456926435,0,-1.859861,0.010000001,-0.007978678,-0.005686829,0.010422391,6.107936e-05,-6.835369e-05,2,0,1
457516885,457410497,457416435,0,-1.8742915,0.010000001,0.011546016,-0.0049384926,0.010408864,0.000128074,-5.4364522e-05,2,0,1
458026860,457916662,457926435,0,-1.8473996,0.010000001,-0.01496315,-0.0074697263,0.010421125,0.00021484807,-8.732327e-05,2,0,1
458526859,458417522,458426437,0,-1.8943914,0.010000001,-0.0037252903,-0.0031132258,0.010414843,1.3325009e-05,-3.1242354e-05,2,0,1
459016878,458908773,458916435,0,-1.9355669,0.010000001,-0.0065065622,-0.00680661,0.010415927,4.0644827e-05,-0.00010667584,2,0,1
459526876,459425440,459426435,0,-1.9997851,0.010000001,0.015067577,0.003976785,0.010462984,0.00021698578,5.470273e-05,2,0,1
460016872,459915401,459916435,0,-1.98886,0.010000001,-0.0068473816,-0.0007685331,0.010421025,4.4992346e-05,-1.4393143e-05,2,0,1
460516881,460414360,460416435,0,-1.9459012,0.010000001,-0.02405727,-0.0103325,0.010424315,0.00055519445,-0.00018932976,2,0,1
461016887,460916273,460916436,0,-1.9194002,0.010000001,-0.017411351,-0.008291971,0.010420677,0.00029091694,-0.00013571566,2,0,1
461516883,461414053,461416435,0,-1.8984181,0.010000001,-0.004838109,-0.010247977,0.010422949,2.2457465e-05,-0.00016853238,2,0,1
462026884,461917867,461926435,0,-1.8680083,0.010000001,-0.015936017,-0.012281244,0.010435919,0.00024334861,-0.00019572748,2,0,1
462516871,462415352,462416435,0,-1.8704411,0.010000001,-0.013285637,-0.0068798373,0.010424344,0.00016932304,-0.00011192603,2,0,1
463026926,462920078,462926435,0,-1.8870345,0.010000001,-0.022158504,-0.0048666005,0.01042117,0.0004711556,-8.0119484e-05,2,0,1
463516873,463415894,463416435,0,-1.9090543,0.010000001,-0.016347647,-0.014555243,0.010417099,0.00025654508,-0.00030524546,2,0,1
464026859,463925638,463926435,0,-1.9514295,0.010000001,-0.0034111738,-0.0066721835,0.010418722,1.11684585e-05,-0.00014471562,2,0,1
464516875,464411331,464416435,0,-1.9749756,0.010000001,-0.0012769699,-0.0037642566,0.010438059,1.5622177e-06,-6.1658335e-05,2,0,1
465016870,464914082,464916435,0,-1.9658327,0.010000001,-0.011365175,-0.0048120064,0.0104079945,0.00012410384,-6.901227e-05,2,0,1
465526855,465425554,465426435,0,-1.9294945,0.010000001,-0.017733216,-0.008713682,0.010414054,0.00030196403,-0.00012044364,2,0,1
466026860,465922406,465926435,0,-1.9217108,0.010000001,-0.0029729605,-0.007549736,0.010435975,8.469256e-06,-9.300788e-05,2,0,1
466516875,466409128,466416434,0,-1.9221376,0.010000001,0.0024095774,-0.003926603,0.010443871,5.559302e-06,-4.2830277e-05,2,0,1
467026860,466925504,466926435,0,-1.9224647,0.010000001,-0.0051578283,-0.0048931227,0.010409312,2.5557109e-05,-4.5077384e-05,2,0,1
467516877,467415473,467416435,0,-1.9333339,0.010000001,-0.0022240877,-0.0066009285,0.010409749,4.7518593e-06,-7.066498e-05,2,0,1
468026856,467924024,467926435,0,-1.9540257,0.010000001,0.006915331,0.003727461,0.010434517,4.5830395e-05,7.061244e-05,2,0,1
468526886,468417790,468426435,0,-1.9514563,0.010000001,0.004202962,0.0014268049,0.010419833,1.695314e-05,2.8653885e-05,2,0,1
469016869,468915857,468916437,0,-2.000846,0.010000001,0.021448016,0.016996773,0.010419119,0.00044151273,0.00049067923,2,0,1
469516869,469410088,469416435,0,-1.9483565,0.010000001,-0.037071943,-0.00036435324,0.010444781,0.0013158045,2.1634167e-05,2,0,1
470026857,469922858,469926434,0,-1.9696683,0.010000001,0.004566431,0.00012852327,0.010427835,1.9996762e-05,1.2486058e-05,2,0,1
470506858,470404666,470406435,0,-1.9356585,0.010000001,-0.01247561,-0.004403882,0.010435533,0.00014914508,-7.522042e-05,2,0,1
471026858,470926172,470926435,0,-1.8981774,0.010000001,-0.010827899,-0.011690111,0.010411658,0.000112607806,-0.00021092879,2,0,1
471526871,471417132,471426435,0,-1.9009864,0.010000001,-0.0033119917,-0.005871153,0.010424594,1.0522509e-05,-9.371728e-05,2,0,1
472016876,471916271,471916435,0,-1.9160792,0.010000001,0.00949645,-0.0017136912,0.010434568,8.642674e-05,-5.8285765e-05,2,0,1
472516891,472411403,472416435,0,-1.8800664,0.010000001,-0.027483702,-0.0075093587,0.010420879,0.00072484656,-0.00016449022,2,0,1
473016870,472907468,472916435,0,-1.906142,0.010000001,-0.0025134087,-0.0050976295,0.010443587,6.0489015e-06,-8.9536814e-05,2,0,1
473516870,473413796,473416435,0,-1.9187536,0.010000001,0.0057930946,-0.00252431,0.010453603,3.210371e-05,-4.0937877e-05,2,0,1
474026862,473924277,473926434,0,-1.9180181,0.010000001,0.0001449585,-0.001384954,0.010421455,2.0163178e-08,-3.6940208e-05,2,0,1
474516876,474409408,474416435,0,-1.9099406,0.010000001,-0.0053682327,-0.004929251,0.010431669,2.762542e-05,-6.0497463e-05,2,0,1
475006856,474906179,474906435,0,-1.903039,0.010000001,0.0011146069,-0.0051637264,0.01042167,1.192082e-06,-5.0016726e-05,2,0,1
475516874,475413346,475416435,0,-1.888583,0.010000001,-0.0048093796,-0.0036482746,0.010449197,2.2135797e-05,-6.515355e-05,2,0,1
476026852,475925951,475926435,0,-1.8649206,0.010000001,-0.015711904,-0.010451137,0.010441897,0.00023641672,-0.00015912915,2,0,1
476526860,476424756,476426435,0,-1.8613284,0.010000001,-0.018712878,-0.014128481,0.010431814,0.00033567683,-0.00023060637,2,0,1
477026856,476917585,476926435,0,-1.8838454,0.010000001,-0.0050587654,-0.01303973,0.010455685,2.4475783e-05,-0.00020381092,2,0,1
477526885,477423624,477426435,0,-1.9041889,0.010000001,-0.005466342,-0.0107147,0.010426883,2.8657554e-05,-0.00014553845,2,0,1
478016901,477907089,477916435,0,-1.902511,0.010000001,-0.016091824,-0.009242474,0.010426003,0.00024836633,-0.00015098414,2,0,1
478506859,478398514,478406435,0,-1.9469057,0.010000001,0.012857556,-0.0036651127,0.010430349,0.0001584959,-6.217073e-05,2,0,1
479026852,478922363,478926435,0,-1.9555792,0.010000001,0.0021260977,-0.0029620363,0.010411809,4.341504e-06,-5.8685408e-05,2,0,1
479526883,479424808,479426435,0,-1.9427416,0.010000001,0.004310608,-0.010478725,0.01043863,1.7800554e-05,-0.00020581372,2,0,1
480016865,479910464,479916435,0,-1.9572266,0.010000001,0.018754244,0.0028382791,0.01043705,0.00033699337,2.4814839e-05,2,0,1
480516870,480412054,480416435,0,-1.9702592,0.010000001,0.015493035,0.013602523,0.010477953,0.00022908497,0.00025876288,2,0,1
481026857,480916867,480926435,0,-1.9587929,0.010000001,0.0044047832,0.008478594,0.010452425,1.856231e-05,0.00014922828,2,0,1
481516948,481410692,481416435,0,-1.9096221,0.010000001,-0.009821057,0.0003123641,0.010431966,9.2459246e-05,2.6314121e-05,2,0,1
482016884,481912827,481916435,0,-1.876989,0.010000001,-0.017336726,-0.0034533204,0.010430232,0.00028816433,-2.8762573e-05,2,0,1
482516875,482413588,482416435,0,-1.8624755,0.010000001,-0.009490013,-0.013657284,0.010452695,8.615993e-05,-0.00027791553,2,0,1
483026850,482921700,482926435,0,-1.8862481,0.010000001,0.003970146,-0.0063378816,0.010445651,1.5089591e-05,-0.00012466729,2,0,1
483526861,483417828,483426435,0,-1.9165807,0.010000001,0.001388669,0.001836979,0.010445942,1.8460773e-06,-8.402619e-06,2,0,1
484016858,483912535,483916435,0,-1.9200069,0.010000001,-0.0054650307,-0.0010898912,0.010442816,2.8600101e-05,-2.800523e-05,2,0,1
484526858,484422719,484426435,0,-1.92403,0.010000001,0.0053110123,-0.003775833,0.01046316,2.695825e-05,-5.388963e-05,2,0,1
485016867,484914441,484916435,0,-1.9575987,0.010000001,0.020960927,0.007315065,0.010454731,0.00042025035,0.00012540825,2,0,1
485526864,485418406,485426435,0,-1.9481966,0.010000001,0.020925522,0.0062115113,0.010447515,0.00041912115,0.00012515382,2,0,1
486016883,485907243,485916435,0,-1.9009906,0.010000001,-0.0053129196,0.0044998145,0.010449459,2.7012993e-05,7.945584e-05,2,0,1
486516852,486411045,486416435,0,-1.8674401,0.010000001,-0.01512742,-0.0037273534,0.010447653,0.00021903373,-6.104117e-05,2,0,1
487026852,486924763,486926434,0,-1.882976,0.010000001,-0.00016367435,-0.0024789681,0.010446053,2.5645376e-08,-3.887085e-05,2,0,1
487526858,487425402,487426435,0,-1.890335,0.010000001,-0.0063997507,-0.0033648454,0.010434296,3.9252107e-05,-3.5808192e-05,2,0,1
488026857,487916836,487926435,0,-1.8983278,0.010000001,-0.019706368,-0.00768242,0.010437964,0.00037204666,-9.258467e-05,2,0,1
488526890,488425737,488426435,0,-1.9383097,0.010000001,0.002023816,-0.006048758,0.010440075,3.9231822e-06,-7.069454e-05,2,0,1
489026853,488923919,488926435,0,-1.9351901,0.010000001,-0.02419746,-0.0041772947,0.010445833,0.00056052685,-8.522024e-05,2,0,1
489516853,489407002,489416435,0,-1.9926369,0.010000001,0.016974926,0.0019576186,0.01046672,0.00027529936,9.514371e-06,2,0,1
490026851,489919117,489926435,0,-1.9769,0.010000001,0.01154542,0.0015863767,0.0104458695,0.00012760711,1.6427608e-05,2,0,1
490516883,490408733,490416435,0,-1.9671129,0.010000001,0.014431596,0.0065310104,0.010428344,0.00019971623,7.4638745e-05,2,0,1
491016853,490915779,490916435,0,-1.9337525,0.010000001,0.0022000074,0.0013651106,0.010418032,4.6458226e-06,2.2698361e-05,2,0,1
491526869,491420575,491426435,0,-1.9055573,0.010000001,0.005841017,-0.003610214,0.010425107,3.2726264e-05,-5.757167e-05,2,0,1
492026861,491923794,491926435,0,-1.8534303,0.010000001,-0.017162561,-0.003883818,0.010418693,0.00028271638,-7.232803e-05,2,0,1
492516889,492408878,492416435,0,-1.8449013,0.010000001,0.0034565926,-0.004472525,0.010433866,1.1451203e-05,-8.801651e-05,2,0,1
493026852,492918106,492926435,0,-1.8479756,0.010000001,-0.0055487156,-0.0029616237,0.01043336,2.9509423e-05,-4.4940334e-05,2,0,1
493516909,493412381,493416435,0,-1.8676534,0.010000001,-0.017800808,-0.0050267675,0.010428789,0.00030384044,-6.796784e-05,2,0,1
494016876,493909902,493916436,0,-1.9258146,0.010000001,0.005755663,-0.0002888712,0.010429094,3.1764655e-05,-1.5811427e-05,2,0,1
494526863,494422502,494426439,0,-1.9855341,0.010000001,0.014419675,0.011763904,0.01042647,0.00019942225,0.0002379883,2,0,1
495016860,494910559,494916435,0,-1.9706483,0.010000001,-0.011535525,-0.0032354617,0.010432173,0.00012755573,-5.9855243e-05,2,0,1
495516856,495409160,495416435,0,-1.9574436,0.010000001,-0.020465374,-0.003361627,0.010444043,0.00040102436,-6.217329e-05,2,0,1
496016860,495914917,495916435,0,-1.9306623,0.010000001,-0.018876195,-0.01009266,0.010412362,0.0003421997,-0.00017811281,2,0,1
496526858,496418516,496426435,0,-1.9377232,0.010000001,0.012253284,-0.004216449,0.0104240505,0.00014403516,-7.1668175e-05,2,0,1
497016883,496915905,496916435,0,-1.9220986,0.010000001,0.009247899,-0.0035081955,0.010462365,8.1744074e-05,-5.0193168e-05,2,0,1
497526853,497419914,497426435,0,-1.903912,0.010000001,-0.002419114,-0.0034065566,0.010426458,5.612753e-06,-3.3771164e-05,2,0,1
498016856,497916327,497916435,0,-1.9156464,0.010000001,0.00936985,-0.0038888871,0.010481197,8.3763414e-05,-4.181824e-05,2,0,1
498506867,498401861,498406434,0,-1.938192,0.010000001,0.016637087,-0.0006149952,0.010438381,0.0002651682,-3.29359e-06,2,0,1
499016881,498912622,498916434,0,-1.9142166,0.010000001,-0.01281333,-0.0020070092,0.010469252,0.0001568225,-6.47124e-07,2,0,1
499526942,499417974,499426435,0,-1.9198402,0.010000001,-0.014647126,-0.0020502338,0.010457523,0.00020515213,-2.2558776e-05,2,0,1
500026855,499920934,499926436,0,-1.9117945,0.010000001,-0.005230069,-0.0073107257,0.01045789,2.6155969e-05,-9.838299e-05,2,0,1
500526852,500421924,500426435,0,-1.9010626,0.010000001,0.003723383,-0.0075157722,0.010433498,1.32875675e-05,-9.373105e-05,2,0,1
501026860,500926110,500926435,0,-1.9160523,0.010000001,0.00021505356,0.0006299576,0.010441166,4.4293934e-08,1.7380822e-05,2,0,1
501516905,501412086,501416434,0,-1.9095031,0.010000001,-0.016417384,-0.007635891,0.010438919,0.00025819772,-0.00011514972,2,0,1
502016860,501910512,501916435,0,-1.9519951,0.010000001,0.02003181,0.00071316835,0.010465816,0.00038341343,-4.6845544e-06,2,0,1
502526863,502417941,502426435,0,-1.9291286,0.010000001,-0.014444828,0.00599169,0.010429621,0.00020005814,9.5039875e-05,2,0,1
503026855,502918372,502926435,0,-1.931846,0.010000001,-0.0014389753,0.0047777523,0.01043057,1.9851743e-06,7.195468e-05,2,0,1
503526852,503423365,503426435,0,-1.9143256,0.010000001,0.007381797,0.006637096,0.010427002,5.225944e-05,7.7560464e-05,2,0,1
504026884,503916777,503926435,0,-1.8473269,0.010000001,-0.008454323,-0.00084022735,0.010436851,6.848385e-05,-5.7296296e-07,2,0,1
504526867,504426256,504426435,0,-1.7843165,0.010000001,-0.014312506,-0.0077058943,0.010418267,0.00019662369,-9.498728e-05,2,0,1
505026862,504921873,504926435,0,-1.7628093,0.010000001,0.010044694,-0.0066881413,0.010398408,9.703012e-05,-8.443945e-05,2,0,1
505516883,505408759,505416435,0,-1.7288392,0.010000001,-0.019298196,-0.008734965,0.010419461,0.00035742766,-0.00011344299,2,0,1
506016858,505913342,505916435,0,-1.7813294,0.010000001,-0.0034064054,-0.010350277,0.010432985,1.1122031e-05,-0.00013161464,2,0,1
506516858,506411519,506416435,0,-1.841608,0.010000001,-0.009446502,-0.0067451666,0.010415597,8.567574e-05,-7.408092e-05,2,0,1
507016857,506912529,506916435,0,-1.9421916,0.010000001,0.011362791,-0.0012258595,0.010448747,0.00012356794,-1.20623545e-05,2,0,1
507516865,507411523,507416435,0,-1.9934952,0.010000001,0.010225415,0.00093737507,0.010419288,0.000100351506,7.844589e-06,2,0,1
508026864,507922534,507926435,0,-1.993172,0.010000001,-0.002331376,0.005119062,0.010418193,5.217137e-06,6.289475e-05,2,0,1
508516858,508414915,508416435,0,-2.0081856,0.010000001,0.024490118,0.010345532,0.010425996,0.00057526,0.00022199166,2,0,1
509016853,508913461,508916435,0,-1.9726275,0.010000001,0.01238656,0.0074520777,0.010430099,0.0001471001,0.00012426222,2,0,1
509516877,509415525,509416435,0,-1.8877378,0.010000001,-0.012972236,-0.0027690402,0.010410747,0.00016163962,-2.3023764e-05,2,0,1
510016881,509908310,509916435,0,-1.7831806,0.010000001,-0.016041994,-0.0102160955,0.010432257,0.00024668255,-0.000149376,2,0,1
510516880,510409089,510416435,0,-1.6368273,0.010000001,-0.011224747,-0.010692077,0.010425069,0.00012085765,-0.0001419112,2,0,1
511006860,510904905,510906435,0,-1.472392,0.010000001,0.012494564,0.005100386,0.010426421,0.00014972936,9.94124e-05,2,0,1
511516861,511414111,511416435,0,-1.2037338,0.010000001,0.0034942627,0.008089711,0.010418373,1.1719557e-05,0.00011629867,2,0,1
512016857,511909412,511916435,0,-0.8592328,0.010000001,-0.009117186,0.0035307554,0.0104349675,7.965821e-05,4.343819e-05,2,0,1
512526932,512423163,512426435,0,-0.49423182,0.010000001,-0.0819785,-0.065243445,0.010580512,0.0063517476,0.0025565093,2,0,1
515236864,515132322,512506435,0,-0.4348522,0.010000001,-0.07451984,-0.08417385,0.028603066,0.0019414726,0.0020969938,2,0,0
515506860,515405408,515406435,0,-0.3995861,0.010000001,-0.031078666,-0.020332327,0.011894355,0.00081205205,-0.00017422182,2,0,1
515576864,515471328,515476435,0,-0.41506225,0.010000001,-0.012930244,-0.014589457,0.011495386,0.00014544201,0.000149655,2,0,1
516236889,516127248,516136435,0,-0.4433286,0.010000001,-0.009778917,-0.0119792195,0.010988034,8.70285e-05,6.4555476e-05,2,0,1
519046869,518936712,516226438,0,-0.4532146,0.010000001,0.007146448,0.0038769646,0.039465763,1.2940765e-05,1.0824585e-05,2,0,0
519086939,518976876,518986435,0,-0.45492935,0.010000001,0.0041942,0.0039005526,0.040383533,4.356061e-06,1.0343617e-05,2,0,0
519506862,519403263,519406435,0,-0.4909421,0.010000001,-0.0020380914,-0.0025938975,0.010780645,3.8530316e-06,-7.4841846e-06,2,0,1
520046857,519942664,519946435,0,-0.54841053,0.010000001,-0.002609551,0.0006590458,0.011103205,6.1331443e-06,7.216298e-07,2,0,1
520536864,520433210,520436435,0,-0.56501675,0.010000001,-0.0134990215,-0.020870866,0.010943828,0.00016650809,0.0003606078,2,0,1
520866862,520758625,520766435,0,-0.61555594,0.010000001,0.007558286,0.011040738,0.010768786,5.3049334e-05,0.00011809242,2,0,1
521536860,521432722,521436435,0,-0.7027132,0.010000001,-0.0035851002,-0.0069853333,0.010675301,1.2039889e-05,1.3553479e-05,2,0,1
522046896,521938823,521946434,0,-0.8066349,0.010000001,0.0014862418,-0.0026594284,0.01047022,2.1097119e-06,-7.935188e-06,2,0,1
522516857,522409664,522416435,0,-0.88503045,0.010000001,0.007917583,0.0020654441,0.010486182,5.9781647e-05,1.719029e-05,2,0,1
523036862,522926943,522936435,0,-0.9179167,0.010000001,0.0159446,0.009770915,0.01047724,0.00024265004,0.0001320903,2,0,1
523526942,523422969,523426435,0,-0.86036175,0.010000001,0.0073011518,0.013535194,0.010559206,5.0483734e-05,0.00021427443,2,0,1
524046861,523942786,523946434,0,-0.73413426,0.010000001,-0.017420053,-0.00557299,0.010548553,0.00028767763,-0.00010654276,2,0,1
524536856,524430028,524436435,0,-0.62482655,0.010000001,-0.0054026246,-0.008378005,0.010437156,2.796581e-05,-0.00010845301,2,0,1
525026857,524922320,524926435,0,-0.4994055,0.010000001,-0.0059637427,-0.0077161686,0.010430791,3.4097342e-05,1.7271213e-05,2,0,1
525446857,525339263,525346435,0,-0.40711626,0.010000001,-0.005872011,-0.007419588,0.010485937,3.2882628e-05,4.5230732e-05,2,0,1
525886861,525784838,525786435,0,-0.40257236,0.010000001,-0.024855703,-0.021600109,0.010508796,0.0005878942,-7.4241536e-05,2,0,1
526486811,526377589,526386435,0,-0.4100322,0.010000002,0.0070482194,-0.035915025,0.019996136,2.4843497e-05,-0.0012930046,2,0,1
528236886,528130344,526476435,0,-0.4721311,0.010000001,-0.19238219,-0.1272504,0.018579427,0.01992037,-0.0132776005,2,0,0
528246949,528145626,528146435,0,-0.5098012,0.010000001,-0.15712237,-0.12813634,0.018677939,0.013217433,-0.013275816,2,0,0
528726858,528618425,528626435,0,-0.72979254,0.010000001,0.015379369,-0.03295007,0.010633619,0.00022243134,-0.0047064014,2,0,1
528936863,528834372,528836435,0,-0.7577339,0.010000001,0.030851364,0.025619566,0.010709423,0.00088875624,0.0006194762,2,0,1
