timestamp,last_instance_change,instance_changed_count,accel_device_id,baro_device_id,gyro_device_id,mag_device_id,combined_test_ratio[0],combined_test_ratio[1],combined_test_ratio[2],combined_test_ratio[3],combined_test_ratio[4],combined_test_ratio[5],combined_test_ratio[6],combined_test_ratio[7],combined_test_ratio[8],relative_test_ratio[0],relative_test_ratio[1],relative_test_ratio[2],relative_test_ratio[3],relative_test_ratio[4],relative_test_ratio[5],relative_test_ratio[6],relative_test_ratio[7],relative_test_ratio[8],accumulated_gyro_error[0],accumulated_gyro_error[1],accumulated_gyro_error[2],accumulated_gyro_error[3],accumulated_accel_error[0],accumulated_accel_error[1],accumulated_accel_error[2],accumulated_accel_error[3],primary_instance,instances_available,healthy[0],healthy[1],healthy[2],healthy[3],healthy[4],healthy[5],healthy[6],healthy[7],healthy[8],gyro_fault_detected,accel_fault_detected
266284363,1411037,1,3407898,6780433,3407898,396809,0.50016093,0.5003667,0.50026804,nan,nan,nan,nan,nan,nan,0.0,0.82566893,0.73893875,nan,nan,nan,nan,nan,nan,0.0,0.0,0.0,nan,0.0,0.0,0.0,nan,0,3,1,1,1,0,0,0,0,0,0,0,0
267284390,1411037,1,3407898,6780433,3407898,396809,0.50008893,0.5002791,0.50030595,nan,nan,nan,nan,nan,nan,0.0,0.846789,0.7535839,nan,nan,nan,nan,nan,nan,0.0,0.0,0.0,nan,0.0,0.0,0.0,nan,0,3,1,1,1,0,0,0,0,0,0,0,0
268294196,1411037,1,3407898,6780433,3407898,396809,0.5003888,0.5005728,0.5003523,nan,nan,nan,nan,nan,nan,0.0,0.8604693,0.7601172,nan,nan,nan,nan,nan,nan,0.0,0.0,0.0,nan,0.0,0.0,0.0,nan,0,3,1,1,1,0,0,0,0,0,0,0,0
269294348,1411037,1,3407898,6780433,3407898,396809,0.50068814,0.50060076,0.5005507,nan,nan,nan,nan,nan,nan,0.0,0.8729997,0.7660525,nan,nan,nan,nan,nan,nan,0.0,0.0,0.0,nan,0.0,0.0,0.0,nan,0,3,1,1,1,0,0,0,0,0,0,0,0
270294381,1411037,1,3407898,6780433,3407898,396809,0.50072986,0.50130534,0.50069994,nan,nan,nan,nan,nan,nan,0.0,0.88759345,0.7660525,nan,nan,nan,nan,nan,nan,0.0,0.0,0.0,nan,0.0,0.0,0.0,nan,0,3,1,1,1,0,0,0,0,0,0,0,0
271304355,1411037,1,3407898,6780433,3407898,396809,0.5010704,0.5011087,0.5013976,nan,nan,nan,nan,nan,nan,0.0,0.93016833,0.8095583,nan,nan,nan,nan,nan,nan,0.0,0.0,0.0,nan,0.0,0.0,0.0,nan,0,3,1,1,1,0,0,0,0,0,0,0,0
272314349,1411037,1,3407898,6780433,3407898,396809,1.0,1.0,1.0,nan,nan,nan,nan,nan,nan,0.0,0.9633955,0.81136805,nan,nan,nan,nan,nan,nan,0.0,0.0,0.0,nan,0.0,0.0,0.0,nan,0,3,1,1,1,0,0,0,0,0,0,0,0
273324386,1411037,1,3407898,6780433,3407898,396809,0.51898104,0.5188113,0.5162906,nan,nan,nan,nan,nan,nan,0.0,1.0,1.0,nan,nan,nan,nan,nan,nan,0.0,0.0,0.0,nan,0.0,0.0,0.0,nan,0,3,1,1,1,0,0,0,0,0,0,0,0
274334392,1411037,1,3407898,6780433,3407898,396809,0.5068989,0.50728583,0.50677913,nan,nan,nan,nan,nan,nan,0.0,1.0,1.0,nan,nan,nan,nan,nan,nan,0.0,0.0,0.0,nan,0.0,0.0,0.0,nan,0,3,1,1,1,0,0,0,0,0,0,0,0
275344352,1411037,1,3407898,6780433,3407898,396809,0.50209314,0.5062151,0.5037407,nan,nan,nan,nan,nan,nan,0.0,1.0,1.0,nan,nan,nan,nan,nan,nan,0.0,0.0,0.0,nan,0.0,0.0,0.0,nan,0,3,1,1,1,0,0,0,0,0,0,0,0
276354352,1411037,1,3407898,6780433,3407898,396809,0.50471765,0.5050005,0.5033237,nan,nan,nan,nan,nan,nan,0.0,1.0,1.0,nan,nan,nan,nan,nan,nan,0.0,0.0,0.0,nan,0.0,0.0,0.0,nan,0,3,1,1,1,0,0,0,0,0,0,0,0
277364210,1411037,1,3407898,6780433,3407898,396809,0.50427806,0.5052631,0.5036947,nan,nan,nan,nan,nan,nan,0.0,1.0,1.0,nan,nan,nan,nan,nan,nan,0.0,0.0,0.0,nan,0.0,0.0,0.0,nan,0,3,1,1,1,0,0,0,0,0,0,0,0
278374202,1411037,1,3407898,6780433,3407898,396809,0.50306123,0.5029767,0.50331837,nan,nan,nan,nan,nan,nan,0.0,1.0,1.0,nan,nan,nan,nan,nan,nan,0.0,0.0,0.0,nan,0.0,0.0,0.0,nan,0,3,1,1,1,0,0,0,0,0,0,0,0
279374360,1411037,1,3407898,6780433,3407898,396809,0.5254451,0.5439573,0.5388617,nan,nan,nan,nan,nan,nan,0.0,1.0,1.0,nan,nan,nan,nan,nan,nan,0.0,0.0,0.0,nan,0.0,0.0,0.0,nan,0,3,1,1,1,0,0,0,0,0,0,0,0
280384363,1411037,1,3407898,6780433,3407898,396809,0.5117915,0.51970655,0.5146627,nan,nan,nan,nan,nan,nan,0.0,1.0,1.0,nan,nan,nan,nan,nan,nan,0.0,0.0,0.0,nan,0.0,0.0,0.0,nan,0,3,1,1,1,0,0,0,0,0,0,0,0
281384455,1411037,1,3407898,6780433,3407898,396809,0.505093,0.5044527,0.5047895,nan,nan,nan,nan,nan,nan,0.0,1.0,1.0,nan,nan,nan,nan,nan,nan,0.0,0.0,0.0,nan,0.0,0.0,0.0,nan,0,3,1,1,1,0,0,0,0,0,0,0,0
282394202,1411037,1,3407898,6780433,3407898,396809,0.5031931,0.5066892,0.50435734,nan,nan,nan,nan,nan,nan,0.0,1.0,1.0,nan,nan,nan,nan,nan,nan,0.0,0.0,0.0,nan,0.0,0.0,0.0,nan,0,3,1,1,1,0,0,0,0,0,0,0,0
283394221,1411037,1,3407898,6780433,3407898,396809,0.5081987,0.50842506,0.5080513,nan,nan,nan,nan,nan,nan,0.0,1.0,1.0,nan,nan,nan,nan,nan,nan,0.0,0.0,0.0,nan,0.0,0.0,0.0,nan,0,3,1,1,1,0,0,0,0,0,0,0,0
284394227,1411037,1,3407898,6780433,3407898,396809,0.5053724,0.50341886,0.50388867,nan,nan,nan,nan,nan,nan,0.0,1.0,1.0,nan,nan,nan,nan,nan,nan,0.0,0.0,0.0,nan,0.0,0.0,0.0,nan,0,3,1,1,1,0,0,0,0,0,0,0,0
285394355,1411037,1,3407898,6780433,3407898,396809,0.5115052,0.5107577,0.51007855,nan,nan,nan,nan,nan,nan,0.0,1.0,1.0,nan,nan,nan,nan,nan,nan,0.0,0.0,0.0,nan,0.0,0.0,0.0,nan,0,3,1,1,1,0,0,0,0,0,0,0,0
286404387,1411037,1,3407898,6780433,3407898,396809,0.507764,0.5037421,0.50710946,nan,nan,nan,nan,nan,nan,0.0,1.0,1.0,nan,nan,nan,nan,nan,nan,0.0,0.0,0.0,nan,0.0,0.0,0.0,nan,0,3,1,1,1,0,0,0,0,0,0,0,0
287414363,1411037,1,3407898,6780433,3407898,396809,0.5109769,0.5087628,0.5101858,nan,nan,nan,nan,nan,nan,0.0,1.0,1.0,nan,nan,nan,nan,nan,nan,0.0,0.0,0.0,nan,0.0,0.0,0.0,nan,0,3,1,1,1,0,0,0,0,0,0,0,0
288424348,1411037,1,3407898,6780433,3407898,396809,0.50979465,0.50809264,0.50800914,nan,nan,nan,nan,nan,nan,0.0,1.0,1.0,nan,nan,nan,nan,nan,nan,0.0,0.0,0.0,nan,0.0,0.0,0.0,nan,0,3,1,1,1,0,0,0,0,0,0,0,0
289434382,1411037,1,3407898,6780433,3407898,396809,0.5062912,0.50608367,0.5054073,nan,nan,nan,nan,nan,nan,0.0,1.0,1.0,nan,nan,nan,nan,nan,nan,0.0,0.0,0.0,nan,0.0,0.0,0.0,nan,0,3,1,1,1,0,0,0,0,0,0,0,0
290444356,1411037,1,3407898,6780433,3407898,396809,0.5098887,0.5106238,0.510424,nan,nan,nan,nan,nan,nan,0.0,1.0,1.0,nan,nan,nan,nan,nan,nan,0.0,0.0,0.0,nan,0.0,0.0,0.0,nan,0,3,1,1,1,0,0,0,0,0,0,0,0
291444360,1411037,1,3407898,6780433,3407898,396809,0.5076618,0.50648934,0.50614613,nan,nan,nan,nan,nan,nan,0.0,1.0,1.0,nan,nan,nan,nan,nan,nan,0.0,0.0,0.0,nan,0.0,0.0,0.0,nan,0,3,1,1,1,0,0,0,0,0,0,0,0
292454353,1411037,1,3407898,6780433,3407898,396809,0.5152454,0.51431054,0.5146206,nan,nan,nan,nan,nan,nan,0.0,1.0,1.0,nan,nan,nan,nan,nan,nan,0.0,0.0,0.0,nan,0.0,0.0,0.0,nan,0,3,1,1,1,0,0,0,0,0,0,0,0
293464201,1411037,1,3407898,6780433,3407898,396809,0.5080662,0.50694156,0.5076695,nan,nan,nan,nan,nan,nan,0.0,1.0,1.0,nan,nan,nan,nan,nan,nan,0.0,0.0,0.0,nan,0.0,0.0,0.0,nan,0,3,1,1,1,0,0,0,0,0,0,0,0
294464240,1411037,1,3407898,6780433,3407898,396809,0.5088116,0.5078328,0.5082872,nan,nan,nan,nan,nan,nan,0.0,1.0,1.0,nan,nan,nan,nan,nan,nan,0.0,0.0,0.0,nan,0.0,0.0,0.0,nan,0,3,1,1,1,0,0,0,0,0,0,0,0
295474350,1411037,1,3407898,6780433,3407898,396809,0.512389,0.51206243,0.51199853,nan,nan,nan,nan,nan,nan,0.0,1.0,1.0,nan,nan,nan,nan,nan,nan,0.0,0.0,0.0,nan,0.0,0.0,0.0,nan,0,3,1,1,1,0,0,0,0,0,0,0,0
296474355,1411037,1,3407898,6780433,3407898,396809,0.507271,0.50739676,0.50730133,nan,nan,nan,nan,nan,nan,0.0,1.0,1.0,nan,nan,nan,nan,nan,nan,0.0,0.0,0.0,nan,0.0,0.0,0.0,nan,0,3,1,1,1,0,0,0,0,0,0,0,0
297484208,1411037,1,3407898,6780433,3407898,396809,0.51124144,0.51382,0.51256126,nan,nan,nan,nan,nan,nan,0.0,1.0,1.0,nan,nan,nan,nan,nan,nan,0.0,0.0,0.0,nan,0.0,0.0,0.0,nan,0,3,1,1,1,0,0,0,0,0,0,0,0
298484356,1411037,1,3407898,6780433,3407898,396809,0.5040154,0.506192,0.5050934,nan,nan,nan,nan,nan,nan,0.0,1.0,1.0,nan,nan,nan,nan,nan,nan,0.0,0.0,0.0,nan,0.0,0.0,0.0,nan,0,3,1,1,1,0,0,0,0,0,0,0,0
299484381,1411037,1,3407898,6780433,3407898,396809,0.5055188,0.5048704,0.50523657,nan,nan,nan,nan,nan,nan,0.0,1.0,1.0,nan,nan,nan,nan,nan,nan,0.0,0.0,0.0,nan,0.0,0.0,0.0,nan,0,3,1,1,1,0,0,0,0,0,0,0,0
300494206,1411037,1,3407898,6780433,3407898,396809,0.50975686,0.5117528,0.5104582,nan,nan,nan,nan,nan,nan,0.0,1.0,1.0,nan,nan,nan,nan,nan,nan,0.0,0.0,0.0,nan,0.0,0.0,0.0,nan,0,3,1,1,1,0,0,0,0,0,0,0,0
301504204,1411037,1,3407898,6780433,3407898,396809,0.5068475,0.5061617,0.5080579,nan,nan,nan,nan,nan,nan,0.0,1.0,1.0,nan,nan,nan,nan,nan,nan,0.0,0.0,0.0,nan,0.0,0.0,0.0,nan,0,3,1,1,1,0,0,0,0,0,0,0,0
302514384,1411037,1,3407898,6780433,3407898,396809,0.5094022,0.51128495,0.51136583,nan,nan,nan,nan,nan,nan,0.0,1.0,1.0,nan,nan,nan,nan,nan,nan,0.0,0.0,0.0,nan,0.0,0.0,0.0,nan,0,3,1,1,1,0,0,0,0,0,0,0,0
303524360,1411037,1,3407898,6780433,3407898,396809,0.50583696,0.5067571,0.50592816,nan,nan,nan,nan,nan,nan,0.0,1.0,1.0,nan,nan,nan,nan,nan,nan,0.0,0.0,0.0,nan,0.0,0.0,0.0,nan,0,3,1,1,1,0,0,0,0,0,0,0,0
304534370,1411037,1,3407898,6780433,3407898,396809,0.510027,0.51254666,0.5104508,nan,nan,nan,nan,nan,nan,0.0,1.0,1.0,nan,nan,nan,nan,nan,nan,0.0,0.0,0.0,nan,0.0,0.0,0.0,nan,0,3,1,1,1,0,0,0,0,0,0,0,0
305544236,1411037,1,3407898,6780433,3407898,396809,0.5055949,0.5062048,0.5072592,nan,nan,nan,nan,nan,nan,0.0,1.0,1.0,nan,nan,nan,nan,nan,nan,0.0,0.0,0.0,nan,0.0,0.0,0.0,nan,0,3,1,1,1,0,0,0,0,0,0,0,0
306554208,1411037,1,3407898,6780433,3407898,396809,0.50710315,0.5064938,0.5075936,nan,nan,nan,nan,nan,nan,0.0,1.0,1.0,nan,nan,nan,nan,nan,nan,0.0,0.0,0.0,nan,0.0,0.0,0.0,nan,0,3,1,1,1,0,0,0,0,0,0,0,0
307564400,1411037,1,3407898,6780433,3407898,396809,0.5106269,0.5093344,0.5115518,nan,nan,nan,nan,nan,nan,0.0,1.0,1.0,nan,nan,nan,nan,nan,nan,0.0,0.0,0.0,nan,0.0,0.0,0.0,nan,0,3,1,1,1,0,0,0,0,0,0,0,0
308574383,1411037,1,3407898,6780433,3407898,396809,0.5046066,0.5047721,0.5074756,nan,nan,nan,nan,nan,nan,0.0,1.0,1.0,nan,nan,nan,nan,nan,nan,0.0,0.0,0.0,nan,0.0,0.0,0.0,nan,0,3,1,1,1,0,0,0,0,0,0,0,0
309574430,1411037,1,3407898,6780433,3407898,396809,0.5068841,0.50675386,0.5068869,nan,nan,nan,nan,nan,nan,0.0,1.0,1.0,nan,nan,nan,nan,nan,nan,0.0,0.0,0.0,nan,0.0,0.0,0.0,nan,0,3,1,1,1,0,0,0,0,0,0,0,0
310584210,1411037,1,3407898,6780433,3407898,396809,0.5060896,0.504419,0.5038454,nan,nan,nan,nan,nan,nan,0.0,1.0,1.0,nan,nan,nan,nan,nan,nan,0.0,0.0,0.0,nan,0.0,0.0,0.0,nan,0,3,1,1,1,0,0,0,0,0,0,0,0
311584356,1411037,1,3407898,6780433,3407898,396809,0.50954336,0.5064453,0.5090409,nan,nan,nan,nan,nan,nan,0.0,1.0,1.0,nan,nan,nan,nan,nan,nan,0.0,0.0,0.0,nan,0.0,0.0,0.0,nan,0,3,1,1,1,0,0,0,0,0,0,0,0
312594264,1411037,1,3407898,6780433,3407898,396809,0.5063305,0.50763214,0.506424,nan,nan,nan,nan,nan,nan,0.0,1.0,1.0,nan,nan,nan,nan,nan,nan,0.0,0.0,0.0,nan,0.0,0.0,0.0,nan,0,3,1,1,1,0,0,0,0,0,0,0,0
313594386,1411037,1,3407898,6780433,3407898,396809,0.51363087,0.51456285,0.51424146,nan,nan,nan,nan,nan,nan,0.0,1.0,1.0,nan,nan,nan,nan,nan,nan,0.0,0.0,0.0,nan,0.0,0.0,0.0,nan,0,3,1,1,1,0,0,0,0,0,0,0,0
314604218,1411037,1,3407898,6780433,3407898,396809,0.50858927,0.50843745,0.50925636,nan,nan,nan,nan,nan,nan,0.0,1.0,1.0,nan,nan,nan,nan,nan,nan,0.0,0.0,0.0,nan,0.0,0.0,0.0,nan,0,3,1,1,1,0,0,0,0,0,0,0,0
315604343,1411037,1,3407898,6780433,3407898,396809,0.5094073,0.50927013,0.5092819,nan,nan,nan,nan,nan,nan,0.0,1.0,1.0,nan,nan,nan,nan,nan,nan,0.0,0.0,0.0,nan,0.0,0.0,0.0,nan,0,3,1,1,1,0,0,0,0,0,0,0,0
316604364,1411037,1,3407898,6780433,3407898,396809,0.5061021,0.50534123,0.502825,nan,nan,nan,nan,nan,nan,0.0,1.0,1.0,nan,nan,nan,nan,nan,nan,0.0,0.0,0.0,nan,0.0,0.0,0.0,nan,0,3,1,1,1,0,0,0,0,0,0,0,0
317614346,1411037,1,3407898,6780433,3407898,396809,0.5085763,0.50903016,0.5059496,nan,nan,nan,nan,nan,nan,0.0,1.0,1.0,nan,nan,nan,nan,nan,nan,0.0,0.0,0.0,nan,0.0,0.0,0.0,nan,0,3,1,1,1,0,0,0,0,0,0,0,0
318614352,1411037,1,3407898,6780433,3407898,396809,0.50713646,0.5079244,0.5092709,nan,nan,nan,nan,nan,nan,0.0,1.0,1.0,nan,nan,nan,nan,nan,nan,0.0,0.0,0.0,nan,0.0,0.0,0.0,nan,0,3,1,1,1,0,0,0,0,0,0,0,0
319624214,1411037,1,3407898,6780433,3407898,396809,0.5074818,0.50492984,0.5077498,nan,nan,nan,nan,nan,nan,0.0,1.0,1.0,nan,nan,nan,nan,nan,nan,0.0,0.0,0.0,nan,0.0,0.0,0.0,nan,0,3,1,1,1,0,0,0,0,0,0,0,0
320634355,1411037,1,3407898,6780433,3407898,396809,0.5071098,0.50662136,0.5070537,nan,nan,nan,nan,nan,nan,0.0,1.0,1.0,nan,nan,nan,nan,nan,nan,0.0,0.0,0.0,nan,0.0,0.0,0.0,nan,0,3,1,1,1,0,0,0,0,0,0,0,0
321644349,1411037,1,3407898,6780433,3407898,396809,0.506353,0.5083797,0.5073855,nan,nan,nan,nan,nan,nan,0.0,1.0,1.0,nan,nan,nan,nan,nan,nan,0.0,0.0,0.0,nan,0.0,0.0,0.0,nan,0,3,1,1,1,0,0,0,0,0,0,0,0
322644365,1411037,1,3407898,6780433,3407898,396809,0.50555223,0.5083285,0.5074334,nan,nan,nan,nan,nan,nan,0.0,1.0,1.0,nan,nan,nan,nan,nan,nan,0.0,0.0,0.0,nan,0.0,0.0,0.0,nan,0,3,1,1,1,0,0,0,0,0,0,0,0
323654353,1411037,1,3407898,6780433,3407898,396809,0.5072231,0.50898975,0.5062906,nan,nan,nan,nan,nan,nan,0.0,1.0,1.0,nan,nan,nan,nan,nan,nan,0.0,0.0,0.0,nan,0.0,0.0,0.0,nan,0,3,1,1,1,0,0,0,0,0,0,0,0
324664205,1411037,1,3407898,6780433,3407898,396809,0.5093291,0.5120752,0.5104014,nan,nan,nan,nan,nan,nan,0.0,1.0,1.0,nan,nan,nan,nan,nan,nan,0.0,0.0,0.0,nan,0.0,0.0,0.0,nan,0,3,1,1,1,0,0,0,0,0,0,0,0
325664348,1411037,1,3407898,6780433,3407898,396809,0.5049,0.50809264,0.50689644,nan,nan,nan,nan,nan,nan,0.0,1.0,1.0,nan,nan,nan,nan,nan,nan,0.0,0.0,0.0,nan,0.0,0.0,0.0,nan,0,3,1,1,1,0,0,0,0,0,0,0,0
326674229,1411037,1,3407898,6780433,3407898,396809,0.5037678,0.50704205,0.50700253,nan,nan,nan,nan,nan,nan,0.0,1.0,1.0,nan,nan,nan,nan,nan,nan,0.0,0.0,0.0,nan,0.0,0.0,0.0,nan,0,3,1,1,1,0,0,0,0,0,0,0,0
327684352,1411037,1,3407898,6780433,3407898,396809,0.5086868,0.50632435,0.5078992,nan,nan,nan,nan,nan,nan,0.0,1.0,1.0,nan,nan,nan,nan,nan,nan,0.0,0.0,0.0,nan,0.0,0.0,0.0,nan,0,3,1,1,1,0,0,0,0,0,0,0,0
328684365,1411037,1,3407898,6780433,3407898,396809,0.50562894,0.50531423,0.50515145,nan,nan,nan,nan,nan,nan,0.0,1.0,1.0,nan,nan,nan,nan,nan,nan,0.0,0.0,0.0,nan,0.0,0.0,0.0,nan,0,3,1,1,1,0,0,0,0,0,0,0,0
329694357,1411037,1,3407898,6780433,3407898,396809,0.50622255,0.50728697,0.50452554,nan,nan,nan,nan,nan,nan,0.0,1.0,1.0,nan,nan,nan,nan,nan,nan,0.0,0.0,0.0,nan,0.0,0.0,0.0,nan,0,3,1,1,1,0,0,0,0,0,0,0,0
330704205,1411037,1,3407898,6780433,3407898,396809,0.5088376,0.50722104,0.5089839,nan,nan,nan,nan,nan,nan,0.0,1.0,1.0,nan,nan,nan,nan,nan,nan,0.0,0.0,0.0,nan,0.0,0.0,0.0,nan,0,3,1,1,1,0,0,0,0,0,0,0,0
331714349,1411037,1,3407898,6780433,3407898,396809,0.50510734,0.50364393,0.5045116,nan,nan,nan,nan,nan,nan,0.0,1.0,1.0,nan,nan,nan,nan,nan,nan,0.0,0.0,0.0,nan,0.0,0.0,0.0,nan,0,3,1,1,1,0,0,0,0,0,0,0,0
332714358,1411037,1,3407898,6780433,3407898,396809,0.5068929,0.5075455,0.5079127,nan,nan,nan,nan,nan,nan,0.0,1.0,1.0,nan,nan,nan,nan,nan,nan,0.0,0.0,0.0,nan,0.0,0.0,0.0,nan,0,3,1,1,1,0,0,0,0,0,0,0,0
333724219,1411037,1,3407898,6780433,3407898,396809,0.5069167,0.50647336,0.50877553,nan,nan,nan,nan,nan,nan,0.0,1.0,1.0,nan,nan,nan,nan,nan,nan,0.0,0.0,0.0,nan,0.0,0.0,0.0,nan,0,3,1,1,1,0,0,0,0,0,0,0,0
334724389,1411037,1,3407898,6780433,3407898,396809,0.50254864,0.505556,0.5041353,nan,nan,nan,nan,nan,nan,0.0,1.0,1.0,nan,nan,nan,nan,nan,nan,0.0,0.0,0.0,nan,0.0,0.0,0.0,nan,0,3,1,1,1,0,0,0,0,0,0,0,0
335734206,1411037,1,3407898,6780433,3407898,396809,0.51244,0.51257086,0.5128248,nan,nan,nan,nan,nan,nan,0.0,1.0,1.0,nan,nan,nan,nan,nan,nan,0.0,0.0,0.0,nan,0.0,0.0,0.0,nan,0,3,1,1,1,0,0,0,0,0,0,0,0
336744377,1411037,1,3407898,6780433,3407898,396809,0.50599307,0.50816095,0.50751305,nan,nan,nan,nan,nan,nan,0.0,1.0,1.0,nan,nan,nan,nan,nan,nan,0.0,0.0,0.0,nan,0.0,0.0,0.0,nan,0,3,1,1,1,0,0,0,0,0,0,0,0
337754382,1411037,1,3407898,6780433,3407898,396809,0.50654614,0.5062909,0.50475395,nan,nan,nan,nan,nan,nan,0.0,1.0,1.0,nan,nan,nan,nan,nan,nan,0.0,0.0,0.0,nan,0.0,0.0,0.0,nan,0,3,1,1,1,0,0,0,0,0,0,0,0
338764368,1411037,1,3407898,6780433,3407898,396809,0.5071261,0.50728106,0.5068386,nan,nan,nan,nan,nan,nan,0.0,1.0,1.0,nan,nan,nan,nan,nan,nan,0.0,0.0,0.0,nan,0.0,0.0,0.0,nan,0,3,1,1,1,0,0,0,0,0,0,0,0
339774352,1411037,1,3407898,6780433,3407898,396809,0.5080395,0.5019603,0.50583845,nan,nan,nan,nan,nan,nan,0.0,1.0,1.0,nan,nan,nan,nan,nan,nan,0.0,0.0,0.0,nan,0.0,0.0,0.0,nan,0,3,1,1,1,0,0,0,0,0,0,0,0
340784371,1411037,1,3407898,6780433,3407898,396809,0.5099697,0.51140505,0.50866514,nan,nan,nan,nan,nan,nan,0.0,1.0,1.0,nan,nan,nan,nan,nan,nan,0.0,0.0,0.0,nan,0.0,0.0,0.0,nan,0,3,1,1,1,0,0,0,0,0,0,0,0
341794213,1411037,1,3407898,6780433,3407898,396809,0.50723344,0.5070872,0.5057946,nan,nan,nan,nan,nan,nan,0.0,1.0,1.0,nan,nan,nan,nan,nan,nan,0.0,0.0,0.0,nan,0.0,0.0,0.0,nan,0,3,1,1,1,0,0,0,0,0,0,0,0
342794362,1411037,1,3407898,6780433,3407898,396809,0.50627637,0.5092091,0.5041434,nan,nan,nan,nan,nan,nan,0.0,1.0,1.0,nan,nan,nan,nan,nan,nan,0.0,0.0,0.0,nan,0.0,0.0,0.0,nan,0,3,1,1,1,0,0,0,0,0,0,0,0
343804346,1411037,1,3407898,6780433,3407898,396809,0.5108345,0.5091174,0.50794184,nan,nan,nan,nan,nan,nan,0.0,1.0,1.0,nan,nan,nan,nan,nan,nan,0.0,0.0,0.0,nan,0.0,0.0,0.0,nan,0,3,1,1,1,0,0,0,0,0,0,0,0
344804355,1411037,1,3407898,6780433,3407898,396809,0.5055398,0.5055808,0.5033802,nan,nan,nan,nan,nan,nan,0.0,1.0,1.0,nan,nan,nan,nan,nan,nan,0.0,0.0,0.0,nan,0.0,0.0,0.0,nan,0,3,1,1,1,0,0,0,0,0,0,0,0
345814242,1411037,1,3407898,6780433,3407898,396809,0.50535285,0.50692594,0.5047701,nan,nan,nan,nan,nan,nan,0.0,1.0,1.0,nan,nan,nan,nan,nan,nan,0.0,0.0,0.0,nan,0.0,0.0,0.0,nan,0,3,1,1,1,0,0,0,0,0,0,0,0
346824347,1411037,1,3407898,6780433,3407898,396809,0.5152533,0.51547384,0.5145932,nan,nan,nan,nan,nan,nan,0.0,1.0,1.0,nan,nan,nan,nan,nan,nan,0.0,0.0,0.0,nan,0.0,0.0,0.0,nan,0,3,1,1,1,0,0,0,0,0,0,0,0
347824350,1411037,1,3407898,6780433,3407898,396809,0.508825,0.506407,0.50978816,nan,nan,nan,nan,nan,nan,0.0,1.0,1.0,nan,nan,nan,nan,nan,nan,0.0,0.0,0.0,nan,0.0,0.0,0.0,nan,0,3,1,1,1,0,0,0,0,0,0,0,0
348834197,1411037,1,3407898,6780433,3407898,396809,0.50992656,0.51010597,0.5101546,nan,nan,nan,nan,nan,nan,0.0,1.0,1.0,nan,nan,nan,nan,nan,nan,0.0,0.0,0.0,nan,0.0,0.0,0.0,nan,0,3,1,1,1,0,0,0,0,0,0,0,0
349834347,1411037,1,3407898,6780433,3407898,396809,0.51035583,0.51136553,0.50955695,nan,nan,nan,nan,nan,nan,0.0,1.0,1.0,nan,nan,nan,nan,nan,nan,0.0,0.0,0.0,nan,0.0,0.0,0.0,nan,0,3,1,1,1,0,0,0,0,0,0,0,0
350834381,1411037,1,3407898,6780433,3407898,396809,0.5088912,0.509819,0.50946873,nan,nan,nan,nan,nan,nan,0.0,1.0,1.0,nan,nan,nan,nan,nan,nan,0.0,0.0,0.0,nan,0.0,0.0,0.0,nan,0,3,1,1,1,0,0,0,0,0,0,0,0
351844198,1411037,1,3407898,6780433,3407898,396809,0.51143104,0.50940996,0.51094127,nan,nan,nan,nan,nan,nan,0.0,1.0,1.0,nan,nan,nan,nan,nan,nan,0.0,0.0,0.0,nan,0.0,0.0,0.0,nan,0,3,1,1,1,0,0,0,0,0,0,0,0
352844430,1411037,1,3407898,6780433,3407898,396809,0.51096857,0.51160866,0.5109845,nan,nan,nan,nan,nan,nan,0.0,1.0,1.0,nan,nan,nan,nan,nan,nan,0.0,0.0,0.0,nan,0.0,0.0,0.0,nan,0,3,1,1,1,0,0,0,0,0,0,0,0
353854208,1411037,1,3407898,6780433,3407898,396809,0.5028598,0.5069073,0.5035113,nan,nan,nan,nan,nan,nan,0.0,1.0,1.0,nan,nan,nan,nan,nan,nan,0.0,0.0,0.0,nan,0.0,0.0,0.0,nan,0,3,1,1,1,0,0,0,0,0,0,0,0
354854346,1411037,1,3407898,6780433,3407898,396809,0.5105292,0.5099647,0.50974876,nan,nan,nan,nan,nan,nan,0.0,1.0,1.0,nan,nan,nan,nan,nan,nan,0.0,0.0,0.0,nan,0.0,0.0,0.0,nan,0,3,1,1,1,0,0,0,0,0,0,0,0
355864360,1411037,1,3407898,6780433,3407898,396809,0.50602716,0.50620496,0.505156,nan,nan,nan,nan,nan,nan,0.0,1.0,1.0,nan,nan,nan,nan,nan,nan,0.0,0.0,0.0,nan,0.0,0.0,0.0,nan,0,3,1,1,1,0,0,0,0,0,0,0,0
356864385,1411037,1,3407898,6780433,3407898,396809,0.5057158,0.50884247,0.5068566,nan,nan,nan,nan,nan,nan,0.0,1.0,1.0,nan,nan,nan,nan,nan,nan,0.0,0.0,0.0,nan,0.0,0.0,0.0,nan,0,3,1,1,1,0,0,0,0,0,0,0,0
357874206,1411037,1,3407898,6780433,3407898,396809,0.5072206,0.50566185,0.5052549,nan,nan,nan,nan,nan,nan,0.0,1.0,1.0,nan,nan,nan,nan,nan,nan,0.0,0.0,0.0,nan,0.0,0.0,0.0,nan,0,3,1,1,1,0,0,0,0,0,0,0,0
358874209,1411037,1,3407898,6780433,3407898,396809,0.50892395,0.5071284,0.5074606,nan,nan,nan,nan,nan,nan,0.0,1.0,1.0,nan,nan,nan,nan,nan,nan,0.0,0.0,0.0,nan,0.0,0.0,0.0,nan,0,3,1,1,1,0,0,0,0,0,0,0,0
359884355,1411037,1,3407898,6780433,3407898,396809,0.5057218,0.5042043,0.5039783,nan,nan,nan,nan,nan,nan,0.0,1.0,1.0,nan,nan,nan,nan,nan,nan,0.0,0.0,0.0,nan,0.0,0.0,0.0,nan,0,3,1,1,1,0,0,0,0,0,0,0,0
360884475,1411037,1,3407898,6780433,3407898,396809,0.5106468,0.5058256,0.5090098,nan,nan,nan,nan,nan,nan,0.0,1.0,1.0,nan,nan,nan,nan,nan,nan,0.0,0.0,0.0,nan,0.0,0.0,0.0,nan,0,3,1,1,1,0,0,0,0,0,0,0,0
361894206,1411037,1,3407898,6780433,3407898,396809,0.50697064,0.50824195,0.50754493,nan,nan,nan,nan,nan,nan,0.0,1.0,1.0,nan,nan,nan,nan,nan,nan,0.0,0.0,0.0,nan,0.0,0.0,0.0,nan,0,3,1,1,1,0,0,0,0,0,0,0,0
362894357,1411037,1,3407898,6780433,3407898,396809,0.50944424,0.50810975,0.5078432,nan,nan,nan,nan,nan,nan,0.0,1.0,1.0,nan,nan,nan,nan,nan,nan,0.0,0.0,0.0,nan,0.0,0.0,0.0,nan,0,3,1,1,1,0,0,0,0,0,0,0,0
363904348,1411037,1,3407898,6780433,3407898,396809,0.50750023,0.5105094,0.5085244,nan,nan,nan,nan,nan,nan,0.0,1.0,1.0,nan,nan,nan,nan,nan,nan,0.0,0.0,0.0,nan,0.0,0.0,0.0,nan,0,3,1,1,1,0,0,0,0,0,0,0,0
364914349,1411037,1,3407898,6780433,3407898,396809,0.51041704,0.5078829,0.50991696,nan,nan,nan,nan,nan,nan,0.0,1.0,1.0,nan,nan,nan,nan,nan,nan,0.0,0.0,0.0,nan,0.0,0.0,0.0,nan,0,3,1,1,1,0,0,0,0,0,0,0,0
365914351,1411037,1,3407898,6780433,3407898,396809,0.5054038,0.51054585,0.5058279,nan,nan,nan,nan,nan,nan,0.0,1.0,1.0,nan,nan,nan,nan,nan,nan,0.0,0.0,0.0,nan,0.0,0.0,0.0,nan,0,3,1,1,1,0,0,0,0,0,0,0,0
366924197,1411037,1,3407898,6780433,3407898,396809,0.5065083,0.50685155,0.50512546,nan,nan,nan,nan,nan,nan,0.0,1.0,1.0,nan,nan,nan,nan,nan,nan,0.0,0.0,0.0,nan,0.0,0.0,0.0,nan,0,3,1,1,1,0,0,0,0,0,0,0,0
367924362,1411037,1,3407898,6780433,3407898,396809,0.50933945,0.5049162,0.50917655,nan,nan,nan,nan,nan,nan,0.0,1.0,1.0,nan,nan,nan,nan,nan,nan,0.0,0.0,0.0,nan,0.0,0.0,0.0,nan,0,3,1,1,1,0,0,0,0,0,0,0,0
368934228,1411037,1,3407898,6780433,3407898,396809,0.5050348,0.5062497,0.50526774,nan,nan,nan,nan,nan,nan,0.0,1.0,1.0,nan,nan,nan,nan,nan,nan,0.0,0.0,0.0,nan,0.0,0.0,0.0,nan,0,3,1,1,1,0,0,0,0,0,0,0,0
369934349,1411037,1,3407898,6780433,3407898,396809,0.50694984,0.50869226,0.50816613,nan,nan,nan,nan,nan,nan,0.0,1.0,1.0,nan,nan,nan,nan,nan,nan,0.0,0.0,0.0,nan,0.0,0.0,0.0,nan,0,3,1,1,1,0,0,0,0,0,0,0,0
370944359,1411037,1,3407898,6780433,3407898,396809,0.5074631,0.50745726,0.5060822,nan,nan,nan,nan,nan,nan,0.0,1.0,1.0,nan,nan,nan,nan,nan,nan,0.0,0.0,0.0,nan,0.0,0.0,0.0,nan,0,3,1,1,1,0,0,0,0,0,0,0,0
371954359,1411037,1,3407898,6780433,3407898,396809,0.508077,0.5086424,0.5073412,nan,nan,nan,nan,nan,nan,0.0,1.0,1.0,nan,nan,nan,nan,nan,nan,0.0,0.0,0.0,nan,0.0,0.0,0.0,nan,0,3,1,1,1,0,0,0,0,0,0,0,0
372964357,1411037,1,3407898,6780433,3407898,396809,0.51064545,0.51238376,0.5105068,nan,nan,nan,nan,nan,nan,0.0,1.0,1.0,nan,nan,nan,nan,nan,nan,0.0,0.0,0.0,nan,0.0,0.0,0.0,nan,0,3,1,1,1,0,0,0,0,0,0,0,0
373974357,1411037,1,3407898,6780433,3407898,396809,0.5096067,0.5098273,0.50840294,nan,nan,nan,nan,nan,nan,0.0,1.0,1.0,nan,nan,nan,nan,nan,nan,0.0,0.0,0.0,nan,0.0,0.0,0.0,nan,0,3,1,1,1,0,0,0,0,0,0,0,0
374984389,1411037,1,3407898,6780433,3407898,396809,0.510198,0.5111224,0.5100089,nan,nan,nan,nan,nan,nan,0.0,1.0,1.0,nan,nan,nan,nan,nan,nan,0.0,0.0,0.0,nan,0.0,0.0,0.0,nan,0,3,1,1,1,0,0,0,0,0,0,0,0
375994204,1411037,1,3407898,6780433,3407898,396809,0.50698125,0.5058794,0.50758773,nan,nan,nan,nan,nan,nan,0.0,1.0,1.0,nan,nan,nan,nan,nan,nan,0.0,0.0,0.0,nan,0.0,0.0,0.0,nan,0,3,1,1,1,0,0,0,0,0,0,0,0
376994400,1411037,1,3407898,6780433,3407898,396809,0.5089228,0.510879,0.5092695,nan,nan,nan,nan,nan,nan,0.0,1.0,1.0,nan,nan,nan,nan,nan,nan,0.0,0.0,0.0,nan,0.0,0.0,0.0,nan,0,3,1,1,1,0,0,0,0,0,0,0,0
378004204,1411037,1,3407898,6780433,3407898,396809,0.50853974,0.5083497,0.5090516,nan,nan,nan,nan,nan,nan,0.0,1.0,1.0,nan,nan,nan,nan,nan,nan,0.0,0.0,0.0,nan,0.0,0.0,0.0,nan,0,3,1,1,1,0,0,0,0,0,0,0,0
379014201,1411037,1,3407898,6780433,3407898,396809,0.5056618,0.5046915,0.50644666,nan,nan,nan,nan,nan,nan,0.0,1.0,1.0,nan,nan,nan,nan,nan,nan,0.0,0.0,0.0,nan,0.0,0.0,0.0,nan,0,3,1,1,1,0,0,0,0,0,0,0,0
380014344,1411037,1,3407898,6780433,3407898,396809,0.5079085,0.50909257,0.5096375,nan,nan,nan,nan,nan,nan,0.0,1.0,1.0,nan,nan,nan,nan,nan,nan,0.0,0.0,0.0,nan,0.0,0.0,0.0,nan,0,3,1,1,1,0,0,0,0,0,0,0,0
381024372,1411037,1,3407898,6780433,3407898,396809,0.50897706,0.50944835,0.5098898,nan,nan,nan,nan,nan,nan,0.0,1.0,1.0,nan,nan,nan,nan,nan,nan,0.0,0.0,0.0,nan,0.0,0.0,0.0,nan,0,3,1,1,1,0,0,0,0,0,0,0,0
382034350,1411037,1,3407898,6780433,3407898,396809,0.5095286,0.50876546,0.50963265,nan,nan,nan,nan,nan,nan,0.0,1.0,1.0,nan,nan,nan,nan,nan,nan,0.0,0.0,0.0,nan,0.0,0.0,0.0,nan,0,3,1,1,1,0,0,0,0,0,0,0,0
383034358,1411037,1,3407898,6780433,3407898,396809,0.51761985,0.5168434,0.51686203,nan,nan,nan,nan,nan,nan,0.0,1.0,1.0,nan,nan,nan,nan,nan,nan,0.0,0.0,0.0,nan,0.0,0.0,0.0,nan,0,3,1,1,1,0,0,0,0,0,0,0,0
384044203,1411037,1,3407898,6780433,3407898,396809,0.5068866,0.50592107,0.50739354,nan,nan,nan,nan,nan,nan,0.0,1.0,1.0,nan,nan,nan,nan,nan,nan,0.0,0.0,0.0,nan,0.0,0.0,0.0,nan,0,3,1,1,1,0,0,0,0,0,0,0,0
385044380,1411037,1,3407898,6780433,3407898,396809,0.512183,0.5091211,0.5110987,nan,nan,nan,nan,nan,nan,0.0,1.0,1.0,nan,nan,nan,nan,nan,nan,0.0,0.0,0.0,nan,0.0,0.0,0.0,nan,0,3,1,1,1,0,0,0,0,0,0,0,0
386054355,1411037,1,3407898,6780433,3407898,396809,0.50533444,0.5070499,0.5056084,nan,nan,nan,nan,nan,nan,0.0,1.0,1.0,nan,nan,nan,nan,nan,nan,0.0,0.0,0.0,nan,0.0,0.0,0.0,nan,0,3,1,1,1,0,0,0,0,0,0,0,0
387064346,1411037,1,3407898,6780433,3407898,396809,0.504023,0.50412565,0.50512147,nan,nan,nan,nan,nan,nan,0.0,1.0,1.0,nan,nan,nan,nan,nan,nan,0.0,0.0,0.0,nan,0.0,0.0,0.0,nan,0,3,1,1,1,0,0,0,0,0,0,0,0
388074379,1411037,1,3407898,6780433,3407898,396809,0.50965804,0.50663155,0.50891066,nan,nan,nan,nan,nan,nan,0.0,1.0,1.0,nan,nan,nan,nan,nan,nan,0.0,0.0,0.0,nan,0.0,0.0,0.0,nan,0,3,1,1,1,0,0,0,0,0,0,0,0
389084215,1411037,1,3407898,6780433,3407898,396809,0.51038224,0.5093996,0.50846344,nan,nan,nan,nan,nan,nan,0.0,1.0,1.0,nan,nan,nan,nan,nan,nan,0.0,0.0,0.0,nan,0.0,0.0,0.0,nan,0,3,1,1,1,0,0,0,0,0,0,0,0
390084220,1411037,1,3407898,6780433,3407898,396809,0.5088298,0.5045425,0.50735426,nan,nan,nan,nan,nan,nan,0.0,1.0,1.0,nan,nan,nan,nan,nan,nan,0.0,0.0,0.0,nan,0.0,0.0,0.0,nan,0,3,1,1,1,0,0,0,0,0,0,0,0
391084372,1411037,1,3407898,6780433,3407898,396809,0.5056743,0.5101869,0.50474745,nan,nan,nan,nan,nan,nan,0.0,1.0,1.0,nan,nan,nan,nan,nan,nan,0.0,0.0,0.0,nan,0.0,0.0,0.0,nan,0,3,1,1,1,0,0,0,0,0,0,0,0
392094353,1411037,1,3407898,6780433,3407898,396809,0.50781566,0.50834686,0.5052868,nan,nan,nan,nan,nan,nan,0.0,1.0,1.0,nan,nan,nan,nan,nan,nan,0.0,0.0,0.0,nan,0.0,0.0,0.0,nan,0,3,1,1,1,0,0,0,0,0,0,0,0
393094439,1411037,1,3407898,6780433,3407898,396809,0.5087099,0.51045585,0.50839895,nan,nan,nan,nan,nan,nan,0.0,1.0,1.0,nan,nan,nan,nan,nan,nan,0.0,0.0,0.0,nan,0.0,0.0,0.0,nan,0,3,1,1,1,0,0,0,0,0,0,0,0
394104350,1411037,1,3407898,6780433,3407898,396809,0.50688726,0.50793505,0.5087021,nan,nan,nan,nan,nan,nan,0.0,1.0,1.0,nan,nan,nan,nan,nan,nan,0.0,0.0,0.0,nan,0.0,0.0,0.0,nan,0,3,1,1,1,0,0,0,0,0,0,0,0
395114348,1411037,1,3407898,6780433,3407898,396809,0.5040953,0.5038313,0.50484294,nan,nan,nan,nan,nan,nan,0.0,1.0,1.0,nan,nan,nan,nan,nan,nan,0.0,0.0,0.0,nan,0.0,0.0,0.0,nan,0,3,1,1,1,0,0,0,0,0,0,0,0
396114350,1411037,1,3407898,6780433,3407898,396809,0.50349426,0.50350785,0.5046187,nan,nan,nan,nan,nan,nan,0.0,1.0,1.0,nan,nan,nan,nan,nan,nan,0.0,0.0,0.0,nan,0.0,0.0,0.0,nan,0,3,1,1,1,0,0,0,0,0,0,0,0
397124357,1411037,1,3407898,6780433,3407898,396809,0.5054059,0.5063576,0.50698227,nan,nan,nan,nan,nan,nan,0.0,1.0,1.0,nan,nan,nan,nan,nan,nan,0.0,0.0,0.0,nan,0.0,0.0,0.0,nan,0,3,1,1,1,0,0,0,0,0,0,0,0
398124402,1411037,1,3407898,6780433,3407898,396809,0.5053318,0.50728095,0.50564295,nan,nan,nan,nan,nan,nan,0.0,1.0,1.0,nan,nan,nan,nan,nan,nan,0.0,0.0,0.0,nan,0.0,0.0,0.0,nan,0,3,1,1,1,0,0,0,0,0,0,0,0
399134354,1411037,1,3407898,6780433,3407898,396809,0.5026514,0.5035534,0.5014994,nan,nan,nan,nan,nan,nan,0.0,1.0,1.0,nan,nan,nan,nan,nan,nan,0.0,0.0,0.0,nan,0.0,0.0,0.0,nan,0,3,1,1,1,0,0,0,0,0,0,0,0
400144347,1411037,1,3407898,6780433,3407898,396809,0.5036012,0.5043911,0.50363415,nan,nan,nan,nan,nan,nan,0.0,1.0,1.0,nan,nan,nan,nan,nan,nan,0.0,0.0,0.0,nan,0.0,0.0,0.0,nan,0,3,1,1,1,0,0,0,0,0,0,0,0
401144425,1411037,1,3407898,6780433,3407898,396809,0.5039996,0.50343513,0.5020084,nan,nan,nan,nan,nan,nan,0.0,1.0,1.0,nan,nan,nan,nan,nan,nan,0.0,0.0,0.0,nan,0.0,0.0,0.0,nan,0,3,1,1,1,0,0,0,0,0,0,0,0
402154368,1411037,1,3407898,6780433,3407898,396809,0.50184083,0.5057771,0.5043847,nan,nan,nan,nan,nan,nan,0.0,1.0,1.0,nan,nan,nan,nan,nan,nan,0.0,0.0,0.0,nan,0.0,0.0,0.0,nan,0,3,1,1,1,0,0,0,0,0,0,0,0
403164345,1411037,1,3407898,6780433,3407898,396809,0.5044123,0.5039771,0.50629056,nan,nan,nan,nan,nan,nan,0.0,1.0,1.0,nan,nan,nan,nan,nan,nan,0.0,0.0,0.0,nan,0.0,0.0,0.0,nan,0,3,1,1,1,0,0,0,0,0,0,0,0
404174350,1411037,1,3407898,6780433,3407898,396809,0.5089453,0.50496465,0.50701654,nan,nan,nan,nan,nan,nan,0.0,1.0,1.0,nan,nan,nan,nan,nan,nan,0.0,0.0,0.0,nan,0.0,0.0,0.0,nan,0,3,1,1,1,0,0,0,0,0,0,0,0
405184213,1411037,1,3407898,6780433,3407898,396809,0.50813293,0.51352143,0.50748277,nan,nan,nan,nan,nan,nan,0.0,1.0,1.0,nan,nan,nan,nan,nan,nan,0.0,0.0,0.0,nan,0.0,0.0,0.0,nan,0,3,1,1,1,0,0,0,0,0,0,0,0
406184367,1411037,1,3407898,6780433,3407898,396809,0.5029058,0.5090895,0.50278205,nan,nan,nan,nan,nan,nan,0.0,1.0,1.0,nan,nan,nan,nan,nan,nan,0.0,0.0,0.0,nan,0.0,0.0,0.0,nan,0,3,1,1,1,0,0,0,0,0,0,0,0
407194350,1411037,1,3407898,6780433,3407898,396809,0.50468224,0.5067632,0.5054879,nan,nan,nan,nan,nan,nan,0.0,1.0,1.0,nan,nan,nan,nan,nan,nan,0.0,0.0,0.0,nan,0.0,0.0,0.0,nan,0,3,1,1,1,0,0,0,0,0,0,0,0
408204347,1411037,1,3407898,6780433,3407898,396809,0.50802726,0.50668555,0.50779337,nan,nan,nan,nan,nan,nan,0.0,1.0,1.0,nan,nan,nan,nan,nan,nan,0.0,0.0,0.0,nan,0.0,0.0,0.0,nan,0,3,1,1,1,0,0,0,0,0,0,0,0
409214359,1411037,1,3407898,6780433,3407898,396809,0.5056321,0.5062903,0.50732404,nan,nan,nan,nan,nan,nan,0.0,1.0,1.0,nan,nan,nan,nan,nan,nan,0.0,0.0,0.0,nan,0.0,0.0,0.0,nan,0,3,1,1,1,0,0,0,0,0,0,0,0
410214362,1411037,1,3407898,6780433,3407898,396809,0.5105099,0.5097212,0.51071715,nan,nan,nan,nan,nan,nan,0.0,1.0,1.0,nan,nan,nan,nan,nan,nan,0.0,0.0,0.0,nan,0.0,0.0,0.0,nan,0,3,1,1,1,0,0,0,0,0,0,0,0
411224199,1411037,1,3407898,6780433,3407898,396809,0.508406,0.5082337,0.5092429,nan,nan,nan,nan,nan,nan,0.0,1.0,1.0,nan,nan,nan,nan,nan,nan,0.0,0.0,0.0,nan,0.0,0.0,0.0,nan,0,3,1,1,1,0,0,0,0,0,0,0,0
412224354,1411037,1,3407898,6780433,3407898,396809,0.5013731,0.50505686,0.5027005,nan,nan,nan,nan,nan,nan,0.0,1.0,1.0,nan,nan,nan,nan,nan,nan,0.0,0.0,0.0,nan,0.0,0.0,0.0,nan,0,3,1,1,1,0,0,0,0,0,0,0,0
413234198,1411037,1,3407898,6780433,3407898,396809,0.5100145,0.5096211,0.51101243,nan,nan,nan,nan,nan,nan,0.0,1.0,1.0,nan,nan,nan,nan,nan,nan,0.0,0.0,0.0,nan,0.0,0.0,0.0,nan,0,3,1,1,1,0,0,0,0,0,0,0,0
414234345,1411037,1,3407898,6780433,3407898,396809,0.5110066,0.5102248,0.51081145,nan,nan,nan,nan,nan,nan,0.0,1.0,1.0,nan,nan,nan,nan,nan,nan,0.0,0.0,0.0,nan,0.0,0.0,0.0,nan,0,3,1,1,1,0,0,0,0,0,0,0,0
415244352,1411037,1,3407898,6780433,3407898,396809,0.50836796,0.50830686,0.5064106,nan,nan,nan,nan,nan,nan,0.0,1.0,1.0,nan,nan,nan,nan,nan,nan,0.0,0.0,0.0,nan,0.0,0.0,0.0,nan,0,3,1,1,1,0,0,0,0,0,0,0,0
416254348,1411037,1,3407898,6780433,3407898,396809,0.51094776,0.5123435,0.51046443,nan,nan,nan,nan,nan,nan,0.0,1.0,1.0,nan,nan,nan,nan,nan,nan,0.0,0.0,0.0,nan,0.0,0.0,0.0,nan,0,3,1,1,1,0,0,0,0,0,0,0,0
417254378,1411037,1,3407898,6780433,3407898,396809,0.50528604,0.50595003,0.50512266,nan,nan,nan,nan,nan,nan,0.0,1.0,1.0,nan,nan,nan,nan,nan,nan,0.0,0.0,0.0,nan,0.0,0.0,0.0,nan,0,3,1,1,1,0,0,0,0,0,0,0,0
418254394,1411037,1,3407898,6780433,3407898,396809,0.50793535,0.50387454,0.5031732,nan,nan,nan,nan,nan,nan,0.0,1.0,1.0,nan,nan,nan,nan,nan,nan,0.0,0.0,0.0,nan,0.0,0.0,0.0,nan,0,3,1,1,1,0,0,0,0,0,0,0,0
419264348,1411037,1,3407898,6780433,3407898,396809,0.50836873,0.50894386,0.510068,nan,nan,nan,nan,nan,nan,0.0,1.0,1.0,nan,nan,nan,nan,nan,nan,0.0,0.0,0.0,nan,0.0,0.0,0.0,nan,0,3,1,1,1,0,0,0,0,0,0,0,0
420264366,1411037,1,3407898,6780433,3407898,396809,0.5072142,0.5056152,0.50663644,nan,nan,nan,nan,nan,nan,0.0,1.0,1.0,nan,nan,nan,nan,nan,nan,0.0,0.0,0.0,nan,0.0,0.0,0.0,nan,0,3,1,1,1,0,0,0,0,0,0,0,0
421274359,1411037,1,3407898,6780433,3407898,396809,0.506176,0.5057978,0.5049443,nan,nan,nan,nan,nan,nan,0.0,1.0,1.0,nan,nan,nan,nan,nan,nan,0.0,0.0,0.0,nan,0.0,0.0,0.0,nan,0,3,1,1,1,0,0,0,0,0,0,0,0
422284228,1411037,1,3407898,6780433,3407898,396809,0.5074255,0.5045632,0.5064344,nan,nan,nan,nan,nan,nan,0.0,1.0,1.0,nan,nan,nan,nan,nan,nan,0.0,0.0,0.0,nan,0.0,0.0,0.0,nan,0,3,1,1,1,0,0,0,0,0,0,0,0
423294212,1411037,1,3407898,6780433,3407898,396809,0.506393,0.50472194,0.5045001,nan,nan,nan,nan,nan,nan,0.0,1.0,1.0,nan,nan,nan,nan,nan,nan,0.0,0.0,0.0,nan,0.0,0.0,0.0,nan,0,3,1,1,1,0,0,0,0,0,0,0,0
424304348,1411037,1,3407898,6780433,3407898,396809,0.50615937,0.5074916,0.5045981,nan,nan,nan,nan,nan,nan,0.0,1.0,1.0,nan,nan,nan,nan,nan,nan,0.0,0.0,0.0,nan,0.0,0.0,0.0,nan,0,3,1,1,1,0,0,0,0,0,0,0,0
425314385,1411037,1,3407898,6780433,3407898,396809,0.50886923,0.5080379,0.50960773,nan,nan,nan,nan,nan,nan,0.0,1.0,1.0,nan,nan,nan,nan,nan,nan,0.0,0.0,0.0,nan,0.0,0.0,0.0,nan,0,3,1,1,1,0,0,0,0,0,0,0,0
426324235,1411037,1,3407898,6780433,3407898,396809,0.50767255,0.5087502,0.5091451,nan,nan,nan,nan,nan,nan,0.0,1.0,1.0,nan,nan,nan,nan,nan,nan,0.0,0.0,0.0,nan,0.0,0.0,0.0,nan,0,3,1,1,1,0,0,0,0,0,0,0,0
427334216,1411037,1,3407898,6780433,3407898,396809,0.50756574,0.50660616,0.50779593,nan,nan,nan,nan,nan,nan,0.0,1.0,1.0,nan,nan,nan,nan,nan,nan,0.0,0.0,0.0,nan,0.0,0.0,0.0,nan,0,3,1,1,1,0,0,0,0,0,0,0,0
428344384,1411037,1,3407898,6780433,3407898,396809,0.5077368,0.5112559,0.50769794,nan,nan,nan,nan,nan,nan,0.0,1.0,1.0,nan,nan,nan,nan,nan,nan,0.0,0.0,0.0,nan,0.0,0.0,0.0,nan,0,3,1,1,1,0,0,0,0,0,0,0,0
429354350,1411037,1,3407898,6780433,3407898,396809,0.5038156,0.5039985,0.5039065,nan,nan,nan,nan,nan,nan,0.0,1.0,1.0,nan,nan,nan,nan,nan,nan,0.0,0.0,0.0,nan,0.0,0.0,0.0,nan,0,3,1,1,1,0,0,0,0,0,0,0,0
430364362,1411037,1,3407898,6780433,3407898,396809,0.51006746,0.51004606,0.5098585,nan,nan,nan,nan,nan,nan,0.0,1.0,1.0,nan,nan,nan,nan,nan,nan,0.0,0.0,0.0,nan,0.0,0.0,0.0,nan,0,3,1,1,1,0,0,0,0,0,0,0,0
431374384,1411037,1,3407898,6780433,3407898,396809,0.50203055,0.5047779,0.50473183,nan,nan,nan,nan,nan,nan,0.0,1.0,1.0,nan,nan,nan,nan,nan,nan,0.0,0.0,0.0,nan,0.0,0.0,0.0,nan,0,3,1,1,1,0,0,0,0,0,0,0,0
432384429,1411037,1,3407898,6780433,3407898,396809,0.5101429,0.508197,0.5099071,nan,nan,nan,nan,nan,nan,0.0,1.0,1.0,nan,nan,nan,nan,nan,nan,0.0,0.0,0.0,nan,0.0,0.0,0.0,nan,0,3,1,1,1,0,0,0,0,0,0,0,0
433394206,1411037,1,3407898,6780433,3407898,396809,0.5101226,0.5102055,0.5107012,nan,nan,nan,nan,nan,nan,0.0,1.0,1.0,nan,nan,nan,nan,nan,nan,0.0,0.0,0.0,nan,0.0,0.0,0.0,nan,0,3,1,1,1,0,0,0,0,0,0,0,0
434394349,1411037,1,3407898,6780433,3407898,396809,0.50911963,0.5060919,0.5084496,nan,nan,nan,nan,nan,nan,0.0,1.0,1.0,nan,nan,nan,nan,nan,nan,0.0,0.0,0.0,nan,0.0,0.0,0.0,nan,0,3,1,1,1,0,0,0,0,0,0,0,0
435404370,1411037,1,3407898,6780433,3407898,396809,0.5064181,0.50667524,0.5063171,nan,nan,nan,nan,nan,nan,0.0,1.0,1.0,nan,nan,nan,nan,nan,nan,0.0,0.0,0.0,nan,0.0,0.0,0.0,nan,0,3,1,1,1,0,0,0,0,0,0,0,0
436414201,1411037,1,3407898,6780433,3407898,396809,0.51198417,0.51281583,0.5138112,nan,nan,nan,nan,nan,nan,0.0,1.0,1.0,nan,nan,nan,nan,nan,nan,0.0,0.0,0.0,nan,0.0,0.0,0.0,nan,0,3,1,1,1,0,0,0,0,0,0,0,0
437414355,1411037,1,3407898,6780433,3407898,396809,0.5089283,0.5083186,0.5105938,nan,nan,nan,nan,nan,nan,0.0,1.0,1.0,nan,nan,nan,nan,nan,nan,0.0,0.0,0.0,nan,0.0,0.0,0.0,nan,0,3,1,1,1,0,0,0,0,0,0,0,0
438424349,1411037,1,3407898,6780433,3407898,396809,0.5050168,0.50530565,0.50450224,nan,nan,nan,nan,nan,nan,0.0,1.0,1.0,nan,nan,nan,nan,nan,nan,0.0,0.0,0.0,nan,0.0,0.0,0.0,nan,0,3,1,1,1,0,0,0,0,0,0,0,0
439424396,1411037,1,3407898,6780433,3407898,396809,0.50895,0.5104734,0.5101512,nan,nan,nan,nan,nan,nan,0.0,1.0,1.0,nan,nan,nan,nan,nan,nan,0.0,0.0,0.0,nan,0.0,0.0,0.0,nan,0,3,1,1,1,0,0,0,0,0,0,0,0
440434346,1411037,1,3407898,6780433,3407898,396809,0.5079606,0.5082579,0.50762546,nan,nan,nan,nan,nan,nan,0.0,1.0,1.0,nan,nan,nan,nan,nan,nan,0.0,0.0,0.0,nan,0.0,0.0,0.0,nan,0,3,1,1,1,0,0,0,0,0,0,0,0
441444351,1411037,1,3407898,6780433,3407898,396809,0.50678396,0.5080188,0.5077173,nan,nan,nan,nan,nan,nan,0.0,1.0,1.0,nan,nan,nan,nan,nan,nan,0.0,0.0,0.0,nan,0.0,0.0,0.0,nan,0,3,1,1,1,0,0,0,0,0,0,0,0
442454376,1411037,1,3407898,6780433,3407898,396809,0.50479746,0.5079747,0.5058484,nan,nan,nan,nan,nan,nan,0.0,1.0,1.0,nan,nan,nan,nan,nan,nan,0.0,0.0,0.0,nan,0.0,0.0,0.0,nan,0,3,1,1,1,0,0,0,0,0,0,0,0
443464371,1411037,1,3407898,6780433,3407898,396809,0.508068,0.5108119,0.50702965,nan,nan,nan,nan,nan,nan,0.0,1.0,1.0,nan,nan,nan,nan,nan,nan,0.0,0.0,0.0,nan,0.0,0.0,0.0,nan,0,3,1,1,1,0,0,0,0,0,0,0,0
444474358,1411037,1,3407898,6780433,3407898,396809,0.5085653,0.5078253,0.5063126,nan,nan,nan,nan,nan,nan,0.0,1.0,1.0,nan,nan,nan,nan,nan,nan,0.0,0.0,0.0,nan,0.0,0.0,0.0,nan,0,3,1,1,1,0,0,0,0,0,0,0,0
445484213,1411037,1,3407898,6780433,3407898,396809,0.5084309,0.5089622,0.5099312,nan,nan,nan,nan,nan,nan,0.0,1.0,1.0,nan,nan,nan,nan,nan,nan,0.0,0.0,0.0,nan,0.0,0.0,0.0,nan,0,3,1,1,1,0,0,0,0,0,0,0,0
446484351,1411037,1,3407898,6780433,3407898,396809,0.5087909,0.50813335,0.50733197,nan,nan,nan,nan,nan,nan,0.0,1.0,1.0,nan,nan,nan,nan,nan,nan,0.0,0.0,0.0,nan,0.0,0.0,0.0,nan,0,3,1,1,1,0,0,0,0,0,0,0,0
447484377,1411037,1,3407898,6780433,3407898,396809,0.50407124,0.50431806,0.5072117,nan,nan,nan,nan,nan,nan,0.0,1.0,1.0,nan,nan,nan,nan,nan,nan,0.0,0.0,0.0,nan,0.0,0.0,0.0,nan,0,3,1,1,1,0,0,0,0,0,0,0,0
448494358,1411037,1,3407898,6780433,3407898,396809,0.5058827,0.50566936,0.5037889,nan,nan,nan,nan,nan,nan,0.0,1.0,1.0,nan,nan,nan,nan,nan,nan,0.0,0.0,0.0,nan,0.0,0.0,0.0,nan,0,3,1,1,1,0,0,0,0,0,0,0,0
449504205,1411037,1,3407898,6780433,3407898,396809,0.5116937,0.5111487,0.51034963,nan,nan,nan,nan,nan,nan,0.0,1.0,1.0,nan,nan,nan,nan,nan,nan,0.0,0.0,0.0,nan,0.0,0.0,0.0,nan,0,3,1,1,1,0,0,0,0,0,0,0,0
450504356,1411037,1,3407898,6780433,3407898,396809,0.50752044,0.50871646,0.50881255,nan,nan,nan,nan,nan,nan,0.0,1.0,1.0,nan,nan,nan,nan,nan,nan,0.0,0.0,0.0,nan,0.0,0.0,0.0,nan,0,3,1,1,1,0,0,0,0,0,0,0,0
451514348,1411037,1,3407898,6780433,3407898,396809,0.5077529,0.507401,0.5073761,nan,nan,nan,nan,nan,nan,0.0,1.0,1.0,nan,nan,nan,nan,nan,nan,0.0,0.0,0.0,nan,0.0,0.0,0.0,nan,0,3,1,1,1,0,0,0,0,0,0,0,0
452514356,1411037,1,3407898,6780433,3407898,396809,0.50391746,0.50508124,0.50429606,nan,nan,nan,nan,nan,nan,0.0,1.0,1.0,nan,nan,nan,nan,nan,nan,0.0,0.0,0.0,nan,0.0,0.0,0.0,nan,0,3,1,1,1,0,0,0,0,0,0,0,0
453514359,1411037,1,3407898,6780433,3407898,396809,0.50806284,0.50783104,0.5075188,nan,nan,nan,nan,nan,nan,0.0,1.0,1.0,nan,nan,nan,nan,nan,nan,0.0,0.0,0.0,nan,0.0,0.0,0.0,nan,0,3,1,1,1,0,0,0,0,0,0,0,0
454524209,1411037,1,3407898,6780433,3407898,396809,0.50767064,0.50927794,0.50684565,nan,nan,nan,nan,nan,nan,0.0,1.0,1.0,nan,nan,nan,nan,nan,nan,0.0,0.0,0.0,nan,0.0,0.0,0.0,nan,0,3,1,1,1,0,0,0,0,0,0,0,0
455524350,1411037,1,3407898,6780433,3407898,396809,0.50588584,0.50660247,0.50565726,nan,nan,nan,nan,nan,nan,0.0,1.0,1.0,nan,nan,nan,nan,nan,nan,0.0,0.0,0.0,nan,0.0,0.0,0.0,nan,0,3,1,1,1,0,0,0,0,0,0,0,0
456534198,1411037,1,3407898,6780433,3407898,396809,0.5095441,0.50684327,0.5090056,nan,nan,nan,nan,nan,nan,0.0,1.0,1.0,nan,nan,nan,nan,nan,nan,0.0,0.0,0.0,nan,0.0,0.0,0.0,nan,0,3,1,1,1,0,0,0,0,0,0,0,0
457534352,1411037,1,3407898,6780433,3407898,396809,0.5092763,0.5112769,0.5084129,nan,nan,nan,nan,nan,nan,0.0,1.0,1.0,nan,nan,nan,nan,nan,nan,0.0,0.0,0.0,nan,0.0,0.0,0.0,nan,0,3,1,1,1,0,0,0,0,0,0,0,0
458544206,1411037,1,3407898,6780433,3407898,396809,0.50717884,0.5066913,0.5061642,nan,nan,nan,nan,nan,nan,0.0,1.0,1.0,nan,nan,nan,nan,nan,nan,0.0,0.0,0.0,nan,0.0,0.0,0.0,nan,0,3,1,1,1,0,0,0,0,0,0,0,0
459544375,1411037,1,3407898,6780433,3407898,396809,0.51048255,0.51150566,0.5110266,nan,nan,nan,nan,nan,nan,0.0,1.0,1.0,nan,nan,nan,nan,nan,nan,0.0,0.0,0.0,nan,0.0,0.0,0.0,nan,0,3,1,1,1,0,0,0,0,0,0,0,0
460554391,1411037,1,3407898,6780433,3407898,396809,0.50571746,0.5063309,0.50576335,nan,nan,nan,nan,nan,nan,0.0,1.0,1.0,nan,nan,nan,nan,nan,nan,0.0,0.0,0.0,nan,0.0,0.0,0.0,nan,0,3,1,1,1,0,0,0,0,0,0,0,0
461564353,1411037,1,3407898,6780433,3407898,396809,0.50932974,0.5085091,0.5078891,nan,nan,nan,nan,nan,nan,0.0,1.0,1.0,nan,nan,nan,nan,nan,nan,0.0,0.0,0.0,nan,0.0,0.0,0.0,nan,0,3,1,1,1,0,0,0,0,0,0,0,0
462574208,1411037,1,3407898,6780433,3407898,396809,0.5096142,0.5075237,0.5096303,nan,nan,nan,nan,nan,nan,0.0,1.0,1.0,nan,nan,nan,nan,nan,nan,0.0,0.0,0.0,nan,0.0,0.0,0.0,nan,0,3,1,1,1,0,0,0,0,0,0,0,0
463574355,1411037,1,3407898,6780433,3407898,396809,0.50507617,0.50563246,0.5054174,nan,nan,nan,nan,nan,nan,0.0,1.0,1.0,nan,nan,nan,nan,nan,nan,0.0,0.0,0.0,nan,0.0,0.0,0.0,nan,0,3,1,1,1,0,0,0,0,0,0,0,0
464584356,1411037,1,3407898,6780433,3407898,396809,0.5093999,0.5074055,0.50824916,nan,nan,nan,nan,nan,nan,0.0,1.0,1.0,nan,nan,nan,nan,nan,nan,0.0,0.0,0.0,nan,0.0,0.0,0.0,nan,0,3,1,1,1,0,0,0,0,0,0,0,0
465584393,1411037,1,3407898,6780433,3407898,396809,0.5057183,0.5060587,0.5070188,nan,nan,nan,nan,nan,nan,0.0,1.0,1.0,nan,nan,nan,nan,nan,nan,0.0,0.0,0.0,nan,0.0,0.0,0.0,nan,0,3,1,1,1,0,0,0,0,0,0,0,0
466594344,1411037,1,3407898,6780433,3407898,396809,0.5044953,0.5045786,0.50529534,nan,nan,nan,nan,nan,nan,0.0,1.0,1.0,nan,nan,nan,nan,nan,nan,0.0,0.0,0.0,nan,0.0,0.0,0.0,nan,0,3,1,1,1,0,0,0,0,0,0,0,0
467594362,1411037,1,3407898,6780433,3407898,396809,0.50625986,0.5064841,0.5071793,nan,nan,nan,nan,nan,nan,0.0,1.0,1.0,nan,nan,nan,nan,nan,nan,0.0,0.0,0.0,nan,0.0,0.0,0.0,nan,0,3,1,1,1,0,0,0,0,0,0,0,0
468594383,1411037,1,3407898,6780433,3407898,396809,0.50402087,0.5042818,0.5040491,nan,nan,nan,nan,nan,nan,0.0,1.0,1.0,nan,nan,nan,nan,nan,nan,0.0,0.0,0.0,nan,0.0,0.0,0.0,nan,0,3,1,1,1,0,0,0,0,0,0,0,0
469604348,1411037,1,3407898,6780433,3407898,396809,0.5096314,0.5111301,0.5091508,nan,nan,nan,nan,nan,nan,0.0,1.0,1.0,nan,nan,nan,nan,nan,nan,0.0,0.0,0.0,nan,0.0,0.0,0.0,nan,0,3,1,1,1,0,0,0,0,0,0,0,0
470614358,1411037,1,3407898,6780433,3407898,396809,0.5074738,0.50913465,0.50796807,nan,nan,nan,nan,nan,nan,0.0,1.0,1.0,nan,nan,nan,nan,nan,nan,0.0,0.0,0.0,nan,0.0,0.0,0.0,nan,0,3,1,1,1,0,0,0,0,0,0,0,0
471624345,1411037,1,3407898,6780433,3407898,396809,0.505016,0.5036597,0.5022039,nan,nan,nan,nan,nan,nan,0.0,1.0,1.0,nan,nan,nan,nan,nan,nan,0.0,0.0,0.0,nan,0.0,0.0,0.0,nan,0,3,1,1,1,0,0,0,0,0,0,0,0
472634198,1411037,1,3407898,6780433,3407898,396809,0.5118058,0.514461,0.5113619,nan,nan,nan,nan,nan,nan,0.0,1.0,1.0,nan,nan,nan,nan,nan,nan,0.0,0.0,0.0,nan,0.0,0.0,0.0,nan,0,3,1,1,1,0,0,0,0,0,0,0,0
473634384,1411037,1,3407898,6780433,3407898,396809,0.5067673,0.5090374,0.5065995,nan,nan,nan,nan,nan,nan,0.0,1.0,1.0,nan,nan,nan,nan,nan,nan,0.0,0.0,0.0,nan,0.0,0.0,0.0,nan,0,3,1,1,1,0,0,0,0,0,0,0,0
474644362,1411037,1,3407898,6780433,3407898,396809,0.50587696,0.50502795,0.5052373,nan,nan,nan,nan,nan,nan,0.0,1.0,1.0,nan,nan,nan,nan,nan,nan,0.0,0.0,0.0,nan,0.0,0.0,0.0,nan,0,3,1,1,1,0,0,0,0,0,0,0,0
475654209,1411037,1,3407898,6780433,3407898,396809,0.5103798,0.511091,0.5087088,nan,nan,nan,nan,nan,nan,0.0,1.0,1.0,nan,nan,nan,nan,nan,nan,0.0,0.0,0.0,nan,0.0,0.0,0.0,nan,0,3,1,1,1,0,0,0,0,0,0,0,0
476654345,1411037,1,3407898,6780433,3407898,396809,0.5067246,0.5081867,0.5049161,nan,nan,nan,nan,nan,nan,0.0,1.0,1.0,nan,nan,nan,nan,nan,nan,0.0,0.0,0.0,nan,0.0,0.0,0.0,nan,0,3,1,1,1,0,0,0,0,0,0,0,0
477664346,1411037,1,3407898,6780433,3407898,396809,0.5051105,0.50544333,0.5063176,nan,nan,nan,nan,nan,nan,0.0,1.0,1.0,nan,nan,nan,nan,nan,nan,0.0,0.0,0.0,nan,0.0,0.0,0.0,nan,0,3,1,1,1,0,0,0,0,0,0,0,0
478674362,1411037,1,3407898,6780433,3407898,396809,0.5056114,0.50623614,0.50655806,nan,nan,nan,nan,nan,nan,0.0,1.0,1.0,nan,nan,nan,nan,nan,nan,0.0,0.0,0.0,nan,0.0,0.0,0.0,nan,0,3,1,1,1,0,0,0,0,0,0,0,0
479684203,1411037,1,3407898,6780433,3407898,396809,0.50512326,0.5054131,0.50626844,nan,nan,nan,nan,nan,nan,0.0,1.0,1.0,nan,nan,nan,nan,nan,nan,0.0,0.0,0.0,nan,0.0,0.0,0.0,nan,0,3,1,1,1,0,0,0,0,0,0,0,0
480684360,1411037,1,3407898,6780433,3407898,396809,0.51572037,0.5144637,0.5153595,nan,nan,nan,nan,nan,nan,0.0,1.0,1.0,nan,nan,nan,nan,nan,nan,0.0,0.0,0.0,nan,0.0,0.0,0.0,nan,0,3,1,1,1,0,0,0,0,0,0,0,0
481694355,1411037,1,3407898,6780433,3407898,396809,0.5047394,0.50607175,0.50611514,nan,nan,nan,nan,nan,nan,0.0,1.0,1.0,nan,nan,nan,nan,nan,nan,0.0,0.0,0.0,nan,0.0,0.0,0.0,nan,0,3,1,1,1,0,0,0,0,0,0,0,0
482704343,1411037,1,3407898,6780433,3407898,396809,0.50871766,0.50952154,0.50932735,nan,nan,nan,nan,nan,nan,0.0,1.0,1.0,nan,nan,nan,nan,nan,nan,0.0,0.0,0.0,nan,0.0,0.0,0.0,nan,0,3,1,1,1,0,0,0,0,0,0,0,0
483704361,1411037,1,3407898,6780433,3407898,396809,0.5118743,0.5109504,0.5108099,nan,nan,nan,nan,nan,nan,0.0,1.0,1.0,nan,nan,nan,nan,nan,nan,0.0,0.0,0.0,nan,0.0,0.0,0.0,nan,0,3,1,1,1,0,0,0,0,0,0,0,0
484714348,1411037,1,3407898,6780433,3407898,396809,0.50681984,0.50344336,0.50397545,nan,nan,nan,nan,nan,nan,0.0,1.0,1.0,nan,nan,nan,nan,nan,nan,0.0,0.0,0.0,nan,0.0,0.0,0.0,nan,0,3,1,1,1,0,0,0,0,0,0,0,0
485724438,1411037,1,3407898,6780433,3407898,396809,0.5105977,0.51375407,0.5130649,nan,nan,nan,nan,nan,nan,0.0,1.0,1.0,nan,nan,nan,nan,nan,nan,0.0,0.0,0.0,nan,0.0,0.0,0.0,nan,0,3,1,1,1,0,0,0,0,0,0,0,0
486734203,1411037,1,3407898,6780433,3407898,396809,0.50503916,0.50662214,0.50640905,nan,nan,nan,nan,nan,nan,0.0,1.0,1.0,nan,nan,nan,nan,nan,nan,0.0,0.0,0.0,nan,0.0,0.0,0.0,nan,0,3,1,1,1,0,0,0,0,0,0,0,0
487734347,1411037,1,3407898,6780433,3407898,396809,0.5081145,0.50786096,0.5060533,nan,nan,nan,nan,nan,nan,0.0,1.0,1.0,nan,nan,nan,nan,nan,nan,0.0,0.0,0.0,nan,0.0,0.0,0.0,nan,0,3,1,1,1,0,0,0,0,0,0,0,0
488734360,1411037,1,3407898,6780433,3407898,396809,0.5088548,0.5102701,0.50812775,nan,nan,nan,nan,nan,nan,0.0,1.0,1.0,nan,nan,nan,nan,nan,nan,0.0,0.0,0.0,nan,0.0,0.0,0.0,nan,0,3,1,1,1,0,0,0,0,0,0,0,0
489744389,1411037,1,3407898,6780433,3407898,396809,0.50500125,0.5060251,0.5052575,nan,nan,nan,nan,nan,nan,0.0,1.0,1.0,nan,nan,nan,nan,nan,nan,0.0,0.0,0.0,nan,0.0,0.0,0.0,nan,0,3,1,1,1,0,0,0,0,0,0,0,0
490754207,1411037,1,3407898,6780433,3407898,396809,0.5013672,0.50285,0.5043755,nan,nan,nan,nan,nan,nan,0.0,1.0,1.0,nan,nan,nan,nan,nan,nan,0.0,0.0,0.0,nan,0.0,0.0,0.0,nan,0,3,1,1,1,0,0,0,0,0,0,0,0
491764348,1411037,1,3407898,6780433,3407898,396809,0.507893,0.5072923,0.505839,nan,nan,nan,nan,nan,nan,0.0,1.0,1.0,nan,nan,nan,nan,nan,nan,0.0,0.0,0.0,nan,0.0,0.0,0.0,nan,0,3,1,1,1,0,0,0,0,0,0,0,0
492774382,1411037,1,3407898,6780433,3407898,396809,0.50451493,0.5063892,0.5057879,nan,nan,nan,nan,nan,nan,0.0,1.0,1.0,nan,nan,nan,nan,nan,nan,0.0,0.0,0.0,nan,0.0,0.0,0.0,nan,0,3,1,1,1,0,0,0,0,0,0,0,0
493784212,1411037,1,3407898,6780433,3407898,396809,0.5044151,0.50658983,0.5045038,nan,nan,nan,nan,nan,nan,0.0,1.0,1.0,nan,nan,nan,nan,nan,nan,0.0,0.0,0.0,nan,0.0,0.0,0.0,nan,0,3,1,1,1,0,0,0,0,0,0,0,0
494794348,1411037,1,3407898,6780433,3407898,396809,0.5086999,0.5094537,0.5071316,nan,nan,nan,nan,nan,nan,0.0,1.0,1.0,nan,nan,nan,nan,nan,nan,0.0,0.0,0.0,nan,0.0,0.0,0.0,nan,0,3,1,1,1,0,0,0,0,0,0,0,0
495794358,1411037,1,3407898,6780433,3407898,396809,0.5069648,0.5055371,0.50757784,nan,nan,nan,nan,nan,nan,0.0,1.0,1.0,nan,nan,nan,nan,nan,nan,0.0,0.0,0.0,nan,0.0,0.0,0.0,nan,0,3,1,1,1,0,0,0,0,0,0,0,0
496804347,1411037,1,3407898,6780433,3407898,396809,0.5051907,0.50667316,0.50676596,nan,nan,nan,nan,nan,nan,0.0,1.0,1.0,nan,nan,nan,nan,nan,nan,0.0,0.0,0.0,nan,0.0,0.0,0.0,nan,0,3,1,1,1,0,0,0,0,0,0,0,0
497804349,1411037,1,3407898,6780433,3407898,396809,0.5040813,0.50723785,0.5042715,nan,nan,nan,nan,nan,nan,0.0,1.0,1.0,nan,nan,nan,nan,nan,nan,0.0,0.0,0.0,nan,0.0,0.0,0.0,nan,0,3,1,1,1,0,0,0,0,0,0,0,0
498804360,1411037,1,3407898,6780433,3407898,396809,0.5054686,0.5073758,0.5059231,nan,nan,nan,nan,nan,nan,0.0,1.0,1.0,nan,nan,nan,nan,nan,nan,0.0,0.0,0.0,nan,0.0,0.0,0.0,nan,0,3,1,1,1,0,0,0,0,0,0,0,0
499814211,1411037,1,3407898,6780433,3407898,396809,0.5088365,0.50874317,0.5080777,nan,nan,nan,nan,nan,nan,0.0,1.0,1.0,nan,nan,nan,nan,nan,nan,0.0,0.0,0.0,nan,0.0,0.0,0.0,nan,0,3,1,1,1,0,0,0,0,0,0,0,0
500814380,1411037,1,3407898,6780433,3407898,396809,0.5092262,0.5083411,0.5095692,nan,nan,nan,nan,nan,nan,0.0,1.0,1.0,nan,nan,nan,nan,nan,nan,0.0,0.0,0.0,nan,0.0,0.0,0.0,nan,0,3,1,1,1,0,0,0,0,0,0,0,0
501824361,1411037,1,3407898,6780433,3407898,396809,0.5058633,0.5084084,0.5051084,nan,nan,nan,nan,nan,nan,0.0,1.0,1.0,nan,nan,nan,nan,nan,nan,0.0,0.0,0.0,nan,0.0,0.0,0.0,nan,0,3,1,1,1,0,0,0,0,0,0,0,0
502824400,1411037,1,3407898,6780433,3407898,396809,0.5136369,0.5123404,0.5125489,nan,nan,nan,nan,nan,nan,0.0,1.0,1.0,nan,nan,nan,nan,nan,nan,0.0,0.0,0.0,nan,0.0,0.0,0.0,nan,0,3,1,1,1,0,0,0,0,0,0,0,0
503834199,1411037,1,3407898,6780433,3407898,396809,0.50706446,0.5072678,0.5084162,nan,nan,nan,nan,nan,nan,0.0,1.0,1.0,nan,nan,nan,nan,nan,nan,0.0,0.0,0.0,nan,0.0,0.0,0.0,nan,0,3,1,1,1,0,0,0,0,0,0,0,0
504834208,1411037,1,3407898,6780433,3407898,396809,0.5144927,0.51196176,0.5122613,nan,nan,nan,nan,nan,nan,0.0,1.0,1.0,nan,nan,nan,nan,nan,nan,0.0,0.0,0.0,nan,0.0,0.0,0.0,nan,0,3,1,1,1,0,0,0,0,0,0,0,0
505844357,1411037,1,3407898,6780433,3407898,396809,0.50960666,0.5055348,0.5094616,nan,nan,nan,nan,nan,nan,0.0,1.0,1.0,nan,nan,nan,nan,nan,nan,0.0,0.0,0.0,nan,0.0,0.0,0.0,nan,0,3,1,1,1,0,0,0,0,0,0,0,0
506844361,1411037,1,3407898,6780433,3407898,396809,0.5056938,0.5120282,0.5043047,nan,nan,nan,nan,nan,nan,0.0,1.0,1.0,nan,nan,nan,nan,nan,nan,0.0,0.0,0.0,nan,0.0,0.0,0.0,nan,0,3,1,1,1,0,0,0,0,0,0,0,0
507844389,1411037,1,3407898,6780433,3407898,396809,0.50794137,0.5092091,0.5066856,nan,nan,nan,nan,nan,nan,0.0,1.0,1.0,nan,nan,nan,nan,nan,nan,0.0,0.0,0.0,nan,0.0,0.0,0.0,nan,0,3,1,1,1,0,0,0,0,0,0,0,0
508854351,1411037,1,3407898,6780433,3407898,396809,0.5091612,0.5061382,0.5087997,nan,nan,nan,nan,nan,nan,0.0,1.0,1.0,nan,nan,nan,nan,nan,nan,0.0,0.0,0.0,nan,0.0,0.0,0.0,nan,0,3,1,1,1,0,0,0,0,0,0,0,0
509864352,1411037,1,3407898,6780433,3407898,396809,0.50429016,0.505004,0.50422627,nan,nan,nan,nan,nan,nan,0.0,1.0,1.0,nan,nan,nan,nan,nan,nan,0.0,0.0,0.0,nan,0.0,0.0,0.0,nan,0,3,1,1,1,0,0,0,0,0,0,0,0
510874401,1411037,1,3407898,6780433,3407898,396809,0.50645,0.5053205,0.5034893,nan,nan,nan,nan,nan,nan,0.0,1.0,1.0,nan,nan,nan,nan,nan,nan,0.0,0.0,0.0,nan,0.0,0.0,0.0,nan,0,3,1,1,1,0,0,0,0,0,0,0,0
511884200,1411037,1,3407898,6780433,3407898,396809,0.5026816,0.5026586,0.5023212,nan,nan,nan,nan,nan,nan,0.0,1.0,1.0,nan,nan,nan,nan,nan,nan,0.0,0.0,0.0,nan,0.0,0.0,0.0,nan,0,3,1,1,1,0,0,0,0,0,0,0,0
512884211,1411037,1,3407898,6780433,3407898,396809,0.5070783,0.5051929,0.5069339,nan,nan,nan,nan,nan,nan,0.0,1.0,1.0,nan,nan,nan,nan,nan,nan,0.0,0.0,0.0,nan,0.0,0.0,0.0,nan,0,3,1,1,1,0,0,0,0,0,0,0,0
512924213,1411037,1,3407898,6780433,3407898,396809,1.0,0.5051929,0.5069339,nan,nan,nan,nan,nan,nan,0.0,0.5051929,0.5069339,nan,nan,nan,nan,nan,nan,0.0,0.0,0.0,nan,0.0,0.0,0.0,nan,0,3,1,1,1,0,0,0,0,0,0,0,0
513924340,1411037,1,3407898,6780433,3407898,396809,1.0,1.0,1.0,nan,nan,nan,nan,nan,nan,0.0,0.5051929,0.5069339,nan,nan,nan,nan,nan,nan,0.0,0.0,0.0,nan,0.0,0.0,0.0,nan,0,3,1,1,1,0,0,0,0,0,0,0,0
514924344,1411037,1,3407898,6780433,3407898,396809,1.0,1.0,1.0,nan,nan,nan,nan,nan,nan,0.0,0.5051929,0.5069339,nan,nan,nan,nan,nan,nan,0.0,0.0,0.0,nan,0.0,0.0,0.0,nan,0,3,1,1,1,0,0,0,0,0,0,0,0
515924354,1411037,1,3407898,6780433,3407898,396809,0.5245668,0.5301548,0.53107524,nan,nan,nan,nan,nan,nan,0.0,0.9908784,0.99353987,nan,nan,nan,nan,nan,nan,0.0,0.0,0.0,nan,0.0,0.0,0.0,nan,0,3,1,1,1,0,0,0,0,0,0,0,0
516634217,1411037,1,3407898,6780433,3407898,396809,1.0,0.50998724,0.5098848,nan,nan,nan,nan,nan,nan,0.0,0.50998724,0.5098848,nan,nan,nan,nan,nan,nan,0.0,0.0,0.0,nan,0.0,0.0,0.0,nan,0,3,1,1,1,0,0,0,0,0,0,0,0
517634345,1411037,1,3407898,6780433,3407898,396809,1.0,1.0,1.0,nan,nan,nan,nan,nan,nan,0.0,0.50998724,0.5098848,nan,nan,nan,nan,nan,nan,0.0,0.0,0.0,nan,0.0,0.0,0.0,nan,0,3,1,1,1,0,0,0,0,0,0,0,0
518634354,1411037,1,3407898,6780433,3407898,396809,1.0,1.0,1.0,nan,nan,nan,nan,nan,nan,0.0,0.50998724,0.5098848,nan,nan,nan,nan,nan,nan,0.0,0.0,0.0,nan,0.0,0.0,0.0,nan,0,3,1,1,1,0,0,0,0,0,0,0,0
519644210,1411037,1,3407898,6780433,3407898,396809,0.5064368,0.50869447,0.5077484,nan,nan,nan,nan,nan,nan,0.0,1.0,1.0,nan,nan,nan,nan,nan,nan,0.0,0.0,0.0,nan,0.0,0.0,0.0,nan,0,3,1,1,1,0,0,0,0,0,0,0,0
520644366,1411037,1,3407898,6780433,3407898,396809,0.52047825,0.5148344,0.51241535,nan,nan,nan,nan,nan,nan,0.0,1.0,1.0,nan,nan,nan,nan,nan,nan,0.0,0.0,0.0,nan,0.0,0.0,0.0,nan,0,3,1,1,1,0,0,0,0,0,0,0,0
521654360,1411037,1,3407898,6780433,3407898,396809,0.5251881,0.5292863,0.53009784,nan,nan,nan,nan,nan,nan,0.0,1.0,1.0,nan,nan,nan,nan,nan,nan,0.0,0.0,0.0,nan,0.0,0.0,0.0,nan,0,3,1,1,1,0,0,0,0,0,0,0,0
522654386,1411037,1,3407898,6780433,3407898,396809,0.51146585,0.5130225,0.51353794,nan,nan,nan,nan,nan,nan,0.0,1.0,1.0,nan,nan,nan,nan,nan,nan,0.0,0.0,0.0,nan,0.0,0.0,0.0,nan,0,3,1,1,1,0,0,0,0,0,0,0,0
523664348,1411037,1,3407898,6780433,3407898,396809,0.50884765,0.5115993,0.51144844,nan,nan,nan,nan,nan,nan,0.0,1.0,1.0,nan,nan,nan,nan,nan,nan,0.0,0.0,0.0,nan,0.0,0.0,0.0,nan,0,3,1,1,1,0,0,0,0,0,0,0,0
524664382,1411037,1,3407898,6780433,3407898,396809,0.5112734,0.51215583,0.5091379,nan,nan,nan,nan,nan,nan,0.0,1.0,1.0,nan,nan,nan,nan,nan,nan,0.0,0.0,0.0,nan,0.0,0.0,0.0,nan,0,3,1,1,1,0,0,0,0,0,0,0,0
525674215,1411037,1,3407898,6780433,3407898,396809,0.50527537,0.5045243,0.5058853,nan,nan,nan,nan,nan,nan,0.0,1.0,1.0,nan,nan,nan,nan,nan,nan,0.0,0.0,0.0,nan,0.0,0.0,0.0,nan,0,3,1,1,1,0,0,0,0,0,0,0,0
526684211,1411037,1,3407898,6780433,3407898,396809,0.50719106,0.50801307,0.5066367,nan,nan,nan,nan,nan,nan,0.0,1.0,1.0,nan,nan,nan,nan,nan,nan,0.0,0.0,0.0,nan,0.0,0.0,0.0,nan,0,3,1,1,1,0,0,0,0,0,0,0,0
526884209,1411037,1,3407898,6780433,3407898,396809,1.0,0.50801307,0.5066367,nan,nan,nan,nan,nan,nan,0.0,0.50801307,0.5066367,nan,nan,nan,nan,nan,nan,0.0,0.0,0.0,nan,0.0,0.0,0.0,nan,0,3,1,1,1,0,0,0,0,0,0,0,0
527884345,1411037,1,3407898,6780433,3407898,396809,1.0,1.0,1.0,nan,nan,nan,nan,nan,nan,0.0,0.50801307,0.5066367,nan,nan,nan,nan,nan,nan,0.0,0.0,0.0,nan,0.0,0.0,0.0,nan,0,3,1,1,1,0,0,0,0,0,0,0,0
528884395,1411037,1,3407898,6780433,3407898,396809,0.50671345,0.50580925,0.5077544,nan,nan,nan,nan,nan,nan,0.0,0.77790684,0.6528149,nan,nan,nan,nan,nan,nan,0.0,0.0,0.0,nan,0.0,0.0,0.0,nan,0,3,1,1,1,0,0,0,0,0,0,0,0
529894207,1411037,1,3407898,6780433,3407898,396809,1.0,1.0,1.0,nan,nan,nan,nan,nan,nan,0.0,0.78571755,0.65885586,nan,nan,nan,nan,nan,nan,0.0,0.0,0.0,nan,0.0,0.0,0.0,nan,0,3,1,1,1,0,0,0,0,0,0,0,0
530894349,1411037,1,3407898,6780433,3407898,396809,1.0,1.0,1.0,nan,nan,nan,nan,nan,nan,0.0,0.78571755,0.65885586,nan,nan,nan,nan,nan,nan,0.0,0.0,0.0,nan,0.0,0.0,0.0,nan,0,3,1,1,1,0,0,0,0,0,0,0,0
531904340,1411037,1,3407898,6780433,3407898,396809,1.0,1.0,1.0,nan,nan,nan,nan,nan,nan,0.0,0.78571755,0.65885586,nan,nan,nan,nan,nan,nan,0.0,0.0,0.0,nan,0.0,0.0,0.0,nan,0,3,1,1,1,0,0,0,0,0,0,0,0
532904356,1411037,1,3407898,6780433,3407898,396809,1.0,1.0,1.0,nan,nan,nan,nan,nan,nan,0.0,0.78571755,0.65885586,nan,nan,nan,nan,nan,nan,0.0,0.0,0.0,nan,0.0,0.0,0.0,nan,0,3,1,1,1,0,0,0,0,0,0,0,0
533904398,1411037,1,3407898,6780433,3407898,396809,1.0,1.0,1.0,nan,nan,nan,nan,nan,nan,0.0,0.78571755,0.65885586,nan,nan,nan,nan,nan,nan,0.0,0.0,0.0,nan,0.0,0.0,0.0,nan,0,3,1,1,1,0,0,0,0,0,0,0,0
