timestamp,accel_device_id,gyro_device_id,accel_clipping[0],accel_clipping[1],accel_clipping[2],gyro_clipping[0],gyro_clipping[1],gyro_clipping[2],accel_error_count,gyro_error_count,accel_rate_hz,gyro_rate_hz,accel_raw_rate_hz,gyro_raw_rate_hz,accel_vibration_metric,gyro_vibration_metric,delta_angle_coning_metric,mean_accel[0],mean_accel[1],mean_accel[2],mean_gyro[0],mean_gyro[1],mean_gyro[2],var_accel[0],var_accel[1],var_accel[2],var_gyro[0],var_gyro[1],var_gyro[2],temperature_accel,temperature_gyro
267745797,3407890,3407890,0,0,0,0,0,0,0,0,800.0,800.0,6421.5107,6421.5107,0.24481179,0.0063512544,5.7242894e-10,-0.06740194,0.0378848,-9.852505,0.009180146,0.004537717,-0.00016847729,2.199513,1.3477856,1.2922153,0.00049558445,0.0006786665,0.0004406342,35.908607,35.908607
268685794,3407890,3407890,0,0,0,0,0,0,0,0,800.0,800.0,6421.4204,6421.4204,0.40517512,0.008055579,4.8530197e-10,-0.07936775,0.021503707,-9.827821,0.009543057,0.004499102,-0.00088582496,0.6334437,0.3718571,0.21392068,0.00017504842,6.1351595e-05,0.0005102325,35.920002,35.920002
269735795,3407890,3407890,0,0,0,0,0,0,0,0,800.0,800.0,6421.3203,6421.3203,0.52220243,0.011381708,5.033668e-10,-0.05104258,0.026340703,-9.867335,0.009437124,0.0036128492,0.00023347195,2.4701617,4.215013,3.1745613,0.0010111753,0.00059500005,0.00022219651,35.935078,35.935078
270680797,3407890,3407890,0,0,0,0,0,0,0,0,800.0,800.0,6421.239,6421.239,1.6934916,0.031149626,4.7967395e-09,-0.04987521,0.027394172,-9.753846,0.012617241,0.010599947,-0.001788319,45.578007,59.932465,80.067444,0.02449875,0.0105764605,0.0008472934,35.924725,35.924725
271730795,3407890,3407890,0,0,0,0,0,0,0,0,800.0,800.0,6421.1484,6421.1484,3.2986991,0.08785092,2.950859e-08,-0.21680029,0.0067555094,-10.371249,0.07621125,-0.038161643,0.04119267,79.47214,279.06213,230.84549,0.09597683,0.02324341,0.006355265,35.94459,35.94459
272675794,3407890,3407890,0,0,0,0,0,0,0,0,800.0,800.0,6421.071,6421.071,3.8695242,0.09900516,1.4605261e-08,-0.34994805,0.036115684,-9.847374,0.00081654906,-0.04728426,-0.034693126,27.72693,26.716116,50.15181,0.012902291,0.004308652,0.002158294,35.94356,35.94356
273725795,3407890,3407890,0,0,0,0,0,0,0,0,800.0,800.0,6421.003,6421.003,3.9208367,0.09981476,1.6044154e-08,-0.28391725,-0.15659195,-9.467839,0.010897801,0.0018734088,-0.008087064,69.06266,122.55904,218.34625,0.044046033,0.016394284,0.004244814,35.94631,35.94631
274670799,3407890,3407890,0,0,0,0,0,0,0,0,800.0,800.0,6420.95,6420.95,3.834873,0.100649446,7.687659e-09,-0.21781023,-0.012993383,-9.924583,0.018718606,-0.00060714583,-0.0031720418,38.950653,60.638706,68.252525,0.023326637,0.00865289,0.002697541,35.937496,35.937496
275720794,3407890,3407890,0,0,0,0,0,0,0,0,800.0,800.0,6420.9043,6420.9043,3.9346511,0.10571996,1.0995506e-08,-0.2930311,0.1354488,-9.773573,0.003569298,0.012545717,-0.0064472193,34.65833,57.11341,39.120815,0.028320963,0.010496605,0.0013798121,35.9503,35.9503
276665793,3407890,3407890,0,0,0,0,0,0,0,0,800.0,800.0,6420.8667,6420.8667,4.01732,0.10183363,9.861255e-09,-0.25633976,0.11215382,-9.924539,0.018679129,-0.0061292904,0.00033465712,88.04209,140.60258,151.70305,0.03982935,0.011162176,0.0030681859,35.951523,35.951523
277715796,3407890,3407890,0,0,0,0,0,0,0,0,800.0,800.0,6420.8364,6420.8364,3.8367324,0.098854885,1.3728953e-08,-0.39684016,0.046398476,-9.79998,0.03823833,0.006207724,-0.0020303363,56.532524,104.279495,94.62946,0.029445587,0.018551067,0.002309519,35.923508,35.923508
278660796,3407890,3407890,0,0,0,0,0,0,0,0,800.0,800.0,6420.8164,6420.8164,3.8262799,0.10082011,9.6600825e-09,-0.29269946,0.3203933,-9.771828,0.01999704,-0.007465661,0.0012154551,49.189606,61.12568,88.42199,0.032274354,0.012595914,0.0033647455,35.9335,35.9335
279710794,3407890,3407890,0,0,0,0,0,0,0,0,800.0,800.0,6420.8125,6420.8125,3.9026823,0.10819054,1.4639303e-08,-0.21428764,-0.012952532,-9.736845,0.003820539,0.009312911,0.001820927,57.238865,176.33942,198.01518,0.07263958,0.013595162,0.004663788,35.925907,35.925907
280755793,3407890,3407890,0,0,0,0,0,0,0,0,800.0,800.0,6420.8413,6420.8413,4.071544,0.111920334,1.876956e-08,-0.14051749,0.287541,-10.037949,0.022834705,0.027060483,-0.008481383,79.78181,190.48555,242.97513,0.07260451,0.017012155,0.0035613046,35.920723,35.920723
281695793,3407890,3407890,0,0,0,0,0,0,0,0,800.0,800.0,6420.904,6420.904,4.1483645,0.110248774,8.78387e-09,-0.2431614,-0.10727939,-10.1016865,0.015069777,0.0023994935,0.0019335775,46.496178,115.36504,135.05759,0.0703082,0.015018352,0.00445958,35.91109,35.91109
282740795,3407890,3407890,0,0,0,0,0,0,0,0,800.0,800.0,6421.018,6421.018,4.2539053,0.10366489,1.3431085e-08,-0.088706754,0.23845007,-9.849912,0.03093531,0.0020135965,-0.0029055641,61.255547,204.1504,147.5587,0.073213935,0.017538117,0.0041496875,35.951202,35.951202
283685795,3407890,3407890,0,0,0,0,0,0,0,0,800.0,800.0,6421.1035,6421.1035,4.1752415,0.10607192,1.1806069e-08,-0.42689508,-0.0036359432,-9.6591625,0.000445428,0.011706027,-0.0048963986,61.512856,100.17591,162.87868,0.034205645,0.011962733,0.005516447,35.9389,35.9389
284730797,3407890,3407890,0,0,0,0,0,0,0,0,800.0,800.0,6421.1885,6421.1885,4.0139036,0.10878126,9.0532195e-09,-0.3573211,-0.2163329,-9.720619,-0.0025348263,0.005001524,-0.00028259555,46.070034,111.0382,108.25418,0.03947173,0.011719231,0.004037724,35.932205,35.932205
285670803,3407890,3407890,0,0,0,0,0,0,0,0,800.0,800.0,6421.2983,6421.2983,3.904892,0.10384136,1.3992884e-08,-0.37555715,-0.16128445,-10.031628,0.010344042,0.021650663,-0.0015343413,67.308556,195.44687,183.90375,0.06884668,0.019919876,0.0050878236,35.941174,35.941174
286720796,3407890,3407890,0,0,0,0,0,0,0,0,800.0,800.0,6421.421,6421.421,4.1839666,0.11027717,1.4200808e-08,-0.31389505,0.13262285,-10.04945,0.014527114,-0.03036654,-0.003247042,65.47716,189.08244,159.76065,0.061721727,0.015464031,0.003407256,35.94146,35.94146
287665796,3407890,3407890,0,0,0,0,0,0,0,0,800.0,800.0,6421.5156,6421.5156,3.9530602,0.10603443,1.51246e-08,0.03705691,0.2523174,-9.8691635,0.029720679,0.022653904,0.0021494005,67.55181,189.6925,163.92165,0.075638875,0.015028703,0.0032947888,35.93985,35.93985
288715796,3407890,3407890,0,0,0,0,0,0,0,0,800.0,800.0,6421.622,6421.622,3.748719,0.10520347,1.7400644e-08,0.004137853,0.15895008,-9.94309,-0.020181755,-0.024122944,-0.005097571,73.28249,137.80614,169.55681,0.065670796,0.020021383,0.0055833305,35.912624,35.912624
289760795,3407890,3407890,0,0,0,0,0,0,0,0,800.0,800.0,6421.731,6421.731,3.787686,0.096454956,1.2222077e-08,-0.22363143,0.22299092,-10.041859,-0.010060944,-0.015321561,-0.0039244825,84.63064,184.23126,286.76276,0.056289908,0.020782907,0.005875458,35.90867,35.90867
290705794,3407890,3407890,0,0,0,0,0,0,0,0,800.0,800.0,6421.8228,6421.8228,4.0760875,0.102911316,6.8938206e-09,-0.23946959,0.114990324,-10.088817,0.0006023852,0.0049308413,0.0007535703,25.116993,69.827835,120.71527,0.027761567,0.011019055,0.002750477,35.90075,35.90075
291750799,3407890,3407890,0,0,0,0,0,0,0,0,800.0,800.0,6421.8813,6421.8813,3.8147478,0.09425833,1.5536655e-08,-0.16653632,0.041456416,-9.7458105,0.0011119446,0.03279455,0.0041305986,43.960514,77.726616,75.81593,0.031183908,0.013171438,0.003625547,35.930122,35.930122
292695794,3407890,3407890,0,0,0,0,0,0,0,0,800.0,800.0,6421.886,6421.886,4.0427413,0.09470219,1.7197099e-08,-0.04721038,-0.046334255,-9.921462,0.016537767,0.03725249,0.0021136643,59.90637,103.69191,111.16985,0.04940164,0.020642726,0.0031821153,35.893906,35.893906
293745794,3407890,3407890,0,0,0,0,0,0,0,0,800.0,800.0,6421.8613,6421.8613,4.15497,0.09747912,1.5481675e-08,-0.46879166,0.24463376,-9.732848,0.024553554,-0.0010859637,0.0018862686,192.551,181.61636,179.06557,0.06411076,0.028016638,0.004616926,35.919376,35.919376
294675802,3407890,3407890,0,0,0,0,0,0,0,0,800.0,800.0,6421.818,6421.818,4.5384154,0.09760218,1.9797127e-08,-0.14738357,-0.059243366,-9.904733,-0.06977628,0.024712544,0.0015291127,99.60268,154.35695,298.55502,0.06753535,0.03179742,0.005754517,35.924114,35.924114
295715797,3407890,3407890,0,0,0,0,0,0,0,0,800.0,800.0,6421.763,6421.763,4.041754,0.10118068,9.4413055e-09,-0.24505806,-0.047166876,-9.636383,-0.012245834,-0.0109148845,0.0018784635,60.356472,42.162117,58.218758,0.027514927,0.015372732,0.002648331,35.922802,35.922802
296660796,3407890,3407890,0,0,0,0,0,0,0,0,800.0,800.0,6421.726,6421.726,3.924158,0.08682893,9.568509e-09,-0.21854651,-0.1317746,-9.772317,0.016141118,0.017095307,0.0034070571,32.56632,54.18652,79.57653,0.02235243,0.010461448,0.0019643458,35.88063,35.88063
297705794,3407890,3407890,0,0,0,0,0,0,0,0,800.0,800.0,6421.678,6421.678,4.1288466,0.090957284,1.8180128e-08,-0.41255265,-0.0162104,-9.693714,0.031513132,0.05847515,0.033365373,37.957603,81.554405,86.94437,0.043892603,0.018085634,0.004249142,35.912273,35.912273
298750800,3407890,3407890,0,0,0,0,0,0,0,0,800.0,800.0,6421.6396,6421.6396,4.601651,0.09978966,1.1280477e-08,-0.08848783,0.15083279,-9.939769,0.0035911489,0.007828612,-0.0061268564,101.55729,135.456,231.23347,0.032770675,0.011766971,0.003826263,35.880154,35.880154
299690793,3407890,3407890,0,0,0,0,0,0,0,0,800.0,800.0,6421.6084,6421.6084,4.278613,0.10806884,1.6528736e-08,-0.07599246,0.13856001,-9.947471,0.0035513304,-0.014369521,-0.013237498,89.894615,279.92325,262.30188,0.09240477,0.018856965,0.0051331627,35.89902,35.89902
300735801,3407890,3407890,0,0,0,0,0,0,0,0,800.0,800.0,6421.6084,6421.6084,3.976514,0.11753329,1.5174995e-08,-0.25438672,0.013517575,-9.860709,-0.012808886,-0.007130038,-0.0054192413,41.51936,135.21742,71.42027,0.048430912,0.011665362,0.0021031576,35.88691,35.88691
301675797,3407890,3407890,0,0,0,0,0,0,0,0,800.0,800.0,6421.617,6421.617,4.0025754,0.11443228,1.281139e-08,-0.26436728,-0.22070406,-9.694265,-0.003964673,-0.010000182,-0.009341517,58.192345,171.25896,173.8653,0.10130692,0.019122267,0.0040764986,35.8939,35.8939
302725795,3407890,3407890,0,0,0,0,0,0,0,0,800.0,800.0,6421.6626,6421.6626,3.876799,0.102625996,1.739822e-08,-0.22921439,0.2370074,-9.942512,0.05191218,0.03069637,-0.013074963,77.78461,274.69235,111.90442,0.10567066,0.019337047,0.0038981321,35.89107,35.89107
303665795,3407890,3407890,0,0,0,0,0,0,0,0,800.0,800.0,6421.717,6421.717,4.3564963,0.09820832,1.9960131e-08,-0.21935964,0.04436847,-9.913925,0.01720622,-0.01491829,0.0042039263,115.91689,290.3351,244.33319,0.08529482,0.020402903,0.0043737707,35.878174,35.878174
304705795,3407890,3407890,0,0,0,0,0,0,0,0,800.0,800.0,6421.7935,6421.7935,4.4780903,0.09763876,1.8242897e-08,-0.21131584,-0.13841262,-9.812515,0.016347505,0.00034883016,0.008345256,108.464035,370.20105,163.26068,0.13296194,0.023383336,0.0032949657,35.898,35.898
305750801,3407890,3407890,0,0,0,0,0,0,0,0,800.0,800.0,6421.8657,6421.8657,4.109827,0.11385523,1.2549782e-08,-0.2572765,-0.056817666,-9.706078,-0.018028812,-0.0025060782,-1.991194e-05,80.25465,134.32144,88.85339,0.07104631,0.010708653,0.0026691817,35.860577,35.860577
306695799,3407890,3407890,0,0,0,0,0,0,0,0,800.0,800.0,6421.924,6421.924,4.093428,0.11721155,1.0995989e-08,-0.2606462,-0.027310813,-9.85898,-0.018469835,0.0021190513,-0.017879581,67.79158,212.21556,219.59163,0.05516783,0.017471887,0.0044240197,35.86087,35.86087
307740794,3407890,3407890,0,0,0,0,0,0,0,0,800.0,800.0,6421.981,6421.981,4.128603,0.1122345,2.4207074e-08,-0.20754477,0.032452706,-9.947146,0.024306746,0.05300403,-0.005401245,78.50708,208.13976,242.04733,0.08238695,0.018887492,0.005572034,35.860764,35.860764
308685794,3407890,3407890,0,0,0,0,0,0,0,0,800.0,800.0,6422.018,6422.018,3.9737463,0.10173607,1.03454845e-08,-0.38176575,0.01732647,-9.811933,0.010702999,-0.0082332315,0.0065738233,108.58345,195.72899,85.71071,0.06536709,0.014011912,0.0026262917,35.857918,35.857918
309730798,3407890,3407890,0,0,0,0,0,0,0,0,800.0,800.0,6422.023,6422.023,4.3211784,0.110334516,1.8758437e-08,-0.36472505,0.13433817,-10.210644,0.0107000545,-0.03777223,0.00080300757,70.6412,196.13008,466.58615,0.056478947,0.020002425,0.0075053945,35.846188,35.846188
310675798,3407890,3407890,0,0,0,0,0,0,0,0,800.0,800.0,6422.0137,6422.0137,4.0838184,0.10012022,9.315409e-09,0.03307308,0.011292166,-9.677228,0.023118094,0.0061014085,0.0033537932,32.011024,62.022003,79.05237,0.048631527,0.0145459995,0.0057244003,35.8263,35.8263
311725793,3407890,3407890,0,0,0,0,0,0,0,0,800.0,800.0,6421.9766,6421.9766,4.0925565,0.110941716,1.1531476e-08,-0.11427332,0.22834867,-9.889972,0.022459723,-0.0034756495,-0.0027486493,108.57625,186.7113,246.19751,0.0795099,0.020260468,0.003938144,35.84662,35.84662
312665795,3407890,3407890,0,0,0,0,0,0,0,0,800.0,800.0,6421.945,6421.945,4.1082635,0.12435101,1.5523772e-08,-0.23118316,0.07574588,-9.853314,0.011173729,0.015809326,0.0001552313,78.29487,195.53899,209.30858,0.09703836,0.01801243,0.0043694675,35.831917,35.831917
313715796,3407890,3407890,0,0,0,0,0,0,0,0,800.0,800.0,6421.9004,6421.9004,4.0735216,0.119923264,1.259764e-08,-0.23555702,0.19194497,-9.827541,-0.013484453,0.024488589,0.0073671024,75.02767,198.40892,112.4897,0.05320208,0.014552208,0.0037488837,35.822186,35.822186
314660795,3407890,3407890,0,0,0,0,0,0,0,0,800.0,800.0,6421.8633,6421.8633,4.1334395,0.10795913,1.5177193e-08,-0.35394236,0.076022044,-9.813876,0.0014458747,-0.0005563996,-0.0012135633,84.93503,282.3942,238.76305,0.103878066,0.018619515,0.0054094,35.79895,35.79895
315710795,3407890,3407890,0,0,0,0,0,0,0,0,800.0,800.0,6421.824,6421.824,4.100566,0.11183597,1.143653e-08,-0.30930722,0.06776656,-9.893477,0.02155187,-0.026464954,0.0040425085,55.853584,135.87828,166.43607,0.033441488,0.01108968,0.0035262995,35.781166,35.781166
316755801,3407890,3407890,0,0,0,0,0,0,0,0,800.0,800.0,6421.7876,6421.7876,4.316444,0.120504685,1.1322571e-08,-0.15629119,-0.053125463,-9.670098,0.01693579,0.015201482,-0.0037646152,50.373863,156.62025,101.45366,0.070254356,0.015706409,0.004636894,35.782505,35.782505
317695796,3407890,3407890,0,0,0,0,0,0,0,0,800.0,800.0,6421.7617,6421.7617,4.4461937,0.11641837,1.5815388e-08,-0.12921345,0.08040936,-9.810859,0.003796626,-0.00786076,-0.004836574,90.11598,258.21118,217.50046,0.17166732,0.02292459,0.0059465137,35.768066,35.768066
318745797,3407890,3407890,0,0,0,0,0,0,0,0,800.0,800.0,6421.8115,6421.8115,3.7608662,0.106050916,1.2002892e-08,-0.3396107,-0.17391372,-9.745286,0.0036107034,0.0070916764,-0.0043533104,64.65214,113.76192,124.038666,0.11362595,0.018717328,0.005861637,35.807446,35.807446
319690814,3407890,3407890,0,0,0,0,0,0,0,0,800.0,800.0,6421.842,6421.842,4.215561,0.11300656,1.290077e-08,-0.46441922,0.024023866,-9.928245,0.016149644,0.014472957,-0.0007427077,60.750996,128.84096,70.8096,0.04376726,0.009005938,0.0022969143,35.787254,35.787254
320740800,3407890,3407890,0,0,0,0,0,0,0,0,800.0,800.0,6421.8354,6421.8354,4.216167,0.112003274,1.2275486e-08,-0.16552071,-0.008645,-9.910197,0.0071412805,0.018335601,0.003543246,64.640686,136.94472,114.50601,0.09364863,0.01582002,0.0035916416,35.75841,35.75841
321685796,3407890,3407890,0,0,0,0,0,0,0,0,800.0,800.0,6421.8022,6421.8022,4.262035,0.11823516,1.8712324e-08,-0.2622721,-0.16436924,-10.011317,0.024436673,-0.024020065,-8.377059e-05,93.34726,299.30383,128.89987,0.14340219,0.022705564,0.004493811,35.77691,35.77691
322730795,3407890,3407890,0,0,0,0,0,0,0,0,800.0,800.0,6421.7686,6421.7686,4.3895807,0.11513344,1.2273874e-08,-0.29172763,0.063602075,-10.106349,-0.02634425,-0.011791756,0.008469197,65.2931,312.94348,197.14375,0.08273799,0.01124185,0.003924969,35.751743,35.751743
323670793,3407890,3407890,0,0,0,0,0,0,0,0,800.0,800.0,6421.7397,6421.7397,4.325345,0.106136404,1.5233802e-08,-0.044861775,0.055686206,-9.829503,0.009009351,0.0074977293,-0.0035608471,68.94043,250.00539,189.3708,0.08256649,0.016772842,0.0050260657,35.753956,35.753956
324715793,3407890,3407890,0,0,0,0,0,0,0,0,800.0,800.0,6421.714,6421.714,4.2169147,0.117829345,1.7451097e-08,-0.1441689,-0.17408855,-9.884088,0.011571765,0.02145336,-0.0067584817,118.235466,283.64523,457.74796,0.08682847,0.022181079,0.0072525134,35.760468,35.760468
325655795,3407890,3407890,0,0,0,0,0,0,0,0,800.0,800.0,6421.7476,6421.7476,4.2578063,0.11232879,1.3547498e-08,-0.2188771,-0.054127093,-9.992127,0.030866615,-0.013298611,-0.009455684,82.28027,194.67703,201.99107,0.05702339,0.010165693,0.0034707654,35.740192,35.740192
326705795,3407890,3407890,0,0,0,0,0,0,0,0,800.0,800.0,6421.736,6421.736,4.2114496,0.11215467,1.5469269e-08,-0.24211274,0.06078062,-9.559166,0.0146440575,-0.0149185825,0.009249424,86.44427,88.16087,132.01956,0.04196526,0.011675004,0.0031817982,35.729237,35.729237
327750808,3407890,3407890,0,0,0,0,0,0,0,0,799.99994,799.99994,6421.7124,6421.7124,4.299249,0.11109166,1.5027164e-08,-0.28587392,0.21127366,-9.773736,-0.0055262824,0.0133160325,-0.010196302,88.3642,102.106064,146.56757,0.04217056,0.012604851,0.004816545,35.71852,35.71852
328695795,3407890,3407890,0,0,0,0,0,0,0,0,800.0,800.0,6421.6855,6421.6855,4.308885,0.11455709,2.2400021e-08,-0.050876077,0.03494407,-9.929319,0.0051873694,0.02240267,0.00036487225,146.41507,328.4806,318.9746,0.102162115,0.030610166,0.0070117353,35.72713,35.72713
329745797,3407890,3407890,0,0,0,0,0,0,0,0,800.0,800.0,6419.2935,6419.2935,4.4804277,0.11161424,1.4185152e-08,-0.4504042,0.2916494,-10.070688,0.0051722014,0.0123224,-0.0013922952,100.92261,233.92766,198.39612,0.10490529,0.026353717,0.00469168,35.721333,35.721333
330685795,3407890,3407890,0,0,0,0,0,0,0,0,800.0,800.0,6421.1553,6421.1553,4.352563,0.10655809,1.7763348e-08,-0.16417198,0.26277468,-9.657545,0.054988697,0.02229516,-0.0047829733,74.23421,159.9834,132.24773,0.055140205,0.0156011535,0.0044561583,35.708595,35.708595
331730795,3407890,3407890,0,0,0,0,0,0,0,0,800.0,800.0,6422.1123,6422.1123,4.217491,0.10179576,1.0731289e-08,-0.24596208,0.29277265,-9.8811035,-0.020090606,-0.009663998,0.0053950544,105.13463,189.93207,193.54713,0.070083655,0.019471187,0.004991389,35.699142,35.699142
332670794,3407890,3407890,0,0,0,0,0,0,0,0,800.0,800.0,6421.5674,6421.5674,4.261523,0.10370364,1.2293927e-08,-0.37441182,-0.10083741,-9.916814,0.0035291726,-0.038330056,0.0011031687,46.65537,97.808685,115.34345,0.03510505,0.018464856,0.004920431,35.68586,35.68586
333720793,3407890,3407890,0,0,0,0,0,0,0,0,800.0,800.0,6421.1196,6421.1196,4.145775,0.1109697,1.4652136e-08,-0.33643743,-0.15939018,-9.872621,0.015452156,-0.005877878,0.0029486776,79.770996,202.73364,195.93642,0.07098576,0.014729037,0.0034654893,35.673103,35.673103
334660802,3407890,3407890,0,0,0,0,0,0,0,0,800.0,800.0,6420.786,6420.786,3.9902842,0.10953247,1.441273e-08,-0.27089423,0.27075022,-9.855087,0.0054838047,-0.0005719936,-0.0030928713,73.28444,162.40182,116.13322,0.06480642,0.018291209,0.003585015,35.69013,35.69013
335705795,3407890,3407890,0,0,0,0,0,0,0,0,800.0,800.0,6421.208,6421.208,4.180694,0.102240615,2.0047953e-08,-0.06465945,0.30625436,-9.729896,0.030608572,0.02284877,-0.006684975,123.37836,346.17792,355.7652,0.11587744,0.022168225,0.009302584,35.664227,35.664227
336755795,3407890,3407890,0,0,0,0,0,0,0,0,800.0,800.0,6420.983,6420.983,3.970379,0.10026986,1.090561e-08,-0.04129564,-0.00089450704,-9.871097,0.010714723,-0.010456564,0.008073456,43.212517,84.08478,75.63362,0.04193326,0.012282265,0.0019046661,35.632607,35.632607
337695798,3407890,3407890,0,0,0,0,0,0,0,0,800.0,800.0,6420.8394,6420.8394,4.105378,0.097640835,1.7534017e-08,-0.18608701,0.09468257,-9.885142,0.0067507694,-0.005142359,0.008890009,128.81795,220.31349,104.95039,0.07210754,0.026719712,0.0023146705,35.652508,35.652508
338740794,3407890,3407890,0,0,0,0,0,0,0,0,800.0,800.0,6420.8716,6420.8716,4.1614337,0.09747159,1.0917595e-08,-0.12886046,0.12634459,-9.925589,0.008894484,0.0213148,0.004669143,85.86254,232.63873,181.7779,0.075827315,0.02041564,0.003277621,35.64849,35.64849
339680794,3407890,3407890,0,0,0,0,0,0,0,0,800.0,800.0,6421.2046,6421.2046,4.1506734,0.103719905,1.2462787e-08,-0.24512647,0.11154652,-9.797625,0.0081174355,0.0074487426,0.010109194,59.074436,210.94962,101.690475,0.0789511,0.0208127,0.0031473187,35.63874,35.63874
340730803,3407890,3407890,0,0,0,0,0,0,0,0,800.0,800.0,6421.096,6421.096,4.0863543,0.09496106,1.2182279e-08,-0.28856677,0.0883523,-9.787115,-0.018007753,0.030878836,-0.0056259185,80.24087,155.50874,93.53172,0.045480456,0.016919494,0.002336816,35.64125,35.64125
341670796,3407890,3407890,0,0,0,0,0,0,0,0,800.0,800.0,6420.9673,6420.9673,4.571496,0.09688473,9.862742e-09,-0.09654537,0.19933118,-10.038019,0.04079605,-0.022996726,-0.002503725,73.500595,153.745,130.83186,0.064694814,0.011788364,0.0037098264,35.61769,35.61769
342715839,3407890,3407890,0,0,0,0,0,0,0,0,799.99744,799.99744,6421.1807,6421.1807,3.8082292,0.099445134,8.03196e-09,-0.17309086,0.26743978,-10.162204,0.01877737,-0.0091031045,0.0037121084,46.718277,104.58754,99.88311,0.03496176,0.0113056395,0.003948064,35.62332,35.62332
343660794,3407890,3407890,0,0,0,0,0,0,0,0,800.0,800.0,6421.179,6421.179,3.9999776,0.109858446,1.3972864e-08,-0.1405162,-0.15488216,-9.807218,0.018580472,-0.0031822976,0.011031568,59.787502,133.80598,233.21468,0.063597664,0.017245097,0.0037963737,35.597374,35.597374
344710794,3407890,3407890,0,0,0,0,0,0,0,0,800.0,800.0,6421.0547,6421.0547,3.843166,0.11445267,1.5366687e-08,-0.35821933,0.15493286,-9.973649,0.0037418203,0.023442825,-0.018323408,57.83371,139.05678,183.55382,0.069372475,0.014089208,0.0036068005,35.616035,35.616035
345755794,3407890,3407890,0,0,0,0,0,0,0,0,800.0,800.0,6421.144,6421.144,3.9153569,0.113316424,1.4525311e-08,-0.20427448,0.00902541,-10.083746,0.0048457854,0.018119125,-0.017629473,53.384537,111.18569,83.43475,0.057213426,0.013661127,0.0020330478,35.590496,35.590496
346700794,3407890,3407890,0,0,0,0,0,0,0,0,800.0,800.0,6421.1675,6421.1675,4.1490393,0.112653986,1.809381e-08,-0.21069516,0.2541835,-9.968715,-0.008079793,0.043450866,-0.002080455,72.589485,136.83884,104.33995,0.07100939,0.012569517,0.0025397541,35.579235,35.579235
347745793,3407890,3407890,0,0,0,0,0,0,0,0,800.00006,800.00006,6421.057,6421.057,4.1068425,0.11641663,1.4433493e-08,-0.22949558,0.24212016,-10.079908,0.030974703,-0.009070812,-0.0103617245,111.65851,207.28891,153.3972,0.070783645,0.015680699,0.0038850268,35.604973,35.604973
348680799,3407890,3407890,0,0,0,0,0,0,0,0,800.0,800.0,6421.1587,6421.1587,3.7753294,0.09848982,1.2632708e-08,-0.21402918,-0.024132192,-9.958873,-0.045889296,-0.016490348,0.0055241873,69.366394,103.44524,109.95733,0.03694031,0.020870863,0.0038018944,35.578133,35.578133
349730794,3407890,3407890,0,0,0,0,0,0,0,0,800.0,800.0,6421.148,6421.148,4.321779,0.08973485,1.506745e-08,-0.2910154,0.20433703,-9.969232,0.017409857,-0.012534231,-0.0015946565,79.27262,215.03407,248.31137,0.094015814,0.027997788,0.0070423256,35.570343,35.570343
350675795,3407890,3407890,0,0,0,0,0,0,0,0,800.0,800.0,6421.066,6421.066,4.152109,0.09881201,1.0031515e-08,-0.40614036,0.1600819,-9.825924,0.03311465,0.031139119,0.010521068,26.184269,86.00418,96.9055,0.039339356,0.009754772,0.0024782245,35.557896,35.557896
351725795,3407890,3407890,0,0,0,0,0,0,0,0,800.0,800.0,6421.116,6421.116,4.153396,0.10082136,1.1107591e-08,-0.36892,0.085574485,-9.84435,-0.0051945876,0.032740388,0.0029189615,49.26735,125.46658,139.8299,0.04669662,0.01508743,0.0047867806,35.55968,35.55968
352670795,3407890,3407890,0,0,0,0,0,0,0,0,800.0,800.0,6421.0596,6421.0596,4.1509,0.101668,1.3707342e-08,-0.26567337,0.07099393,-9.835923,0.030720206,0.010980058,-0.002700708,42.808475,195.8802,122.32091,0.06592664,0.01306485,0.0028292078,35.525997,35.525997
353720795,3407890,3407890,0,0,0,0,0,0,0,0,800.0,800.0,6421.028,6421.028,4.2739186,0.09728164,8.716731e-09,-0.37204096,0.18033509,-9.98887,0.014412655,0.0020487355,-0.00202987,31.743507,96.50011,60.765945,0.024224086,0.008285853,0.0016527637,35.55989,35.55989
354665796,3407890,3407890,0,0,0,0,0,0,0,0,800.0,800.0,6421.1006,6421.1006,4.317094,0.092240795,2.2194225e-08,-0.18415605,0.05679219,-10.027085,0.014071624,-0.036049318,0.009286289,132.25223,348.57904,217.82407,0.10713105,0.02096393,0.008257503,35.529884,35.529884
355710793,3407890,3407890,0,0,0,0,0,0,0,0,800.0,800.0,6421.0366,6421.0366,4.3297496,0.106842235,2.5684532e-08,-0.14541109,-0.03452655,-9.89309,0.019499458,0.040971894,-0.017986748,109.74438,235.64403,220.15762,0.10532876,0.028708922,0.007334295,35.53598,35.53598
356655793,3407890,3407890,0,0,0,0,0,0,0,0,800.0,800.0,6421.096,6421.096,4.0811152,0.09562949,9.501775e-09,-0.3901066,0.056197282,-9.759394,0.0067169215,0.02463366,0.004018483,58.168938,118.82337,164.67262,0.052433915,0.011544537,0.004952178,35.532787,35.532787
357705831,3407890,3407890,0,0,0,0,0,0,0,0,800.0,800.0,6421.064,6421.064,3.9621913,0.10043439,1.1440458e-08,-0.3867755,-0.054299664,-9.644353,0.033209838,0.020107528,0.0044686715,71.121376,162.36583,90.16112,0.047507796,0.013195026,0.0034071398,35.5201,35.5201
358750800,3407890,3407890,0,0,0,0,0,0,0,0,800.0,800.0,6421.0425,6421.0425,4.088293,0.10361864,1.9684672e-08,-0.22932692,0.06194491,-9.942795,-0.0029434194,-0.030355498,-0.00080179423,69.98246,157.27547,111.32482,0.060595535,0.018953426,0.0032279107,35.52036,35.52036
359695797,3407890,3407890,0,0,0,0,0,0,0,0,800.0,800.0,6421.059,6421.059,4.3428264,0.09807935,1.4210862e-08,-0.19734147,0.17882994,-10.178664,-0.0011920553,5.6558783e-05,0.010907227,98.21328,138.97183,238.92816,0.05650164,0.020222088,0.0034245593,35.520035,35.520035
360745795,3407890,3407890,0,0,0,0,0,0,0,0,800.0,800.0,6421.002,6421.002,4.1958194,0.10277459,1.458594e-08,-0.23152335,0.055169564,-9.709463,0.03265587,-0.018252054,-0.0069107236,58.15139,166.86172,229.94525,0.053529248,0.012156219,0.004770269,35.486126,35.486126
361690795,3407890,3407890,0,0,0,0,0,0,0,0,800.0,800.0,6421.072,6421.072,4.068707,0.09811536,1.6539511e-08,-0.2710143,0.09163278,-9.661726,0.0055020005,0.035943147,0.020385476,49.7115,159.41928,169.83817,0.056507114,0.014982915,0.0046350094,35.496944,35.496944
362735795,3407890,3407890,0,0,0,0,0,0,0,0,800.0,800.0,6421.014,6421.014,3.5845575,0.10666599,8.293919e-09,-0.41034666,0.0013637766,-9.769171,0.0120428875,0.005592313,0.009506893,40.146374,69.90584,60.52425,0.023396151,0.008180008,0.0025250653,35.497765,35.497765
363675794,3407890,3407890,0,0,0,0,0,0,0,0,800.0,800.0,6421.088,6421.088,3.4765103,0.11160986,1.3832598e-08,-0.44253778,-0.06606102,-9.854923,0.01876058,-0.015985679,-0.022315778,97.72987,148.0207,218.99747,0.06764282,0.014719972,0.0043339976,35.492096,35.492096
364725795,3407890,3407890,0,0,0,0,0,0,0,0,800.0,800.0,6421.038,6421.038,3.8407824,0.09764349,1.1340292e-08,0.13897626,0.06503721,-10.142551,0.027625266,-0.0225611,-0.013503677,50.173565,100.17892,85.66848,0.029639373,0.008645702,0.002657688,35.47562,35.47562
365665796,3407890,3407890,0,0,0,0,0,0,0,0,800.0,800.0,6421.1113,6421.1113,3.8318875,0.097100966,1.1395586e-08,-0.39280558,-0.19502625,-9.691974,0.010507392,0.018182196,-0.0029170164,48.26692,57.785316,69.53269,0.028386282,0.010775317,0.003259285,35.466225,35.466225
366705795,3407890,3407890,0,0,0,0,0,0,0,0,800.0,800.0,6421.075,6421.075,4.254696,0.091655396,8.689074e-09,-0.3534666,-0.06494763,-9.861672,0.0087758815,0.0077910726,0.017174933,62.57504,149.18604,231.56918,0.04603942,0.00884031,0.0027779995,35.465397,35.465397
367745796,3407890,3407890,0,0,0,0,0,0,0,0,800.0,800.0,6421.0767,6421.0767,4.365866,0.091023736,1.2669308e-08,-0.25654763,0.04638741,-9.820966,0.022005383,0.0010198951,0.0075842445,116.70549,108.25337,202.52153,0.04279072,0.017525768,0.0033111724,35.45928,35.45928
368685804,3407890,3407890,0,0,0,0,0,0,0,0,800.0,800.0,6421.042,6421.042,4.016127,0.09749015,1.5343113e-08,-0.3669846,0.01146839,-9.686167,-0.026501637,0.0063750627,0.002019667,80.49713,235.15794,210.41339,0.08161019,0.020619787,0.0043139854,35.456554,35.456554
369735801,3407890,3407890,0,0,0,0,0,0,0,0,800.0,800.0,6421.077,6421.077,4.387753,0.09603043,1.4498792e-08,-0.13837579,0.14858279,-9.80955,0.013432803,-0.0079570655,0.0096427975,122.85109,157.9353,372.65732,0.07228069,0.026556969,0.0055441116,35.447258,35.447258
370670795,3407890,3407890,0,0,0,0,0,0,0,0,800.0,800.0,6421.028,6421.028,3.9660819,0.110614,1.9677111e-08,-0.40253192,0.14419128,-9.779421,0.00085547776,0.0503291,0.0058990014,70.60966,205.57008,191.89088,0.079341516,0.02155863,0.0030751168,35.438675,35.438675
371715806,3407890,3407890,0,0,0,0,0,0,0,0,800.0,800.0,6421.0586,6421.0586,4.1102586,0.10942387,1.37105225e-08,-0.14805147,-0.091835305,-9.9062195,0.0008357155,0.026449356,-0.0046986723,61.805626,142.86522,132.6361,0.06986639,0.016059432,0.005653413,35.446846,35.446846
372660796,3407890,3407890,0,0,0,0,0,0,0,0,800.0,800.0,6421.0215,6421.0215,4.064711,0.1073331,1.5644607e-08,-0.20049956,0.13485384,-10.001186,-0.0020362812,0.03340423,0.002230264,74.130905,163.99344,123.96716,0.07372352,0.017983994,0.0028416654,35.442963,35.442963
373705794,3407890,3407890,0,0,0,0,0,0,0,0,800.0,800.0,6421.055,6421.055,3.9234455,0.10666148,1.5777035e-08,-0.0729027,-0.13872087,-9.776536,0.06278279,-0.033605583,-0.0021239682,83.21963,111.41975,190.39417,0.053620428,0.015460771,0.0036297548,35.4209,35.4209
374745799,3407890,3407890,0,0,0,0,0,0,0,0,800.0,800.0,6421.0596,6421.0596,4.4589596,0.101555824,1.4515823e-08,-0.34299773,0.02734378,-9.998398,-0.0064538573,-0.014178812,-0.006853247,65.896645,135.38266,229.49292,0.07177516,0.026224982,0.0054919724,35.40809,35.40809
375690795,3407890,3407890,0,0,0,0,0,0,0,0,800.0,800.0,6421.055,6421.055,4.542417,0.100774206,1.7063542e-08,-0.3545119,-0.09664486,-9.961211,0.012190852,0.026551615,0.010337649,95.45048,138.31137,241.99571,0.07603834,0.024232209,0.004223621,35.405518,35.405518
376740795,3407890,3407890,0,0,0,0,0,0,0,0,800.0,800.0,6421.0684,6421.0684,4.279648,0.09938527,1.2868322e-08,-0.5547785,0.066030376,-9.886797,0.00509793,0.031377472,0.017138032,88.19436,96.30521,210.98648,0.054420095,0.012301039,0.003418041,35.422714,35.422714
377685796,3407890,3407890,0,0,0,0,0,0,0,0,800.0,800.0,6421.039,6421.039,4.069137,0.10777128,1.6946334e-08,-0.25896665,0.01533175,-9.953619,0.025735158,0.024775581,0.003157782,58.57537,187.28244,134.92609,0.07088086,0.01637052,0.0033191785,35.39907,35.39907
378735796,3407890,3407890,0,0,0,0,0,0,0,0,800.0,800.0,6421.0693,6421.0693,4.2400618,0.113546126,1.571042e-08,-0.07686023,-0.065359645,-9.760089,0.036539815,-0.008034761,-0.016607817,59.06407,307.92984,180.931,0.10660459,0.027001549,0.0051155095,35.384514,35.384514
379680795,3407890,3407890,0,0,0,0,0,0,0,0,800.0,800.0,6421.0635,6421.0635,4.3242517,0.108406454,1.1332064e-08,-0.45347714,-0.2159164,-9.977099,0.028142981,-0.018152177,-0.012167193,44.234596,150.2746,184.52698,0.067182,0.017791318,0.0037529643,35.354336,35.354336
380720813,3407890,3407890,0,0,0,0,0,0,0,0,800.0,800.0,6421.0522,6421.0522,4.132656,0.10672162,1.2286299e-08,-0.2479573,-0.13258262,-9.680621,0.020540372,-0.012880031,-0.0075904825,65.85602,139.99548,173.54572,0.06524019,0.023178747,0.0044692243,35.3917,35.3917
381665795,3407890,3407890,0,0,0,0,0,0,0,0,800.0,800.0,6421.0703,6421.0703,4.129306,0.10194213,1.8465862e-08,-0.5119205,0.20944358,-9.831505,0.018405749,0.048278697,0.012879235,105.692406,185.4634,187.20245,0.05822063,0.021465912,0.00496043,35.39712,35.39712
382715820,3407890,3407890,0,0,0,0,0,0,0,0,800.0,800.0,6421.065,6421.065,4.1741023,0.09723848,1.2201325e-08,-0.3432518,0.0031022734,-9.595452,0.045313753,-0.024332589,-0.010414508,43.394016,87.506424,75.83001,0.040917285,0.014938426,0.0026669372,35.374584,35.374584
383660794,3407890,3407890,0,0,0,0,0,0,0,0,800.0,800.0,6421.0728,6421.0728,4.2308664,0.09797558,1.0761675e-08,-0.32051995,0.041140925,-9.770099,-0.023868976,0.0017160805,-0.0014862164,53.23705,139.76512,112.36225,0.043433532,0.013043762,0.0039920304,35.351505,35.351505
384705806,3407890,3407890,0,0,0,0,0,0,0,0,800.0,800.0,6421.0674,6421.0674,4.0828066,0.10247812,1.31178055e-08,-0.19658038,-0.20219761,-9.657561,0.014003794,-0.027607592,0.012778943,73.92623,152.32155,184.83456,0.06857127,0.020251252,0.004619407,35.359005,35.359005
385750806,3407890,3407890,0,0,0,0,0,0,0,0,800.0,800.0,6421.0566,6421.0566,4.4290876,0.10947868,2.0361817e-08,-0.11612837,-0.060019344,-10.1579485,-0.0015163587,0.02411028,0.0038920862,131.16019,246.14726,215.9759,0.10077448,0.025807202,0.0044662175,35.337418,35.337418
386690797,3407890,3407890,0,0,0,0,0,0,0,0,800.0,800.0,6421.049,6421.049,4.158856,0.103063144,1.7161064e-08,-0.35152078,0.2480881,-9.93344,0.024381146,0.008113167,-0.009895326,113.243065,259.38718,174.74435,0.081192866,0.023894634,0.004621806,35.34251,35.34251
387740798,3407890,3407890,0,0,0,0,0,0,0,0,800.0,800.0,6421.065,6421.065,4.1547637,0.10683456,1.43164645e-08,-0.3234383,0.15741803,-9.633781,0.014674964,0.021035379,0.0069348407,50.84316,49.973152,77.31067,0.025672797,0.01482593,0.0026122113,35.316525,35.316525
388675796,3407890,3407890,0,0,0,0,0,0,0,0,800.0,800.0,6421.051,6421.051,4.226238,0.09976756,1.20472645e-08,-0.18000402,0.12512538,-9.6865,0.02380733,-0.030152893,-0.010800501,61.32766,117.56174,137.24986,0.03731492,0.017023902,0.0020721105,35.3142,35.3142
389720794,3407890,3407890,0,0,0,0,0,0,0,0,800.0,800.0,6421.0596,6421.0596,4.3808627,0.09873395,1.8473731e-08,-0.6450718,0.10526127,-9.798451,0.021583097,-0.022390924,-0.0015852549,151.70886,303.88428,283.7368,0.11065897,0.05165493,0.010174785,35.33014,35.33014
390660794,3407890,3407890,0,0,0,0,0,0,0,0,800.0,800.0,6421.061,6421.061,4.5900483,0.09140941,1.1698224e-08,-0.21529646,0.08940646,-9.917885,-0.006331152,0.008527545,0.017956436,57.374706,152.41779,184.18442,0.063287616,0.02158857,0.0037095132,35.32542,35.32542
391710794,3407890,3407890,0,0,0,0,0,0,0,0,800.0,800.0,6421.0435,6421.0435,4.381684,0.095795795,1.2539776e-08,-0.3839776,0.06009049,-9.99425,0.0220027,0.004263597,-0.0067974874,60.72177,116.44034,175.6032,0.052276026,0.01728407,0.0038460013,35.319893,35.319893
392750801,3407890,3407890,0,0,0,0,0,0,0,0,800.0,800.0,6421.061,6421.061,4.501838,0.108491965,2.0024162e-08,-0.33912024,0.17371951,-9.872073,0.023205353,0.039105825,0.008199828,68.19864,114.636665,108.542076,0.05027076,0.015951233,0.0032501891,35.315716,35.315716
393695796,3407890,3407890,0,0,0,0,0,0,0,0,800.0,800.0,6421.068,6421.068,4.962341,0.110965416,2.1453472e-08,-0.16401927,-0.05490007,-10.1166725,0.0010604465,-0.0215695,0.007919413,173.83441,287.68973,268.67203,0.12674695,0.028873898,0.007052576,35.3174,35.3174
394745794,3407890,3407890,0,0,0,0,0,0,0,0,800.0,800.0,6421.042,6421.042,4.285393,0.11376914,1.6042685e-08,-0.32614595,-0.08285639,-9.786641,0.0129178185,0.0033642843,-0.023708578,67.30118,163.36723,139.19405,0.05961038,0.024070753,0.003518689,35.299953,35.299953
395690794,3407890,3407890,0,0,0,0,0,0,0,0,800.0,800.0,6421.048,6421.048,4.5133753,0.10914867,1.797279e-08,-0.3394303,0.09575454,-9.85413,0.0131527195,-0.02863489,-0.0022643574,102.89592,219.84756,253.21338,0.081360355,0.02320772,0.0048116595,35.28138,35.28138
396740798,3407890,3407890,0,0,0,0,0,0,0,0,800.0,800.0,6421.074,6421.074,4.311996,0.103095934,9.221344e-09,0.021870645,0.17465083,-9.998851,0.0012176493,0.012050542,0.014731647,59.974293,148.67383,178.70276,0.050376866,0.018179132,0.0053817015,35.28974,35.28974
397675810,3407890,3407890,0,0,0,0,0,0,0,0,800.0,800.0,6421.064,6421.064,4.2865324,0.1036721,1.1181079e-08,-0.26445577,-0.038755722,-9.725088,0.029539276,-0.0014798217,-0.011063839,46.844482,152.87244,143.4173,0.06142371,0.011542585,0.004020522,35.26366,35.26366
398720795,3407890,3407890,0,0,0,0,0,0,0,0,800.0,800.0,6421.053,6421.053,4.437311,0.10262114,1.9603405e-08,-0.23561823,-0.22823705,-9.649804,0.03286696,0.017299514,0.0051203216,89.93807,174.12907,226.86458,0.07277737,0.019164937,0.006471322,35.292065,35.292065
399655794,3407890,3407890,0,0,0,0,0,0,0,0,800.0,800.0,6421.072,6421.072,4.3303223,0.10551962,1.5351985e-08,-0.33639565,0.03090933,-9.992469,0.03464489,0.029302383,-0.004906439,105.283226,274.95782,302.29007,0.09631092,0.021875817,0.006557047,35.28648,35.28648
400700794,3407890,3407890,0,0,0,0,0,0,0,0,800.0,800.0,6421.064,6421.064,3.9522014,0.10941453,9.762264e-09,-0.32919043,0.29476187,-9.822255,-0.0013130542,0.0043353536,-0.00027457438,66.250336,182.39612,178.93524,0.047381073,0.01620695,0.006646131,35.265408,35.265408
401750811,3407890,3407890,0,0,0,0,0,0,0,0,800.0,800.0,6421.075,6421.075,4.0607905,0.111345746,1.8497925e-08,-0.37715474,0.13205475,-9.884273,0.02589233,-0.02182913,-0.0012295076,70.66539,222.01486,222.2811,0.08875965,0.02315941,0.0056457636,35.263607,35.263607
402685799,3407890,3407890,0,0,0,0,0,0,0,0,800.0,800.0,6421.0566,6421.0566,4.1937733,0.102557026,1.4243239e-08,-0.25171235,0.1891437,-9.89853,0.014359251,0.02175952,-0.013622318,99.387245,248.35815,151.06645,0.09063364,0.016451214,0.003652448,35.247738,35.247738
403725796,3407890,3407890,0,0,0,0,0,0,0,0,800.0,800.0,6421.054,6421.054,4.162327,0.105581634,1.4430115e-08,0.012457107,-0.3018866,-9.573883,0.012320512,0.017035306,0.0010459304,78.75414,209.8227,214.0006,0.08869605,0.01935183,0.0047253016,35.249664,35.249664
404670797,3407890,3407890,0,0,0,0,0,0,0,0,800.0,800.0,6421.0615,6421.0615,4.169973,0.11034991,1.2956695e-08,-0.46560258,0.14428078,-9.790144,0.018688614,0.016422585,0.0014355133,46.5562,82.34142,86.29672,0.031517472,0.015819209,0.001379658,35.251984,35.251984
405720794,3407890,3407890,0,0,0,0,0,0,0,0,800.0,800.0,6421.0605,6421.0605,4.2755146,0.10155078,1.3593841e-08,-0.3347416,0.22575352,-9.801481,-0.004308582,0.026432363,-0.0050942022,103.17376,188.52469,273.41605,0.055396542,0.01945067,0.0053069107,35.251667,35.251667
406665797,3407890,3407890,0,0,0,0,0,0,0,0,800.0,800.0,6421.0547,6421.0547,4.2455726,0.09908159,1.15068035e-08,-0.18649864,-0.03096878,-9.808833,-0.0095765665,-0.014967545,-0.0005381906,78.64339,113.44029,164.35353,0.04059049,0.018802913,0.0032367692,35.236553,35.236553
407710793,3407890,3407890,0,0,0,0,0,0,0,0,800.0,800.0,6421.054,6421.054,4.529865,0.09945646,2.3994442e-08,-0.22197361,-0.093844146,-10.130121,-0.0008542209,-0.046671685,0.0030625807,79.74866,171.26007,486.94568,0.08217097,0.020972451,0.007558124,35.234238,35.234238
408760794,3407890,3407890,0,0,0,0,0,0,0,0,800.0,800.0,6421.056,6421.056,4.053366,0.09260046,1.3547382e-08,-0.5248972,-0.1097508,-9.915785,0.002463017,0.040402867,0.007158042,87.365944,195.97012,143.10585,0.06855659,0.022527974,0.0035204673,35.2212,35.2212
409705793,3407890,3407890,0,0,0,0,0,0,0,0,800.0,800.0,6421.053,6421.053,3.9114292,0.100792214,9.213224e-09,-0.19402483,-0.026477905,-9.802959,0.031627927,0.018520229,0.0024948658,38.934753,97.68921,151.81332,0.03937794,0.011861832,0.003037942,35.219624,35.219624
410750799,3407890,3407890,0,0,0,0,0,0,0,0,800.0,800.0,6407.6455,6407.6455,4.3151703,0.104473315,1.6805576e-08,-0.45954394,-0.044446945,-9.835176,-0.0025604798,0.010578619,0.00031102018,86.30788,105.031456,218.63864,0.048675966,0.017691242,0.0039998908,35.220856,35.220856
411695794,3407890,3407890,0,0,0,0,0,0,0,0,800.0,800.0,6420.942,6420.942,4.3468676,0.09599738,7.653118e-09,-0.09992786,-0.026045784,-9.960036,0.006485352,-0.0060456134,-0.009825309,32.98174,66.988464,81.42549,0.02636066,0.00828171,0.001729134,35.197792,35.197792
412740792,3407890,3407890,0,0,0,0,0,0,0,0,800.0,800.0,6420.9893,6420.9893,4.3251905,0.08942289,8.472042e-09,-0.05721133,-0.12457486,-10.020604,0.011208408,0.0012433986,0.011098924,41.647102,90.2597,127.472496,0.039339688,0.012977785,0.0032222953,35.205547,35.205547
413675826,3407890,3407890,0,0,0,0,0,0,0,0,799.99976,799.99976,6420.3975,6420.3975,4.258355,0.09591635,1.0328355e-08,-0.25324064,-0.1129652,-9.694406,0.018139826,0.037829,-0.0040258155,60.23342,110.13419,160.47983,0.03851371,0.019045133,0.0039262963,35.19124,35.19124
414725803,3407890,3407890,0,0,0,0,0,0,0,0,800.0,800.0,6420.881,6420.881,4.2054467,0.096274815,1.9517136e-08,-0.07035364,0.049234416,-9.849119,-0.013184696,0.010430072,0.00928818,135.69255,146.85916,267.66855,0.06256626,0.035248134,0.006618579,35.2051,35.2051
415670795,3407890,3407890,0,0,0,0,0,0,0,0,800.0,800.0,6420.941,6420.941,4.131753,0.092940755,1.270879e-08,-0.30258292,-0.19280025,-9.902814,0.010343245,0.007828447,0.00032732,105.37141,159.69258,83.29666,0.05295811,0.025917316,0.0032482937,35.17713,35.17713
416715798,3407890,3407890,0,0,0,0,0,0,0,0,800.0,800.0,6420.9746,6420.9746,4.2835627,0.09334527,1.2304014e-08,-0.27726206,0.1405567,-9.979779,-0.003275587,0.015065166,0.010147852,113.85016,196.25766,230.39876,0.059179336,0.025774265,0.009126456,35.192516,35.192516
417755794,3407890,3407890,0,0,0,0,0,0,0,0,800.0,800.0,6420.828,6420.828,4.245671,0.0867186,1.2001674e-08,-0.32745224,-0.04516314,-9.746493,0.023404956,0.0025584737,-0.009462897,142.68901,152.3181,182.07501,0.053685676,0.021654569,0.004277737,35.168648,35.168648
418700795,3407890,3407890,0,0,0,0,0,0,0,0,800.0,800.0,6421.0654,6421.0654,4.401392,0.097365,1.4603621e-08,-0.32632694,-0.0077488334,-9.548103,0.02746908,0.017353397,-0.011043053,53.761463,84.974365,120.2242,0.031533334,0.010886544,0.0032365478,35.16425,35.16425
419745795,3407890,3407890,0,0,0,0,0,0,0,0,800.0,800.0,6421.092,6421.092,4.313543,0.09737972,2.234581e-08,-0.21810046,-0.056581855,-9.845822,0.009122568,-0.024193857,-0.01353086,160.36482,212.11345,361.56033,0.0739677,0.026301388,0.008970476,35.184456,35.184456
420680796,3407890,3407890,0,0,0,0,0,0,0,0,800.0,800.0,6420.9565,6420.9565,4.2651696,0.09895927,1.3080439e-08,-0.3837373,0.089270115,-9.893668,-0.006035128,0.027489416,0.013984651,48.799133,53.088566,106.71129,0.020156924,0.009324078,0.001589469,35.17596,35.17596
421720793,3407890,3407890,0,0,0,0,0,0,0,0,800.0,800.0,6420.994,6420.994,4.0962996,0.09732285,1.3792814e-08,-0.012041521,0.070759475,-9.824633,0.007820374,-0.011450921,-0.0028157947,65.03813,192.86876,214.30078,0.07358511,0.020591982,0.0031168794,35.17227,35.17227
422665794,3407890,3407890,0,0,0,0,0,0,0,0,800.0,800.0,6420.9624,6420.9624,4.1814895,0.09544173,1.3021177e-08,-0.21120866,-0.19973943,-9.84993,0.031349484,0.009359605,-0.006554349,73.880974,169.18663,137.20213,0.06532434,0.020886874,0.0038097592,35.147663,35.147663
423710795,3407890,3407890,0,0,0,0,0,0,0,0,800.0,800.0,6420.976,6420.976,4.295707,0.09620428,1.5715065e-08,-0.31790707,0.017196285,-9.950738,0.010923873,0.025170326,0.019036014,70.23014,76.329094,88.80826,0.032457106,0.017964598,0.0038024678,35.144264,35.144264
424755794,3407890,3407890,0,0,0,0,0,0,0,0,800.0,800.0,6420.956,6420.956,4.277367,0.10112122,1.300729e-08,-0.32835388,-0.19147125,-9.561618,-0.00035374364,-0.009468867,-0.00064570823,95.59054,181.58044,353.8277,0.06058797,0.022511892,0.008476398,35.146076,35.146076
425700794,3407890,3407890,0,0,0,0,0,0,0,0,800.0,800.0,6420.9146,6420.9146,4.7035265,0.11084088,2.006516e-08,-0.28266737,-0.20148562,-9.8067465,0.019055348,0.029369455,-0.0012354358,104.49556,130.90532,315.66125,0.058271468,0.017028179,0.0051419586,35.14107,35.14107
426750800,3407890,3407890,0,0,0,0,0,0,0,0,800.0,800.0,6420.992,6420.992,4.3762546,0.10685013,1.1699797e-08,-0.23436907,-0.055976856,-9.820126,0.025325311,0.0021482012,-0.0022029942,70.66402,154.3572,118.899,0.05754946,0.013651953,0.0040405807,35.12279,35.12279
427690797,3407890,3407890,0,0,0,0,0,0,0,0,800.0,800.0,6420.993,6420.993,4.2296166,0.10325561,1.3416382e-08,-0.107956246,-0.10668847,-10.078602,0.046165053,-0.001557726,-0.012817538,59.090767,213.80351,191.85751,0.0809376,0.026991997,0.0054731504,35.11846,35.11846
428735795,3407890,3407890,0,0,0,0,0,0,0,0,800.0,800.0,6421.0083,6421.0083,4.4539742,0.100367144,1.4011978e-08,-0.031277508,-0.10338209,-9.812054,0.0043580467,0.0050910944,-0.0043947916,114.89118,211.91573,164.32242,0.0703696,0.025025144,0.0038263889,35.131348,35.131348
429675795,3407890,3407890,0,0,0,0,0,0,0,0,800.0,800.0,6421.019,6421.019,4.4406686,0.105179965,1.3084789e-08,-0.3231069,0.33236519,-9.6850815,-0.025385978,0.00689256,0.0085056,85.883026,244.21097,251.27101,0.07567973,0.02857486,0.005367745,35.117847,35.117847
430720794,3407890,3407890,0,0,0,0,0,0,0,0,800.0,800.0,6421.0347,6421.0347,4.632585,0.10096155,1.5361177e-08,-0.31708825,0.38327056,-10.085165,0.003901416,-0.024549242,0.011639482,70.409515,177.02931,152.54681,0.05914184,0.017214365,0.0045636864,35.108204,35.108204
431660794,3407890,3407890,0,0,0,0,0,0,0,0,800.0,800.0,6421.0234,6421.0234,4.330886,0.09361808,1.3301485e-08,-0.254629,0.14450486,-9.813799,0.0064409357,0.0072358227,-0.0063175755,165.30202,190.67424,276.52493,0.055958923,0.02137995,0.004286502,35.08361,35.08361
432705797,3407890,3407890,0,0,0,0,0,0,0,0,800.0,800.0,6421.016,6421.016,4.7072387,0.10263744,1.7213003e-08,-0.501836,-0.30424565,-9.748697,0.0075211967,0.023065673,0.0087609375,57.983757,326.11365,169.49577,0.102280356,0.030944403,0.0039160727,35.106487,35.106487
433750798,3407890,3407890,0,0,0,0,0,0,0,0,800.0,800.0,6421.0312,6421.0312,4.6169906,0.09437408,2.1507859e-08,-0.061514553,0.21785742,-9.982135,0.014542766,-0.04092438,-0.013989362,171.99268,356.00565,273.76575,0.10536265,0.027633525,0.005669747,35.07616,35.07616
434690794,3407890,3407890,0,0,0,0,0,0,0,0,800.0,800.0,6421.0376,6421.0376,4.4383993,0.09609997,1.3566606e-08,-0.10538035,-0.039996058,-9.748545,-0.01833702,-0.0090320315,0.007281226,49.959007,140.64716,221.75035,0.056798615,0.014854383,0.0047368063,35.0878,35.0878
435740795,3407890,3407890,0,0,0,0,0,0,0,0,800.0,800.0,6421.027,6421.027,4.5483317,0.10255652,1.2699891e-08,-0.3850178,-0.007120172,-9.861129,0.018362727,0.008329102,0.0028128885,55.367798,100.825134,106.94909,0.046013996,0.013211161,0.0031857977,35.068047,35.068047
436680794,3407890,3407890,0,0,0,0,0,0,0,0,800.0,800.0,6421.026,6421.026,4.3707495,0.10678392,1.3514549e-08,-0.25496417,0.35427436,-9.854731,0.008298079,0.019514602,0.0029052675,51.1826,109.06885,146.3418,0.044899736,0.018097045,0.0029535375,35.06259,35.06259
437730794,3407890,3407890,0,0,0,0,0,0,0,0,800.0,800.0,6421.0327,6421.0327,4.2455583,0.10480716,1.6476775e-08,-0.07894518,-0.13070695,-9.818335,0.030017959,-0.010269515,0.0030969235,108.326935,222.48346,213.15225,0.07206317,0.030138303,0.005642275,35.05774,35.05774
438675794,3407890,3407890,0,0,0,0,0,0,0,0,800.0,800.0,6421.044,6421.044,3.9881139,0.10570344,1.4097649e-08,-0.28749597,0.0031812538,-10.113996,0.001480677,-0.015535089,0.0032628702,129.59422,187.32704,261.872,0.057111908,0.020193862,0.0042043226,35.060852,35.060852
439725795,3407890,3407890,0,0,0,0,0,0,0,0,800.0,800.0,6421.0195,6421.0195,3.8743415,0.103425264,1.066568e-08,-0.40165484,0.1701986,-9.88729,-0.023166763,-0.016124042,-0.00083068386,62.966686,98.08707,88.23035,0.043522242,0.009667512,0.00333973,35.063076,35.063076
440670795,3407890,3407890,0,0,0,0,0,0,0,0,800.0,800.0,6421.017,6421.017,4.3274903,0.11175042,2.2828408e-08,-0.33979502,0.06901372,-10.055374,-0.005716332,-0.016021498,-0.0064406428,122.65499,339.57095,312.6246,0.123077996,0.022711117,0.0056739235,35.036774,35.036774
441720798,3407890,3407890,0,0,0,0,0,0,0,0,800.0,800.0,6421.0156,6421.0156,4.2588654,0.108169384,1.6207165e-08,-0.06346789,-0.24832553,-9.846585,0.018693715,0.01725487,-0.0030927395,67.01524,232.70302,85.58147,0.10328106,0.02933616,0.0032391893,35.02746,35.02746
442660825,3407890,3407890,0,0,0,0,0,0,0,0,799.99896,799.99896,6421.0503,6421.0503,4.251958,0.108748816,1.3025076e-08,-0.1616887,0.18236135,-10.072751,0.011542221,0.007245989,-0.00021500072,49.705,108.0922,111.509735,0.03656091,0.008545896,0.0016827654,35.05686,35.05686
443710793,3407890,3407890,0,0,0,0,0,0,0,0,800.0,800.0,6421.055,6421.055,4.082318,0.097282276,1.38348595e-08,-0.18687119,-0.11542774,-9.671872,0.00062299997,-0.05269064,0.0013700232,91.38944,212.56184,156.96547,0.08011138,0.020397503,0.005024577,35.02405,35.02405
444755795,3407890,3407890,0,0,0,0,0,0,0,0,800.0,800.0,6421.0547,6421.0547,4.2322674,0.10532004,1.44154555e-08,0.09677356,-0.0060023023,-10.243845,-0.008367075,-0.0034155622,-0.010619961,53.431168,218.1528,130.84932,0.08369459,0.022942826,0.0031118894,35.000103,35.000103
445695794,3407890,3407890,0,0,0,0,0,0,0,0,800.0,800.0,6421.078,6421.078,3.8414028,0.10688862,9.821608e-09,-0.16023992,0.15046272,-9.9276285,0.020950813,0.010546486,0.00376218,38.867165,81.28074,72.439224,0.024890698,0.006033899,0.001820807,35.02611,35.02611
446735805,3407890,3407890,0,0,0,0,0,0,0,0,799.99994,799.99994,6421.0596,6421.0596,3.861659,0.09767574,1.1521419e-08,-0.2633016,-0.13662401,-9.829898,0.0064565027,-0.03573222,0.0053002355,31.298384,67.4632,62.08945,0.028759023,0.008046116,0.0021763896,35.036503,35.036503
447675808,3407890,3407890,0,0,0,0,0,0,0,0,800.0,800.0,6421.055,6421.055,4.568184,0.1144284,2.1583288e-08,-0.13966237,-0.31887436,-9.923811,0.020330157,0.016528115,0.0023660248,127.83736,440.74173,288.399,0.119835116,0.022069514,0.0057956455,34.994873,34.994873
448720804,3407890,3407890,0,0,0,0,0,0,0,0,800.0,800.0,6421.05,6421.05,4.310992,0.111208856,1.9515715e-08,-0.06517832,0.21506421,-9.983934,-0.00730066,0.018909588,-0.005846808,90.4699,340.40775,203.19177,0.12018685,0.02708791,0.0077367807,34.998116,34.998116
449760794,3407890,3407890,0,0,0,0,0,0,0,0,800.0,800.0,6421.0522,6421.0522,4.235585,0.09919195,7.4354487e-09,-0.19637614,0.040833984,-9.956846,0.016465137,-0.0023799248,-4.927804e-05,50.25485,136.05304,91.87363,0.028542014,0.009152533,0.003764409,34.96184,34.96184
450705794,3407890,3407890,0,0,0,0,0,0,0,0,800.0,800.0,6421.083,6421.083,4.1694727,0.10401001,1.7574505e-08,-0.27276748,-0.12175319,-10.15456,0.0010459722,-0.03792932,-0.009148751,52.171993,168.21129,286.4608,0.072764374,0.016854689,0.0034314026,34.97686,34.97686
451745798,3407890,3407890,0,0,0,0,0,0,0,0,800.0,800.0,6421.0576,6421.0576,4.503237,0.10179815,2.0664029e-08,-0.20951426,0.40233636,-9.79749,0.012418933,0.02778723,0.011133746,93.38361,183.92581,310.0289,0.08021607,0.028663287,0.00530804,34.978943,34.978943
452690795,3407890,3407890,0,0,0,0,0,0,0,0,800.0,800.0,6421.0654,6421.0654,4.683354,0.109754026,1.1412209e-08,-0.2788996,0.013479485,-10.009584,-0.010478619,0.0078012375,-0.013737817,64.23529,98.64837,142.04858,0.048482276,0.022959191,0.0042912643,34.955067,34.955067
453735794,3407890,3407890,0,0,0,0,0,0,0,0,800.0,800.0,6421.0674,6421.0674,4.274192,0.09875287,1.0255106e-08,-0.066496655,-0.08720087,-9.697908,-0.029034331,0.008920694,0.0054331897,93.36699,217.31235,278.033,0.07748317,0.027608072,0.012503481,34.977604,34.977604
454670794,3407890,3407890,0,0,0,0,0,0,0,0,800.0,800.0,6421.0527,6421.0527,4.140167,0.09948408,1.0163195e-08,-0.29187506,0.16139397,-9.954871,0.03447718,-0.0049540903,0.0010470932,26.123556,96.855896,70.72804,0.037317425,0.009767855,0.0017879466,34.959496,34.959496
455715808,3407890,3407890,0,0,0,0,0,0,0,0,800.0,800.0,6421.068,6421.068,4.291934,0.10131092,1.5245423e-08,-0.2194076,0.05088426,-10.010684,0.016830198,-0.058853153,0.0027749247,37.243534,87.323105,93.81153,0.04660092,0.011815592,0.0022375367,34.95098,34.95098
456760796,3407890,3407890,0,0,0,0,0,0,0,0,800.0,800.0,6421.0664,6421.0664,4.560269,0.112963475,1.2470666e-08,-0.26434457,-0.1068618,-9.81159,0.01922005,-0.01718982,0.019226147,70.39662,231.0655,177.13213,0.0964783,0.016974369,0.004992623,34.92751,34.92751
457700793,3407890,3407890,0,0,0,0,0,0,0,0,800.0,800.0,6421.0894,6421.0894,4.0659127,0.11158167,8.959592e-09,-0.17651974,-0.08282337,-9.926522,-0.010491615,0.0047637033,-0.01687338,43.77341,68.74167,58.863697,0.043731965,0.012797333,0.0028839472,34.944557,34.944557
458745796,3407890,3407890,0,0,0,0,0,0,0,0,800.0,800.0,6421.0903,6421.0903,4.062282,0.10574361,1.091748e-08,-0.14864442,0.000948991,-9.827131,0.016585235,-0.010900572,-0.009781954,40.809643,84.49429,84.40265,0.031625316,0.009174387,0.0016426574,34.938427,34.938427
459680794,3407890,3407890,0,0,0,0,0,0,0,0,800.0,800.0,6421.072,6421.072,4.2281356,0.11018371,1.3401509e-08,-0.38394096,0.079307765,-9.747637,0.024170486,0.010907461,-0.0032825489,51.73591,212.13391,249.50835,0.06558841,0.016104003,0.0039057105,34.95469,34.95469
460730796,3407890,3407890,0,0,0,0,0,0,0,0,800.0,800.0,6421.0786,6421.0786,4.179931,0.11050812,1.3617525e-08,-0.20432328,0.04613241,-9.820496,0.004728776,-0.015475567,-0.004690975,52.56576,174.59328,159.24875,0.061772384,0.019142976,0.0025487635,34.92614,34.92614
461665802,3407890,3407890,0,0,0,0,0,0,0,0,800.0,800.0,6421.0737,6421.0737,4.3057985,0.10550442,1.10777965e-08,-0.16671428,0.041574065,-10.062259,-0.013096817,-0.0063655702,0.0071186614,80.28607,79.84561,193.91383,0.028583003,0.014325982,0.003561344,34.92509,34.92509
462710794,3407890,3407890,0,0,0,0,0,0,0,0,800.0,800.0,6421.087,6421.087,4.4728465,0.09913762,1.5785636e-08,-0.03930291,0.10110333,-10.048016,-0.012373221,-0.010311077,-0.00016932438,116.019135,294.4195,269.64954,0.115908,0.0230665,0.005744651,34.89898,34.89898
463755795,3407890,3407890,0,0,0,0,0,0,0,0,800.0,800.0,6421.108,6421.108,4.22214,0.09406055,1.2311716e-08,-0.36989304,-0.03678862,-9.62595,0.016564932,0.03146402,0.0024809344,72.88102,101.805176,137.15439,0.036822546,0.019322013,0.0034214552,34.912064,34.912064
464695796,3407890,3407890,0,0,0,0,0,0,0,0,800.0,800.0,6421.1,6421.1,3.9748538,0.091945186,9.420431e-09,-0.16721773,0.0137180425,-9.795452,0.004608196,0.017129902,0.0071176216,64.52512,105.748276,144.21019,0.045308635,0.023688689,0.0053178202,34.895,34.895
465740798,3407890,3407890,0,0,0,0,0,0,0,0,800.0,800.0,6421.0903,6421.0903,4.0398655,0.0978003,1.4486904e-08,-0.2095776,0.36622795,-10.05,-0.030807659,-0.016853785,0.0014290955,83.201355,219.71123,213.83495,0.06627468,0.01894822,0.0036300232,34.8978,34.8978
466675801,3407890,3407890,0,0,0,0,0,0,0,0,800.0,800.0,6421.0913,6421.0913,4.2546988,0.09643647,1.5433162e-08,-0.56164986,-0.14397573,-10.096429,0.03627409,-0.022087296,-0.016334694,78.213196,115.84392,351.80734,0.049567875,0.02013962,0.004532638,34.897614,34.897614
467720794,3407890,3407890,0,0,0,0,0,0,0,0,800.0,800.0,6421.1064,6421.1064,3.8977792,0.090452276,1.0775662e-08,-0.27329734,0.18578973,-9.844453,-0.016879931,-6.6066525e-05,0.016838545,54.75057,121.13823,79.906654,0.041748513,0.021091398,0.0030751969,34.88162,34.88162
468660795,3407890,3407890,0,0,0,0,0,0,0,0,800.0,800.0,6421.1133,6421.1133,4.338076,0.0909964,1.1593049e-08,-0.33923596,-0.20717427,-9.797529,0.035784647,0.011478777,-0.00660596,103.25077,181.12772,255.01927,0.060160626,0.021689173,0.008031065,34.86349,34.86349
469700796,3407890,3407890,0,0,0,0,0,0,0,0,800.0,800.0,6421.094,6421.094,3.9956386,0.096818395,1.5413447e-08,-0.2896659,0.22112662,-9.874577,0.028530458,0.0065317075,-0.00044728915,136.26094,186.98116,176.77455,0.05750493,0.034901164,0.0040164934,34.865738,34.865738
470750801,3407890,3407890,0,0,0,0,0,0,0,0,800.0,800.0,6421.101,6421.101,4.4758525,0.09882554,1.7154218e-08,-0.25425905,0.12397954,-9.770163,0.0024664085,0.010874645,0.0030221315,81.57195,151.41873,137.33447,0.05214765,0.020988334,0.0026471925,34.851048,34.851048
471695803,3407890,3407890,0,0,0,0,0,0,0,0,800.0,800.0,6421.117,6421.117,4.554963,0.094220944,9.960094e-09,-0.0073350566,0.051982142,-10.108575,0.0013964465,-0.01739963,-0.012808444,84.27102,202.90883,259.9527,0.056417707,0.016844204,0.0039830315,34.849472,34.849472
472745797,3407890,3407890,0,0,0,0,0,0,0,0,800.0,800.0,6421.1143,6421.1143,4.3598437,0.09603614,1.0099687e-08,-0.24736749,0.27222243,-10.119318,0.024658088,-0.024130175,-0.000115970695,38.45981,61.716766,113.65935,0.023189183,0.009136016,0.0021197214,34.837193,34.837193
473680793,3407890,3407890,0,0,0,0,0,0,0,0,800.0,800.0,6421.114,6421.114,4.453462,0.09787867,1.6946643e-08,-0.20187637,-0.16678467,-10.089329,-0.011271867,0.008751361,0.007729676,113.03737,296.4869,309.08228,0.09852816,0.03411181,0.008459631,34.82312,34.82312
474725800,3407890,3407890,0,0,0,0,0,0,0,0,800.0,800.0,6421.1123,6421.1123,4.411994,0.103346735,1.4421762e-08,-0.23840566,0.02729584,-9.971131,0.013805245,-2.9496157e-05,0.00062066945,76.35105,231.84006,184.23172,0.08498654,0.025231281,0.0029345814,34.818527,34.818527
475670794,3407890,3407890,0,0,0,0,0,0,0,0,800.0,800.0,6421.116,6421.116,4.7304354,0.10005012,1.420948e-08,-0.118524395,0.1150492,-9.980074,-0.0035708179,-0.0076586315,0.0023448477,117.743546,293.84558,210.72612,0.09208506,0.02599239,0.0051405923,34.83051,34.83051
476715796,3407890,3407890,0,0,0,0,0,0,0,0,800.0,800.0,6421.1143,6421.1143,4.2611895,0.089692995,7.2380697e-09,-0.21350667,-0.06228844,-9.7953615,-0.014062281,-0.009204802,0.0054916134,37.650715,115.384026,142.75554,0.045404773,0.013007245,0.0030230358,34.829857,34.829857
477660795,3407890,3407890,0,0,0,0,0,0,0,0,800.0,800.0,6421.111,6421.111,4.1725235,0.097978,1.1728441e-08,-0.22578816,0.010298578,-9.842201,0.015467339,-0.0050126137,0.0013563716,76.232796,161.27736,110.83581,0.061398894,0.017887207,0.0038014683,34.796246,34.796246
478710794,3407890,3407890,0,0,0,0,0,0,0,0,800.0,800.0,6421.1284,6421.1284,4.2782726,0.09683325,1.5560705e-08,-0.31728303,0.24140555,-9.61113,0.010290584,0.009831723,0.014416316,100.3462,198.69742,212.49121,0.08564474,0.026083052,0.007889876,34.798836,34.798836
479755795,3407890,3407890,0,0,0,0,0,0,0,0,800.0,800.0,6421.127,6421.127,4.3042216,0.094274536,1.6330533e-08,-0.050485358,0.21037696,-10.090331,0.028378623,0.019894104,0.00018138035,93.56754,325.158,199.9258,0.12606098,0.021033384,0.0055886577,34.7951,34.7951
480690806,3407890,3407890,0,0,0,0,0,0,0,0,800.0,800.0,6421.12,6421.12,4.214874,0.10934503,2.4768074e-08,0.05590262,0.21299313,-9.791708,0.01660011,0.054701306,-0.020731386,94.7598,218.08406,214.15285,0.07631767,0.01856881,0.005450718,34.76801,34.76801
481735796,3407890,3407890,0,0,0,0,0,0,0,0,800.0,800.0,6421.1274,6421.1274,4.14085,0.10585765,1.3667041e-08,-0.3945979,0.07464089,-9.936292,-0.0037959653,-0.03057165,-0.0048509985,46.355667,84.77682,60.10078,0.033503916,0.0117981965,0.0013060342,34.780373,34.780373
482675795,3407890,3407890,0,0,0,0,0,0,0,0,800.0,800.0,6421.12,6421.12,4.33086,0.099657774,1.0435048e-08,-0.25880468,-0.16548567,-9.875456,0.031851742,-0.009160266,0.0019274632,58.383877,161.13034,190.14316,0.07649225,0.021238824,0.0074786358,34.796356,34.796356
483715796,3407890,3407890,0,0,0,0,0,0,0,0,800.0,800.0,6421.1177,6421.1177,4.003774,0.10895402,1.35159395e-08,-0.3013152,0.18601081,-9.557143,-0.00663862,0.016034367,0.002172695,41.854935,57.13245,66.36367,0.023996873,0.007690848,0.001507844,34.77823,34.77823
484760795,3407890,3407890,0,0,0,0,0,0,0,0,800.0,800.0,6421.124,6421.124,4.038953,0.10265647,1.1197768e-08,-0.102209814,-0.1544229,-9.7518835,0.007947678,0.024843832,0.0059856656,60.54428,72.06597,142.7844,0.024010075,0.015421064,0.0027920855,34.750732,34.750732
485695796,3407890,3407890,0,0,0,0,0,0,0,0,800.0,800.0,6421.108,6421.108,3.943683,0.11294528,1.4908938e-08,-0.15039766,0.31604844,-10.075914,0.019700052,0.02426684,0.007180773,83.205864,217.74121,204.09134,0.088682376,0.021138038,0.003880495,34.77901,34.77901
486740794,3407890,3407890,0,0,0,0,0,0,0,0,800.0,800.0,6421.117,6421.117,4.3247657,0.11023676,7.4108706e-09,-0.26910582,0.24007152,-9.953222,0.0016632067,0.010065686,-0.005022021,38.761967,86.81958,78.44412,0.036180716,0.011375381,0.0019047622,34.739525,34.739525
487680794,3407890,3407890,0,0,0,0,0,0,0,0,800.0,800.0,6421.122,6421.122,4.1792617,0.108894326,1.091757e-08,-0.37240407,0.20945069,-9.819277,0.03182706,-0.0024586923,0.0070900116,38.70071,94.65456,80.2,0.05804871,0.014681833,0.0046854396,34.749264,34.749264
488720802,3407890,3407890,0,0,0,0,0,0,0,0,800.0,800.0,6421.114,6421.114,4.188207,0.10541031,1.5485043e-08,-0.074484535,0.023112802,-9.922842,0.0010139077,0.029888894,-0.00161192,71.66538,105.854485,103.6875,0.041999932,0.014018529,0.0035472778,34.755272,34.755272
489660795,3407890,3407890,0,0,0,0,0,0,0,0,800.0,800.0,6421.1206,6421.1206,3.9900146,0.114210986,1.8421764e-08,-0.20102084,-0.21251388,-9.765562,0.02238727,0.018191952,-0.0058405045,73.9392,184.9003,222.92116,0.08906662,0.021742623,0.004395611,34.75257,34.75257
490705797,3407890,3407890,0,0,0,0,0,0,0,0,800.0,800.0,6421.12,6421.12,3.859668,0.10139292,1.0005974e-08,-0.1213165,-0.27332053,-9.657839,0.04534553,-0.009271171,0.0010884649,40.096455,94.262314,68.32384,0.030991187,0.009532786,0.0019104261,34.753284,34.753284
491750801,3407890,3407890,0,0,0,0,0,0,0,0,800.0,800.0,6421.12,6421.12,4.269813,0.10552294,1.1163633e-08,-0.2583867,-0.11633534,-9.757784,-0.016608743,0.01304119,-0.009383235,61.01482,162.99367,255.65022,0.066697806,0.01651931,0.0031571551,34.730404,34.730404
492695800,3407890,3407890,0,0,0,0,0,0,0,0,800.22864,800.22864,6415.097,6415.097,4.3039575,0.09993421,9.963559e-09,-0.19333056,-0.17838268,-9.833264,0.004122888,-0.004784789,-0.0010279528,77.34373,109.03406,98.15474,0.04581152,0.012788554,0.0039635687,34.71152,34.71152
493740800,3407890,3407890,0,0,0,0,0,0,0,0,800.01764,800.01764,6420.567,6420.567,4.3584995,0.09957081,2.7480809e-08,-0.5079609,-0.24106668,-9.549114,-0.0052721566,-0.028253317,-0.0018370282,174.81277,244.05182,458.6181,0.08038782,0.026946679,0.008162613,34.71882,34.71882
494680795,3407890,3407890,0,0,0,0,0,0,0,0,800.0097,800.0097,6421.3164,6421.3164,4.088071,0.102942705,1.5553077e-08,-0.29507482,-0.07469916,-9.609191,0.013139242,0.011857578,0.013059945,156.0735,162.45657,101.48149,0.05373094,0.020687042,0.002059775,34.705383,34.705383
495730793,3407890,3407890,0,0,0,0,0,0,0,0,800.0064,800.0064,6421.052,6421.052,4.2927394,0.10595657,1.9397493e-08,-0.18214743,-0.019216277,-9.896961,-0.009158153,0.054208443,-0.013345856,57.900208,94.15586,273.1862,0.038022235,0.014752518,0.00372944,34.700188,34.700188
496670808,3407890,3407890,0,0,0,0,0,0,0,0,800.00494,800.00494,6421.0635,6421.0635,4.2999897,0.09700884,1.5474109e-08,-0.100076646,0.10493825,-9.789687,-0.010685776,0.020144485,0.0046994253,127.45923,295.7895,297.65536,0.07800926,0.025736552,0.008437831,34.712467,34.712467
497720794,3407890,3407890,0,0,0,0,0,0,0,0,800.0039,800.0039,6420.9614,6420.9614,4.078181,0.09462012,1.4431616e-08,-0.23947857,0.18739103,-9.91746,0.016497616,-0.021248598,-0.0023511762,71.53481,260.782,279.54733,0.07289002,0.019419992,0.0054817456,34.70092,34.70092
498660794,3407890,3407890,0,0,0,0,0,0,0,0,800.0033,800.0033,6421.185,6421.185,4.0341635,0.10325117,1.572729e-08,-0.049324498,0.026633173,-9.880564,-0.0055235354,0.03070792,0.005355459,65.230194,143.82542,138.63266,0.048412114,0.010643792,0.0028105977,34.694122,34.694122
499705794,3407890,3407890,0,0,0,0,0,0,0,0,800.0028,800.0028,6421.1743,6421.1743,4.541586,0.09670364,1.5472356e-08,-0.3928363,-0.4544243,-9.867768,0.025250189,-0.006094035,-0.0011995242,142.95969,347.84918,361.83493,0.108851664,0.032708947,0.01096009,34.709442,34.709442
500740808,3407890,3407890,0,0,0,0,0,0,0,0,800.00244,800.00244,6421.1064,6421.1064,4.64392,0.0986253,1.7600556e-08,-0.46704254,-0.16146761,-9.939485,-0.025041062,-0.0044701947,-0.015953928,164.28217,363.1422,184.91489,0.110215284,0.028312143,0.00494101,34.69441,34.69441
501680795,3407890,3407890,0,0,0,0,0,0,0,0,800.0022,800.0022,6421.0454,6421.0454,4.6879425,0.10696152,1.5702911e-08,-0.20086326,0.052686695,-9.752482,-0.0125580225,-0.033303324,0.012553921,83.01346,129.44875,190.48135,0.04697236,0.014307919,0.0031343757,34.673065,34.673065
502725798,3407890,3407890,0,0,0,0,0,0,0,0,800.00195,800.00195,6421.0703,6421.0703,4.177028,0.10713156,2.2950877e-08,-0.20458972,0.38098246,-9.888242,-0.009774388,0.068468235,0.018441893,56.06642,154.68303,151.33484,0.05611182,0.014196342,0.0037070708,34.70083,34.70083
503670794,3407890,3407890,0,0,0,0,0,0,0,0,800.0018,800.0018,6421.0415,6421.0415,4.5241294,0.109856576,2.4053286e-08,-0.43688616,0.2768435,-9.827011,0.03278743,-0.03250503,-0.011298575,176.62363,346.422,453.50308,0.1460926,0.028986176,0.008671866,34.666363,34.666363
504715795,3407890,3407890,0,0,0,0,0,0,0,0,800.00165,800.00165,6421.005,6421.005,4.3066216,0.098334566,1.3122791e-08,-0.42320395,-0.077175386,-9.723815,0.025434751,-0.015541148,-0.004714867,88.34749,244.64693,218.49838,0.10492733,0.020252628,0.008365729,34.664413,34.664413
505660793,3407890,3407890,0,0,0,0,0,0,0,0,800.0016,800.0016,6421.005,6421.005,4.127726,0.08736276,1.590441e-08,-0.35346317,0.062232178,-9.7776165,0.01440732,0.041441604,0.0048187254,83.74648,225.09608,220.3239,0.075150065,0.025279757,0.00787048,34.665203,34.665203
506710793,3407890,3407890,0,0,0,0,0,0,0,0,800.0014,800.0014,6420.9697,6420.9697,3.9534862,0.09252627,5.740817e-09,-0.43995368,0.2522981,-9.73354,-0.0261587,0.0031264883,-0.00089713704,47.429256,95.1469,100.72753,0.029360281,0.012183715,0.0030163433,34.645844,34.645844
507655796,3407890,3407890,0,0,0,0,0,0,0,0,800.00134,800.00134,6420.9565,6420.9565,4.1774364,0.117556185,1.5238939e-08,0.026538646,0.04772051,-9.664669,0.007144554,0.005059897,0.007198836,87.86594,212.64781,130.63,0.073546536,0.017794436,0.0030780546,34.635002,34.635002
508700795,3407890,3407890,0,0,0,0,0,0,0,0,800.0012,800.0012,6421.0195,6421.0195,4.107004,0.12144137,2.108693e-08,-0.17419353,0.21448816,-9.831553,0.04209892,0.053381465,0.00027081204,69.471466,109.00732,96.71724,0.05779623,0.02646717,0.0036884297,34.63838,34.63838
509745795,3407890,3407890,0,0,0,0,0,0,0,0,800.00116,800.00116,6421.022,6421.022,3.9654918,0.11877833,1.2291499e-08,-0.1516442,-0.013672206,-9.589967,0.0127192205,0.01983792,0.0028561177,102.756905,139.21301,195.02884,0.043382563,0.017889835,0.0044557904,34.644012,34.644012
510680807,3407890,3407890,0,0,0,0,0,0,0,0,800.0011,800.0011,6421.0425,6421.0425,4.183882,0.12068087,1.3070106e-08,-0.16045126,0.12165399,-9.792653,0.04014416,-0.018196488,0.008019891,42.42538,83.44621,73.67412,0.045759264,0.009261,0.0025997001,34.613464,34.613464
511720803,3407890,3407890,0,0,0,0,0,0,0,0,800.00104,800.00104,6421.016,6421.016,4.0199633,0.12269079,1.5258356e-08,-0.28530186,0.28069237,-9.558529,0.0024376458,0.012671184,-0.009095739,68.61087,91.40859,118.03288,0.0639624,0.025917673,0.003460299,34.610188,34.610188
512670793,3407890,3407890,0,0,1,0,0,0,0,0,800.00104,800.00104,6421.028,6421.028,5.805663,0.13208684,3.959827e-08,-0.15970238,0.34040955,-9.247156,-0.2747299,0.055213243,0.013446939,61.23636,51.250187,83.293335,0.065356344,0.013230115,0.002169605,34.603664,34.603664
513720794,3407890,3407890,0,0,1,0,0,0,0,0,800.0009,800.0009,6420.992,6420.992,4.424393,0.10583792,1.4576587e-08,-0.23506066,0.14533378,-9.949768,0.055816345,0.016154593,0.00665515,74.26023,171.31198,150.5759,0.04665846,0.015192159,0.003134717,34.599472,34.599472
514660793,3407890,3407890,0,0,1,0,0,0,0,0,800.0009,800.0009,6421.004,6421.004,4.040173,0.10771173,2.8662534e-08,-0.19793853,0.18522483,-9.819893,0.120944016,-0.073762655,-0.008791169,58.103283,109.7718,113.827225,0.066124484,0.01486292,0.0029133004,34.61602,34.61602
515705795,3407890,3407890,0,0,1,0,0,0,0,0,800.00085,800.00085,6421.0073,6421.0073,4.065437,0.1060938,1.7455832e-08,-0.21743631,0.47954983,-9.893684,-0.0597399,0.03390927,-0.0050095823,62.75516,178.3946,201.63167,0.06409788,0.015923051,0.0039386163,34.58728,34.58728
516755794,3407890,3407890,0,0,1,0,0,0,0,0,800.00085,800.00085,6421.026,6421.026,4.054954,0.10491233,1.9153422e-08,-0.3206142,-0.024213426,-9.358779,0.0020168887,0.030116992,0.019552212,114.63877,157.86757,153.73105,0.046626538,0.012584595,0.0031118835,34.5822,34.5822
517695794,3407890,3407890,0,0,1,0,0,0,0,0,800.0008,800.0008,6421.0854,6421.0854,3.8080614,0.10683068,1.7091425e-08,-0.3143027,-0.013241752,-10.026829,0.018514868,-0.0140263,-0.020849438,136.79802,105.71959,135.90845,0.04628099,0.022655932,0.0051815077,34.598686,34.598686
518735804,3407890,3407890,0,0,1,0,0,0,0,0,800.0008,800.0008,6421.0894,6421.0894,4.034598,0.1048877,1.5596349e-08,-0.08164043,0.017255014,-9.832039,0.015057708,0.0174903,-0.001257023,81.10246,94.46039,164.61798,0.04893032,0.019209648,0.0033559008,34.589516,34.589516
519675793,3407890,3407890,0,0,1,0,0,0,0,0,800.00073,800.00073,6421.0986,6421.0986,3.9966488,0.100577526,6.764845e-08,-0.14367251,-0.14554991,-9.692256,0.318073,-0.012727433,-0.02547401,80.22411,217.71117,236.75719,0.05321045,0.017341204,0.005696374,34.591057,34.591057
520715803,3407890,3407890,0,0,1,0,0,0,0,0,800.00073,800.00073,6421.083,6421.083,4.248021,0.108399644,1.9230754e-08,-0.13485722,0.16075636,-10.163091,-0.026912633,-0.028551823,-0.019603282,67.675285,312.55182,197.04506,0.11942572,0.01943741,0.0067817727,34.595474,34.595474
521655800,3407890,3407890,0,0,1,0,0,0,0,0,800.00073,800.00073,6421.1133,6421.1133,4.3496966,0.10169802,2.043758e-08,-0.12961596,0.29057825,-10.180148,-0.008828659,-0.058873378,0.022413492,72.32777,220.32121,231.74364,0.09257327,0.018141422,0.005108457,34.559856,34.559856
522695794,3407890,3407890,0,0,1,0,0,0,0,0,800.00073,800.00073,6421.1123,6421.1123,3.7350268,0.10136339,1.6255425e-08,-0.30559173,0.03678449,-9.448847,0.07690875,0.03019867,-0.0035135325,36.51301,110.35086,99.44221,0.038241353,0.014286503,0.003854006,34.5618,34.5618
523740796,3407890,3407890,0,0,1,0,0,0,0,0,800.0006,800.0006,6421.0967,6421.0967,3.8826342,0.104161344,1.8160254e-08,-0.060561713,-0.043782137,-9.708048,0.03271743,0.017741663,0.020416839,86.84059,88.73466,200.73941,0.05657057,0.014221322,0.0050445036,34.55711,34.55711
524680835,3407890,3407890,0,0,1,0,0,0,0,0,799.99963,799.99963,6421.11,6421.11,3.9025435,0.103614114,1.9966018e-08,-0.43246338,0.33650783,-9.709607,-0.050133117,0.019510804,0.006574705,98.71262,199.67485,170.27328,0.07220324,0.017961612,0.005324345,34.55692,34.55692
525725795,3407890,3407890,0,0,1,0,0,0,0,0,800.0006,800.0006,6421.0986,6421.0986,4.1862826,0.104588605,1.7398735e-08,-0.1111649,0.23612687,-9.803279,0.011333126,-0.038000453,0.0021669401,65.93393,127.86848,106.32862,0.06521044,0.012274951,0.0023997077,34.567253,34.567253
526670794,3407890,3407890,0,0,1,0,0,0,0,0,800.0006,800.0006,6421.0947,6421.0947,4.0426707,0.105759464,1.5779618e-08,-0.42455038,0.22928183,-9.806973,0.093684435,-0.019505577,-0.019115474,52.204754,132.54274,133.61761,0.04364163,0.010346513,0.0030466958,34.53915,34.53915
527720794,3407890,3407890,0,0,1,0,0,0,0,0,800.00055,800.00055,6421.1045,6421.1045,3.8522017,0.09234524,9.731038e-09,-0.14502615,0.3222565,-10.125273,0.017544404,-0.0059015127,-0.0155951055,81.90782,116.651855,80.05348,0.049312092,0.010424703,0.0018150816,34.538918,34.538918
528665802,3407890,3407890,0,0,1,0,0,0,0,0,800.00055,800.00055,6421.105,6421.105,3.634729,0.097323544,2.8110286e-08,-0.17205065,-0.05280972,-8.874597,-0.09227038,-0.08079867,-0.01394618,49.669456,89.857445,189.9538,0.0361123,0.0088756,0.0036651343,34.543903,34.543903
529710794,3407890,3407890,0,0,1,0,0,0,0,0,800.00055,800.00055,6421.0938,6421.0938,5.046324,0.15700728,1.9484641e-07,-0.9643822,0.42099372,-10.583159,0.3824724,0.37170044,-0.49448088,29.445366,76.00806,96.47819,0.17655224,0.024992568,0.006330667,34.508366,34.508366
530750799,3407890,3407890,0,0,1,0,0,0,0,0,800.00055,800.00055,6421.1074,6421.1074,1.7917342,0.056016155,1.824731e-09,0.15293677,-1.321622,-9.728133,0.035100996,-0.043444116,0.0073265526,3.5806322,1.2277442,1.5828627,0.00042482957,0.0010832754,0.0007053181,34.514996,34.514996
531685794,3407890,3407890,0,0,1,0,0,0,0,0,800.00055,800.00055,6421.1064,6421.1064,0.8788947,0.01874251,1.3851165e-09,0.092559464,-1.3234342,-9.677703,0.031797227,-0.021710044,0.0046052383,5.066344,11.857087,6.707637,0.0041292454,0.0018878365,0.00010193372,34.507988,34.507988
532730794,3407890,3407890,0,0,1,0,0,0,0,0,800.0005,800.0005,6421.1245,6421.1245,0.64753777,0.010340763,4.4249476e-10,0.22348663,-1.2757357,-9.748,0.015478622,-0.004184535,0.0018092211,1.7107722,4.7726455,1.8495791,0.0020710295,0.00050306204,0.0002183647,34.48849,34.48849
533665800,3407890,3407890,0,0,1,0,0,0,0,0,800.0005,800.0005,6421.14,6421.14,0.33926666,0.0064486247,5.2099002e-11,0.22297122,-1.2299798,-9.744284,0.009556076,0.003600187,0.0012736951,0.0036617178,0.007995345,0.002466183,6.3371212e-06,3.2801597e-06,1.5816282e-05,34.490463,34.490463
