timestamp,timestamp_last_signal,rssi,rssi_dbm,rc_lost_frame_count,rc_total_frame_count,rc_ppm_frame_length,values[0],values[1],values[2],values[3],values[4],values[5],values[6],values[7],values[8],values[9],values[10],values[11],values[12],values[13],values[14],values[15],values[16],values[17],channel_count,rc_failsafe,rc_lost,input_source,link_quality
267607736,267607176,40,nan,0,19912,0,1502,1498,999,1498,1499,999,999,999,999,1504,1542,1542,1514,1514,1514,1514,998,998,18,0,0,4,-1
268109798,268109238,40,nan,0,19950,0,1502,1498,999,1498,1499,999,999,999,999,1504,1542,1542,1514,1514,1514,1514,998,998,18,0,0,4,-1
268596820,268596259,40,nan,0,19986,0,1502,1498,999,1498,1499,999,999,999,999,1504,1542,1542,1514,1514,1514,1514,998,998,18,0,0,4,-1
269098349,269097789,40,nan,0,20023,0,1502,1498,999,1498,1499,999,999,999,999,1504,1542,1542,1514,1514,1514,1514,998,998,18,0,0,4,-1
269586820,269586259,40,nan,0,20059,0,1502,1498,999,1498,1499,999,999,999,999,1504,1542,1542,1514,1514,1514,1514,998,998,18,0,0,4,-1
270089817,270089258,40,nan,0,20097,0,1502,1498,999,1498,1499,999,999,999,999,1504,1542,1542,1514,1514,1514,1514,998,998,18,0,0,4,-1
270599282,270598653,40,nan,0,20135,0,1502,1498,999,1498,1499,999,999,999,999,1504,1542,1542,1514,1514,1514,1514,998,998,18,0,0,4,-1
271099121,271098562,40,nan,0,20172,0,1502,1498,999,1498,1499,999,999,999,999,1504,1542,1542,1514,1514,1514,1514,998,998,18,0,0,4,-1
271609208,271608648,40,nan,0,20210,0,1502,1498,999,1498,1499,999,999,999,999,1504,1542,1542,1514,1514,1514,1514,998,998,18,0,0,4,-1
272108228,272107662,40,nan,0,20247,0,1502,1498,999,1498,1499,999,999,999,999,1504,1542,1542,1514,1514,1514,1514,998,998,18,0,0,4,-1
272597034,272596417,40,nan,0,20283,0,1502,1498,999,1498,1499,999,999,999,999,1504,1542,1542,1514,1514,1514,1514,998,998,18,0,0,4,-1
273097650,273097086,40,nan,0,20321,0,1502,1498,999,1498,1499,999,999,999,999,1504,1542,1542,1514,1514,1514,1514,998,998,18,0,0,4,-1
273607034,273606413,40,nan,0,20359,0,1502,1498,999,1498,1499,999,999,999,999,1504,1542,1542,1514,1514,1514,1514,998,998,18,0,0,4,-1
274107036,274106454,40,nan,0,20396,0,1502,1498,999,1498,1499,999,999,999,999,1504,1542,1542,1514,1514,1514,1514,998,998,18,0,0,4,-1
274594898,274594328,40,nan,0,20432,0,1502,1498,999,1498,1499,999,999,999,999,1504,1542,1542,1514,1514,1514,1514,998,998,18,0,0,4,-1
275095962,275095346,40,nan,0,20469,0,1502,1498,999,1498,1499,999,999,999,999,1504,1542,1542,1514,1514,1514,1514,998,998,18,0,0,4,-1
275607049,275606424,40,nan,0,20507,0,1502,1498,999,1498,1499,999,999,999,999,1504,1542,1542,1514,1514,1514,1514,998,998,18,0,0,4,-1
276107658,276107087,40,nan,0,20545,0,1502,1498,999,1498,1499,999,999,999,999,1504,1542,1542,1514,1514,1514,1514,998,998,18,0,0,4,-1
276595319,276594758,40,nan,0,20581,0,1502,1498,999,1498,1499,999,999,999,999,1504,1542,1542,1514,1514,1514,1514,998,998,18,0,0,4,-1
277096002,277095442,40,nan,0,20618,0,1502,1498,999,1498,1499,999,999,999,999,1504,1542,1542,1514,1514,1514,1514,998,998,18,0,0,4,-1
277606111,277605319,40,nan,0,20656,0,1502,1498,999,1498,1499,999,999,999,999,1504,1542,1542,1514,1514,1514,1514,998,998,18,0,0,4,-1
278107034,278106420,40,nan,0,20693,0,1502,1498,999,1498,1499,999,999,999,999,1504,1542,1542,1514,1514,1514,1514,998,998,18,0,0,4,-1
278594542,278593649,40,nan,0,20730,0,1502,1498,999,1498,1499,999,999,999,999,1504,1542,1542,1514,1514,1514,1514,998,998,18,0,0,4,-1
279095716,279095156,40,nan,0,20767,0,1502,1498,999,1498,1499,999,999,999,999,1504,1542,1542,1514,1514,1514,1514,998,998,18,0,0,4,-1
279604473,279603347,40,nan,0,20805,0,1502,1498,999,1498,1499,999,999,999,999,1504,1542,1542,1514,1514,1514,1514,998,998,18,0,0,4,-1
280105712,280105152,40,nan,0,20842,0,1502,1498,999,1498,1499,999,999,999,999,1504,1542,1542,1514,1514,1514,1514,998,998,18,0,0,4,-1
280593278,280592704,40,nan,0,20878,0,1502,1498,999,1498,1499,999,999,999,999,1504,1542,1542,1514,1514,1514,1514,998,998,18,0,0,4,-1
281095493,281094934,40,nan,0,20916,0,1502,1498,999,1498,1499,999,999,999,999,1504,1542,1542,1514,1514,1514,1514,998,998,18,0,0,4,-1
281606076,281605516,40,nan,0,20954,0,1502,1498,999,1498,1499,999,999,999,999,1504,1542,1542,1514,1514,1514,1514,998,998,18,0,0,4,-1
282107979,282107420,40,nan,0,20991,0,1502,1498,999,1498,1499,999,999,999,999,1504,1542,1542,1514,1514,1514,1514,998,998,18,0,0,4,-1
282595578,282594931,40,nan,0,21027,0,1502,1498,999,1498,1499,999,999,999,999,1504,1542,1542,1514,1514,1514,1514,998,998,18,0,0,4,-1
283095965,283095304,40,nan,0,21065,0,1502,1498,999,1498,1499,999,999,999,999,1504,1542,1542,1514,1514,1514,1514,998,998,18,0,0,4,-1
283607034,283606417,40,nan,0,21103,0,1502,1498,999,1498,1499,999,999,999,999,1504,1542,1542,1514,1514,1514,1514,998,998,18,0,0,4,-1
284107736,284107177,40,nan,0,21140,0,1502,1498,999,1498,1499,999,999,999,999,1504,1542,1542,1514,1514,1514,1514,998,998,18,0,0,4,-1
284595382,284594794,40,nan,0,21176,0,1502,1498,999,1498,1499,999,999,999,999,1504,1542,1542,1514,1514,1514,1514,998,998,18,0,0,4,-1
285096158,285095599,40,nan,0,21213,0,1502,1498,999,1498,1499,999,999,999,999,1504,1542,1542,1514,1514,1514,1514,998,998,18,0,0,4,-1
285606142,285605561,40,nan,0,21251,0,1502,1498,999,1498,1499,999,999,999,999,1504,1542,1542,1514,1514,1514,1514,998,998,18,0,0,4,-1
286108635,286108075,40,nan,0,21289,0,1502,1498,999,1498,1499,999,999,999,999,1504,1542,1542,1514,1514,1514,1514,998,998,18,0,0,4,-1
286596123,286595563,40,nan,0,21325,0,1502,1498,999,1498,1499,999,999,999,999,1504,1542,1542,1514,1514,1514,1514,998,998,18,0,0,4,-1
287097797,287097231,40,nan,0,21362,0,1502,1498,999,1498,1499,999,999,999,999,1504,1542,1542,1514,1514,1514,1514,998,998,18,0,0,4,-1
287607749,287607188,40,nan,0,21400,0,1502,1498,999,1498,1499,999,999,999,999,1504,1542,1542,1514,1514,1514,1514,998,998,18,0,0,4,-1
288087914,288087354,40,nan,0,21436,0,1502,1498,999,1498,1499,999,999,999,999,1504,1542,1542,1514,1514,1514,1514,998,998,18,0,0,4,-1
288598636,288598076,40,nan,0,21474,0,1502,1498,999,1498,1499,999,999,999,999,1504,1542,1542,1514,1514,1514,1514,998,998,18,0,0,4,-1
289099970,289099403,40,nan,0,21511,0,1502,1498,999,1498,1499,999,999,999,999,1504,1542,1542,1514,1514,1514,1514,998,998,18,0,0,4,-1
289589098,289588489,40,nan,0,21548,0,1502,1498,999,1498,1499,999,999,999,999,1504,1542,1542,1514,1514,1514,1514,998,998,18,0,0,4,-1
290090354,290089795,40,nan,0,21585,0,1502,1498,999,1498,1499,999,999,999,999,1504,1542,1542,1514,1514,1514,1514,998,998,18,0,0,4,-1
290600010,290599433,40,nan,0,21623,0,1502,1498,999,1498,1499,999,999,999,999,1504,1542,1542,1514,1514,1514,1514,998,998,18,0,0,4,-1
291102320,291101761,40,nan,0,21660,0,1502,1498,999,1498,1499,999,999,999,999,1504,1542,1542,1514,1514,1514,1514,998,998,18,0,0,4,-1
291589213,291588653,40,nan,0,21697,0,1502,1498,999,1498,1499,999,999,999,999,1504,1542,1542,1514,1514,1514,1514,998,998,18,0,0,4,-1
292091417,292090833,40,nan,0,21734,0,1502,1498,999,1498,1499,999,999,999,999,1504,1542,1542,1514,1514,1514,1514,998,998,18,0,0,4,-1
292601612,292600972,40,nan,0,21772,0,1502,1498,999,1498,1499,999,999,999,999,1504,1542,1542,1514,1514,1514,1514,998,998,18,0,0,4,-1
293103210,293102651,40,nan,0,21809,0,1502,1498,999,1498,1499,999,999,999,999,1504,1542,1542,1514,1514,1514,1514,998,998,18,0,0,4,-1
293591009,293590449,40,nan,0,21845,0,1502,1498,999,1498,1499,999,999,999,999,1504,1542,1542,1514,1514,1514,1514,998,998,18,0,0,4,-1
294091973,294091412,40,nan,0,21883,0,1502,1498,999,1498,1499,999,999,999,999,1504,1542,1542,1514,1514,1514,1514,998,998,18,0,0,4,-1
294602302,294601742,40,nan,0,21921,0,1502,1498,999,1498,1499,999,999,999,999,1504,1542,1542,1514,1514,1514,1514,998,998,18,0,0,4,-1
295103610,295103050,40,nan,0,21958,0,1502,1498,999,1498,1499,999,999,999,999,1504,1542,1542,1514,1514,1514,1514,998,998,18,0,0,4,-1
295591604,295590977,40,nan,0,21994,0,1502,1498,999,1498,1499,999,999,999,999,1504,1542,1542,1514,1514,1514,1514,998,998,18,0,0,4,-1
296093316,296092680,40,nan,0,22032,0,1502,1498,999,1498,1499,999,999,999,999,1504,1542,1542,1514,1514,1514,1514,998,998,18,0,0,4,-1
296603548,296602989,40,nan,0,22070,0,1502,1498,999,1498,1499,999,999,999,999,1504,1542,1542,1514,1514,1514,1514,998,998,18,0,0,4,-1
297106066,297105506,40,nan,0,22107,0,1502,1498,999,1498,1499,999,999,999,999,1504,1542,1542,1514,1514,1514,1514,998,998,18,0,0,4,-1
297592450,297591890,40,nan,0,22143,0,1502,1498,999,1498,1499,999,999,999,999,1504,1542,1542,1514,1514,1514,1514,998,998,18,0,0,4,-1
298092509,298091925,40,nan,0,22180,0,1502,1498,999,1498,1499,999,999,999,999,1504,1542,1542,1514,1514,1514,1514,998,998,18,0,0,4,-1
298603215,298602653,40,nan,0,22218,0,1502,1498,999,1498,1499,999,999,999,999,1504,1542,1542,1514,1514,1514,1514,998,998,18,0,0,4,-1
299104297,299103599,40,nan,0,22256,0,1502,1498,999,1498,1499,999,999,999,999,1504,1542,1542,1514,1514,1514,1514,998,998,18,0,0,4,-1
299592975,299592416,40,nan,0,22292,0,1502,1498,999,1498,1499,999,999,999,999,1504,1542,1542,1514,1514,1514,1514,998,998,18,0,0,4,-1
300095014,300094454,40,nan,0,22329,0,1502,1498,999,1498,1499,999,999,999,999,1504,1542,1542,1514,1514,1514,1514,998,998,18,0,0,4,-1
300605247,300604662,40,nan,0,22367,0,1502,1498,999,1498,1499,999,999,999,999,1504,1542,1542,1514,1514,1514,1514,998,998,18,0,0,4,-1
301107736,301107176,40,nan,0,22405,0,1502,1498,999,1498,1499,999,999,999,999,1504,1542,1542,1514,1514,1514,1514,998,998,18,0,0,4,-1
301596024,301595463,40,nan,0,22441,0,1502,1498,999,1498,1499,999,999,999,999,1504,1542,1542,1514,1514,1514,1514,998,998,18,0,0,4,-1
302097449,302096890,40,nan,0,22478,0,1502,1498,999,1498,1499,999,999,999,999,1504,1542,1542,1514,1514,1514,1514,998,998,18,0,0,4,-1
302605960,302605314,40,nan,0,22516,0,1502,1498,999,1498,1499,999,999,999,999,1504,1542,1542,1514,1514,1514,1514,998,998,18,0,0,4,-1
303107654,303107034,40,nan,0,22554,0,1502,1498,999,1498,1499,999,999,999,999,1504,1542,1542,1514,1514,1514,1514,998,998,18,0,0,4,-1
303594502,303593763,40,nan,0,22590,0,1502,1498,999,1498,1499,999,999,999,999,1504,1542,1542,1514,1514,1514,1514,998,998,18,0,0,4,-1
304096136,304095200,40,nan,0,22627,0,1502,1498,999,1498,1499,999,999,999,999,1504,1542,1542,1514,1514,1514,1514,998,998,18,0,0,4,-1
304607300,304606741,40,nan,0,22665,0,1502,1498,999,1498,1499,999,999,999,999,1504,1542,1542,1514,1514,1514,1514,998,998,18,0,0,4,-1
305088295,305087646,40,nan,0,22701,0,1502,1498,999,1498,1499,999,999,999,999,1504,1542,1542,1514,1514,1514,1514,998,998,18,0,0,4,-1
305598211,305597651,40,nan,0,22739,0,1502,1498,999,1498,1499,999,999,999,999,1504,1542,1542,1514,1514,1514,1514,998,998,18,0,0,4,-1
306098488,306097927,40,nan,0,22776,0,1502,1498,999,1498,1499,999,999,999,999,1504,1542,1542,1514,1514,1514,1514,998,998,18,0,0,4,-1
306608228,306607653,40,nan,0,22814,0,1502,1498,999,1498,1499,999,999,999,999,1504,1542,1542,1514,1514,1514,1514,998,998,18,0,0,4,-1
307109939,307109380,40,nan,0,22851,0,1502,1498,999,1498,1499,999,999,999,999,1504,1542,1542,1514,1514,1514,1514,998,998,18,0,0,4,-1
307599649,307599088,40,nan,0,22888,0,1502,1498,999,1498,1499,999,999,999,999,1504,1542,1542,1514,1514,1514,1514,998,998,18,0,0,4,-1
308101600,308100973,40,nan,0,22925,0,1502,1498,999,1498,1499,999,999,999,999,1504,1542,1542,1514,1514,1514,1514,998,998,18,0,0,4,-1
308589093,308588463,40,nan,0,22961,0,1502,1498,999,1498,1499,999,999,999,999,1504,1542,1542,1514,1514,1514,1514,998,998,18,0,0,4,-1
309089974,309089393,40,nan,0,22999,0,1502,1498,999,1498,1499,999,999,999,999,1504,1542,1542,1514,1514,1514,1514,998,998,18,0,0,4,-1
309599792,309599232,40,nan,0,23037,0,1502,1498,999,1498,1499,999,999,999,999,1504,1542,1542,1514,1514,1514,1514,998,998,18,0,0,4,-1
310101020,310100460,40,nan,0,23074,0,1502,1498,999,1498,1499,999,999,999,999,1504,1542,1542,1514,1514,1514,1514,998,998,18,0,0,4,-1
310581415,310580830,40,nan,0,23110,0,1502,1498,999,1498,1499,999,999,999,999,1504,1542,1542,1514,1514,1514,1514,998,998,18,0,0,4,-1
311090994,311090435,40,nan,0,23148,0,1502,1498,999,1498,1499,999,999,999,999,1504,1542,1542,1514,1514,1514,1514,998,998,18,0,0,4,-1
311592648,311592004,40,nan,0,23185,0,1502,1498,999,1498,1499,999,999,999,999,1504,1542,1542,1514,1514,1514,1514,998,998,18,0,0,4,-1
312101972,312101411,40,nan,0,23223,0,1502,1498,999,1498,1499,999,999,999,999,1504,1542,1542,1514,1514,1514,1514,998,998,18,0,0,4,-1
312603608,312603048,40,nan,0,23260,0,1502,1498,999,1498,1499,999,999,999,999,1504,1542,1542,1514,1514,1514,1514,998,998,18,0,0,4,-1
313091606,313090977,40,nan,0,23296,0,1502,1498,999,1498,1499,999,999,999,999,1504,1542,1542,1514,1514,1514,1514,998,998,18,0,0,4,-1
313593294,313592646,40,nan,0,23334,0,1502,1498,999,1498,1499,999,999,999,999,1504,1542,1542,1514,1514,1514,1514,998,998,18,0,0,4,-1
314102305,314101746,40,nan,0,23372,0,1502,1498,999,1498,1499,999,999,999,999,1504,1542,1542,1514,1514,1514,1514,998,998,18,0,0,4,-1
314604308,314603370,40,nan,0,23409,0,1502,1498,999,1498,1499,999,999,999,999,1504,1542,1542,1514,1514,1514,1514,998,998,18,0,0,4,-1
315092004,315091416,40,nan,0,23445,0,1502,1498,999,1498,1499,999,999,999,999,1504,1542,1542,1514,1514,1514,1514,998,998,18,0,0,4,-1
315593227,315592647,40,nan,0,23483,0,1502,1498,999,1498,1499,999,999,999,999,1504,1542,1542,1514,1514,1514,1514,998,998,18,0,0,4,-1
316102647,316102003,40,nan,0,23521,0,1502,1498,999,1498,1499,999,999,999,999,1504,1542,1542,1514,1514,1514,1514,998,998,18,0,0,4,-1
316605227,316604667,40,nan,0,23558,0,1502,1498,999,1498,1499,999,999,999,999,1504,1542,1542,1514,1514,1514,1514,998,998,18,0,0,4,-1
317092986,317092427,40,nan,0,23594,0,1502,1498,999,1498,1499,999,999,999,999,1504,1542,1542,1514,1514,1514,1514,998,998,18,0,0,4,-1
317595368,317594808,40,nan,0,23632,0,1502,1498,999,1498,1499,999,999,999,999,1504,1542,1542,1514,1514,1514,1514,998,998,18,0,0,4,-1
318105153,318104508,40,nan,0,23670,0,1502,1498,999,1498,1499,999,999,999,999,1504,1542,1542,1514,1514,1514,1514,998,998,18,0,0,4,-1
318607437,318606878,40,nan,0,23707,0,1502,1498,999,1498,1499,999,999,999,999,1504,1542,1542,1514,1514,1514,1514,998,998,18,0,0,4,-1
319095298,319094649,40,nan,0,23743,0,1502,1498,999,1498,1499,999,999,999,999,1504,1542,1542,1514,1514,1514,1514,998,998,18,0,0,4,-1
319597736,319597176,40,nan,0,23781,0,1502,1498,999,1498,1499,999,999,999,999,1504,1542,1542,1514,1514,1514,1514,998,998,18,0,0,4,-1
320107653,320107092,40,nan,0,23819,0,1502,1498,999,1498,1499,999,999,999,999,1504,1542,1542,1514,1514,1514,1514,998,998,18,0,0,4,-1
320609940,320609380,40,nan,0,23856,0,1502,1498,999,1498,1499,999,999,999,999,1504,1542,1542,1514,1514,1514,1514,998,998,18,0,0,4,-1
321097735,321097176,40,nan,0,23892,0,1502,1498,999,1498,1499,999,999,999,999,1504,1542,1542,1514,1514,1514,1514,998,998,18,0,0,4,-1
321599212,321598653,40,nan,0,23929,0,1502,1498,999,1498,1499,999,999,999,999,1504,1542,1542,1514,1514,1514,1514,998,998,18,0,0,4,-1
322087509,322086934,40,nan,0,23966,0,1502,1498,999,1498,1499,999,999,999,999,1504,1542,1542,1514,1514,1514,1514,998,998,18,0,0,4,-1
322588490,322587930,40,nan,0,24003,0,1502,1498,999,1498,1499,999,999,999,999,1504,1542,1542,1514,1514,1514,1514,998,998,18,0,0,4,-1
323099850,323099290,40,nan,0,24041,0,1502,1498,999,1498,1499,999,999,999,999,1504,1542,1542,1514,1514,1514,1514,998,998,18,0,0,4,-1
323600868,323600298,40,nan,0,24078,0,1502,1498,999,1498,1499,999,999,999,999,1504,1542,1542,1514,1514,1514,1514,998,998,18,0,0,4,-1
324110279,324109717,40,nan,0,24116,0,1502,1498,999,1498,1499,999,999,999,999,1504,1542,1542,1514,1514,1514,1514,998,998,18,0,0,4,-1
324591020,324590460,40,nan,0,24152,0,1502,1498,999,1498,1499,999,999,999,999,1504,1542,1542,1514,1514,1514,1514,998,998,18,0,0,4,-1
325099955,325099395,40,nan,0,24190,0,1502,1498,999,1498,1499,999,999,999,999,1504,1542,1542,1514,1514,1514,1514,998,998,18,0,0,4,-1
325599933,325599374,40,nan,0,24227,0,1502,1498,999,1498,1499,999,999,999,999,1504,1542,1542,1514,1514,1514,1514,998,998,18,0,0,4,-1
326088554,326087994,40,nan,0,24263,0,1502,1498,999,1498,1499,999,999,999,999,1504,1542,1542,1514,1514,1514,1514,998,998,18,0,0,4,-1
326591605,326590986,40,nan,0,24301,0,1502,1498,999,1498,1499,999,999,999,999,1504,1542,1542,1514,1514,1514,1514,998,998,18,0,0,4,-1
327099792,327099232,40,nan,0,24339,0,1502,1498,999,1498,1499,999,999,999,999,1504,1542,1542,1514,1514,1514,1514,998,998,18,0,0,4,-1
327599226,327598666,40,nan,0,24376,0,1502,1498,999,1498,1499,999,999,999,999,1504,1542,1542,1514,1514,1514,1514,998,998,18,0,0,4,-1
328109651,328109091,40,nan,0,24414,0,1502,1498,999,1498,1499,999,999,999,999,1504,1542,1542,1514,1514,1514,1514,998,998,18,0,0,4,-1
328589677,328589117,40,nan,0,24450,0,1502,1498,999,1498,1499,999,999,999,999,1504,1542,1542,1514,1514,1514,1514,998,998,18,0,0,4,-1
329099652,329099092,40,nan,0,24488,0,1502,1498,999,1498,1499,999,999,999,999,1504,1542,1542,1514,1514,1514,1514,998,998,18,0,0,4,-1
329601676,329601116,40,nan,0,24525,0,1502,1498,999,1498,1499,999,999,999,999,1504,1542,1542,1514,1514,1514,1514,998,998,18,0,0,4,-1
330091427,330090836,40,nan,0,24561,0,1502,1498,999,1498,1499,999,999,999,999,1504,1542,1542,1514,1514,1514,1514,998,998,18,0,0,4,-1
330592996,330592437,40,nan,0,24599,0,1502,1498,999,1498,1499,999,999,999,999,1504,1542,1542,1514,1514,1514,1514,998,998,18,0,0,4,-1
331101976,331101415,40,nan,0,24637,0,1502,1498,999,1498,1499,999,999,999,999,1504,1542,1542,1514,1514,1514,1514,998,998,18,0,0,4,-1
331603273,331602701,40,nan,0,24674,0,1502,1498,999,1498,1499,999,999,999,999,1504,1542,1542,1514,1514,1514,1514,998,998,18,0,0,4,-1
332092164,332091605,40,nan,0,24710,0,1502,1498,999,1498,1499,999,999,999,999,1504,1542,1542,1514,1514,1514,1514,998,998,18,0,0,4,-1
332594520,332593525,40,nan,0,24748,0,1502,1498,999,1498,1499,999,999,999,999,1504,1542,1542,1514,1514,1514,1514,998,998,18,0,0,4,-1
333102653,333102072,40,nan,0,24785,0,1502,1498,999,1498,1499,999,999,999,999,1504,1542,1542,1514,1514,1514,1514,998,998,18,0,0,4,-1
333602977,333602417,40,nan,0,24823,0,1502,1498,999,1498,1499,999,999,999,999,1504,1542,1542,1514,1514,1514,1514,998,998,18,0,0,4,-1
334090277,334089716,40,nan,0,24859,0,1502,1498,999,1498,1499,999,999,999,999,1504,1542,1542,1514,1514,1514,1514,998,998,18,0,0,4,-1
334593290,334592555,40,nan,0,24896,0,1502,1498,999,1498,1499,999,999,999,999,1504,1542,1542,1514,1514,1514,1514,998,998,18,0,0,4,-1
335105279,335104701,40,nan,0,24934,0,1502,1498,999,1498,1499,999,999,999,999,1504,1542,1542,1514,1514,1514,1514,998,998,18,0,0,4,-1
335606819,335606259,40,nan,0,24972,0,1502,1498,999,1498,1499,999,999,999,999,1504,1542,1542,1514,1514,1514,1514,998,998,18,0,0,4,-1
336094298,336093493,40,nan,0,25008,0,1502,1498,999,1498,1499,999,999,999,999,1504,1542,1542,1514,1514,1514,1514,998,998,18,0,0,4,-1
336595297,336594643,40,nan,0,25045,0,1502,1498,999,1498,1499,999,999,999,999,1504,1542,1542,1514,1514,1514,1514,998,998,18,0,0,4,-1
337105313,337104749,40,nan,0,25083,0,1502,1498,999,1498,1499,999,999,999,999,1504,1542,1542,1514,1514,1514,1514,998,998,18,0,0,4,-1
337606821,337606261,40,nan,0,25121,0,1502,1498,999,1498,1499,999,999,999,999,1504,1542,1542,1514,1514,1514,1514,998,998,18,0,0,4,-1
338095342,338094782,40,nan,0,25157,0,1502,1498,999,1498,1499,999,999,999,999,1504,1542,1542,1514,1514,1514,1514,998,998,18,0,0,4,-1
338597296,338596735,40,nan,0,25194,0,1502,1498,999,1498,1499,999,999,999,999,1504,1542,1542,1514,1514,1514,1514,998,998,18,0,0,4,-1
339108069,339107509,40,nan,0,25232,0,1502,1498,999,1498,1499,999,999,999,999,1504,1542,1542,1514,1514,1514,1514,998,998,18,0,0,4,-1
339589220,339588660,40,nan,0,25268,0,1502,1498,999,1498,1499,999,999,999,999,1504,1542,1542,1514,1514,1514,1514,998,998,18,0,0,4,-1
340098616,340098056,40,nan,0,25306,0,1502,1498,999,1498,1499,999,999,999,999,1504,1542,1542,1514,1514,1514,1514,998,998,18,0,0,4,-1
340600294,340599735,40,nan,0,25343,0,1502,1498,999,1498,1499,999,999,999,999,1504,1542,1542,1514,1514,1514,1514,998,998,18,0,0,4,-1
341109210,341108649,40,nan,0,25381,0,1502,1498,999,1498,1499,999,999,999,999,1504,1542,1542,1514,1514,1514,1514,998,998,18,0,0,4,-1
341588625,341588066,40,nan,0,25417,0,1502,1498,999,1498,1499,999,999,999,999,1504,1542,1542,1514,1514,1514,1514,998,998,18,0,0,4,-1
342100309,342099717,40,nan,0,25455,0,1502,1498,999,1498,1499,999,999,999,999,1504,1542,1542,1514,1514,1514,1514,998,998,18,0,0,4,-1
342600854,342600293,40,nan,0,25492,0,1502,1498,999,1498,1499,999,999,999,999,1504,1542,1542,1514,1514,1514,1514,998,998,18,0,0,4,-1
343089650,343089090,40,nan,0,25529,0,1502,1498,999,1498,1499,999,999,999,999,1504,1542,1542,1514,1514,1514,1514,998,998,18,0,0,4,-1
343592652,343592034,40,nan,0,25566,0,1502,1498,999,1498,1499,999,999,999,999,1504,1542,1542,1514,1514,1514,1514,998,998,18,0,0,4,-1
344100857,344100297,40,nan,0,25604,0,1502,1498,999,1498,1499,999,999,999,999,1504,1542,1542,1514,1514,1514,1514,998,998,18,0,0,4,-1
344602005,344601420,40,nan,0,25641,0,1502,1498,999,1498,1499,999,999,999,999,1504,1542,1542,1514,1514,1514,1514,998,998,18,0,0,4,-1
345089091,345088459,40,nan,0,25677,0,1502,1498,999,1498,1499,999,999,999,999,1504,1542,1542,1514,1514,1514,1514,998,998,18,0,0,4,-1
345590349,345589789,40,nan,0,25715,0,1502,1498,999,1498,1499,999,999,999,999,1504,1542,1542,1514,1514,1514,1514,998,998,18,0,0,4,-1
346099655,346099094,40,nan,0,25752,0,1502,1498,999,1498,1499,999,999,999,999,1504,1542,1542,1514,1514,1514,1514,998,998,18,0,0,4,-1
346601429,346600827,40,nan,0,25790,0,1502,1498,999,1498,1499,999,999,999,999,1504,1542,1542,1514,1514,1514,1514,998,998,18,0,0,4,-1
347089935,347089376,40,nan,0,25826,0,1502,1498,999,1498,1499,999,999,999,999,1504,1542,1542,1514,1514,1514,1514,998,998,18,0,0,4,-1
347590288,347589728,40,nan,0,25863,0,1502,1498,999,1498,1499,999,999,999,999,1504,1542,1542,1514,1514,1514,1514,998,998,18,0,0,4,-1
348099802,348099241,40,nan,0,25901,0,1502,1498,999,1498,1499,999,999,999,999,1504,1542,1542,1514,1514,1514,1514,998,998,18,0,0,4,-1
348600855,348600295,40,nan,0,25939,0,1502,1498,999,1498,1499,999,999,999,999,1504,1542,1542,1514,1514,1514,1514,998,998,18,0,0,4,-1
349109357,349108798,40,nan,0,25976,0,1502,1498,999,1498,1499,999,999,999,999,1504,1542,1542,1514,1514,1514,1514,998,998,18,0,0,4,-1
349609209,349608649,40,nan,0,26014,0,1502,1498,999,1498,1499,999,999,999,999,1504,1542,1542,1514,1514,1514,1514,998,998,18,0,0,4,-1
350098302,350097645,40,nan,0,26050,0,1502,1498,999,1498,1499,999,999,999,999,1504,1542,1542,1514,1514,1514,1514,998,998,18,0,0,4,-1
350599660,350599100,40,nan,0,26087,0,1502,1498,999,1498,1499,999,999,999,999,1504,1542,1542,1514,1514,1514,1514,998,998,18,0,0,4,-1
351088019,351087460,40,nan,0,26124,0,1502,1498,999,1498,1499,999,999,999,999,1504,1542,1542,1514,1514,1514,1514,998,998,18,0,0,4,-1
351589359,351588797,40,nan,0,26161,0,1502,1498,999,1498,1499,999,999,999,999,1504,1542,1542,1514,1514,1514,1514,998,998,18,0,0,4,-1
352098778,352098219,40,nan,0,26199,0,1502,1498,999,1498,1499,999,999,999,999,1504,1542,1542,1514,1514,1514,1514,998,998,18,0,0,4,-1
352599647,352599087,40,nan,0,26236,0,1502,1498,999,1498,1499,999,999,999,999,1504,1542,1542,1514,1514,1514,1514,998,998,18,0,0,4,-1
353109319,353108760,40,nan,0,26274,0,1502,1498,999,1498,1499,999,999,999,999,1504,1542,1542,1514,1514,1514,1514,998,998,18,0,0,4,-1
353589937,353589376,40,nan,0,26310,0,1502,1498,999,1498,1499,999,999,999,999,1504,1542,1542,1514,1514,1514,1514,998,998,18,0,0,4,-1
354092164,354091604,40,nan,0,26347,0,1502,1498,999,1498,1499,999,999,999,999,1504,1542,1542,1514,1514,1514,1514,998,998,18,0,0,4,-1
354602305,354601745,40,nan,0,26385,0,1502,1498,999,1498,1499,999,999,999,999,1504,1542,1542,1514,1514,1514,1514,998,998,18,0,0,4,-1
355103316,355102646,40,nan,0,26422,0,1502,1498,999,1498,1499,999,999,999,999,1504,1542,1542,1514,1514,1514,1514,998,998,18,0,0,4,-1
355592004,355591411,40,nan,0,26459,0,1502,1498,999,1498,1499,999,999,999,999,1504,1542,1542,1514,1514,1514,1514,998,998,18,0,0,4,-1
356094501,356093386,40,nan,0,26496,0,1502,1498,999,1498,1499,999,999,999,999,1504,1542,1542,1514,1514,1514,1514,998,998,18,0,0,4,-1
356605021,356604461,40,nan,0,26534,0,1502,1498,999,1498,1499,999,999,999,999,1504,1542,1542,1514,1514,1514,1514,998,998,18,0,0,4,-1
357106263,357105702,40,nan,0,26571,0,1502,1498,999,1498,1499,999,999,999,999,1504,1542,1542,1514,1514,1514,1514,998,998,18,0,0,4,-1
357593016,357592456,40,nan,0,26608,0,1502,1498,999,1498,1499,999,999,999,999,1504,1542,1542,1514,1514,1514,1514,998,998,18,0,0,4,-1
358095174,358094615,40,nan,0,26645,0,1502,1498,999,1498,1499,999,999,999,999,1504,1542,1542,1514,1514,1514,1514,998,998,18,0,0,4,-1
358607048,358606417,40,nan,0,26683,0,1502,1498,999,1498,1499,999,999,999,999,1504,1542,1542,1514,1514,1514,1514,998,998,18,0,0,4,-1
359109937,359109378,40,nan,0,26721,0,1502,1498,999,1498,1499,999,999,999,999,1504,1542,1542,1514,1514,1514,1514,998,998,18,0,0,4,-1
359598636,359598076,40,nan,0,26757,0,1502,1498,999,1498,1499,999,999,999,999,1504,1542,1542,1514,1514,1514,1514,998,998,18,0,0,4,-1
360099938,360099379,40,nan,0,26794,0,1502,1498,999,1498,1499,999,999,999,999,1504,1542,1542,1514,1514,1514,1514,998,998,18,0,0,4,-1
360588149,360587547,40,nan,0,26830,0,1502,1498,999,1498,1499,999,999,999,999,1504,1542,1542,1514,1514,1514,1514,998,998,18,0,0,4,-1
361089792,361089232,40,nan,0,26868,0,1502,1498,999,1498,1499,999,999,999,999,1504,1542,1542,1514,1514,1514,1514,998,998,18,0,0,4,-1
361599964,361599403,40,nan,0,26906,0,1502,1498,999,1498,1499,999,999,999,999,1504,1542,1542,1514,1514,1514,1514,998,998,18,0,0,4,-1
362101671,362101112,40,nan,0,26943,0,1502,1498,999,1498,1499,999,999,999,999,1504,1542,1542,1514,1514,1514,1514,998,998,18,0,0,4,-1
362590309,362589749,40,nan,0,26980,0,1502,1498,999,1498,1499,999,999,999,999,1504,1542,1542,1514,1514,1514,1514,998,998,18,0,0,4,-1
363090855,363090295,40,nan,0,27017,0,1502,1498,999,1498,1499,999,999,999,999,1504,1542,1542,1514,1514,1514,1514,998,998,18,0,0,4,-1
363601413,363600829,40,nan,0,27055,0,1502,1498,999,1498,1499,999,999,999,999,1504,1542,1542,1514,1514,1514,1514,998,998,18,0,0,4,-1
364102650,364102036,40,nan,0,27092,0,1502,1498,999,1498,1499,999,999,999,999,1504,1542,1542,1514,1514,1514,1514,998,998,18,0,0,4,-1
364589216,364588655,40,nan,0,27128,0,1502,1498,999,1498,1499,999,999,999,999,1504,1542,1542,1514,1514,1514,1514,998,998,18,0,0,4,-1
365090307,365089747,40,nan,0,27165,0,1502,1498,999,1498,1499,999,999,999,999,1504,1542,1542,1514,1514,1514,1514,998,998,18,0,0,4,-1
365601418,365600835,40,nan,0,27204,0,1502,1498,999,1498,1499,999,999,999,999,1504,1542,1542,1514,1514,1514,1514,998,998,18,0,0,4,-1
366102982,366102423,40,nan,0,27241,0,1502,1498,999,1498,1499,999,999,999,999,1504,1542,1542,1514,1514,1514,1514,998,998,18,0,0,4,-1
366590879,366590319,40,nan,0,27277,0,1502,1498,999,1498,1499,999,999,999,999,1504,1542,1542,1514,1514,1514,1514,998,998,18,0,0,4,-1
367091056,367090474,40,nan,0,27314,0,1502,1498,999,1498,1499,999,999,999,999,1504,1542,1542,1514,1514,1514,1514,998,998,18,0,0,4,-1
367601419,367600827,40,nan,0,27352,0,1502,1498,999,1498,1499,999,999,999,999,1504,1542,1542,1514,1514,1514,1514,998,998,18,0,0,4,-1
368104295,368103477,40,nan,0,27390,0,1502,1498,999,1498,1499,999,999,999,999,1504,1542,1542,1514,1514,1514,1514,998,998,18,0,0,4,-1
368592307,368591748,40,nan,0,27426,0,1502,1498,999,1498,1499,999,999,999,999,1504,1542,1542,1514,1514,1514,1514,998,998,18,0,0,4,-1
369094500,369093703,40,nan,0,27463,0,1502,1498,999,1498,1499,999,999,999,999,1504,1542,1542,1514,1514,1514,1514,998,998,18,0,0,4,-1
369607033,369606419,40,nan,0,27502,0,1502,1498,999,1498,1499,999,999,999,999,1504,1542,1542,1514,1514,1514,1514,998,998,18,0,0,4,-1
370107651,370107087,40,nan,0,27539,0,1502,1498,999,1498,1499,999,999,999,999,1504,1542,1542,1514,1514,1514,1514,998,998,18,0,0,4,-1
370595962,370595371,40,nan,0,27575,0,1502,1498,999,1498,1499,999,999,999,999,1504,1542,1542,1514,1514,1514,1514,998,998,18,0,0,4,-1
371095168,371094607,40,nan,0,27612,0,1502,1498,999,1498,1499,999,999,999,999,1504,1542,1542,1514,1514,1514,1514,998,998,18,0,0,4,-1
371605151,371604577,40,nan,0,27650,0,1502,1498,999,1498,1499,999,999,999,999,1504,1542,1542,1514,1514,1514,1514,998,998,18,0,0,4,-1
372107035,372106418,40,nan,0,27688,0,1502,1498,999,1498,1499,999,999,999,999,1504,1542,1542,1514,1514,1514,1514,998,998,18,0,0,4,-1
372595151,372594589,40,nan,0,27724,0,1502,1498,999,1498,1499,999,999,999,999,1504,1542,1542,1514,1514,1514,1514,998,998,18,0,0,4,-1
373096149,373095483,40,nan,0,27761,0,1502,1498,999,1498,1499,999,999,999,999,1504,1542,1542,1514,1514,1514,1514,998,998,18,0,0,4,-1
373607770,373607209,40,nan,0,27799,0,1502,1498,999,1498,1499,999,999,999,999,1504,1542,1542,1514,1514,1514,1514,998,998,18,0,0,4,-1
374109222,374108661,40,nan,0,27837,0,1502,1498,999,1498,1499,999,999,999,999,1504,1542,1542,1514,1514,1514,1514,998,998,18,0,0,4,-1
374596169,374595566,40,nan,0,27873,0,1502,1498,999,1498,1499,999,999,999,999,1504,1542,1542,1514,1514,1514,1514,998,998,18,0,0,4,-1
375097736,375097176,40,nan,0,27910,0,1502,1498,999,1498,1499,999,999,999,999,1504,1542,1542,1514,1514,1514,1514,998,998,18,0,0,4,-1
375608069,375607509,40,nan,0,27948,0,1502,1498,999,1498,1499,999,999,999,999,1504,1542,1542,1514,1514,1514,1514,998,998,18,0,0,4,-1
376108619,376108060,40,nan,0,27985,0,1502,1498,999,1498,1499,999,999,999,999,1504,1542,1542,1514,1514,1514,1514,998,998,18,0,0,4,-1
376595722,376595162,40,nan,0,28022,0,1502,1498,999,1498,1499,999,999,999,999,1504,1542,1542,1514,1514,1514,1514,998,998,18,0,0,4,-1
377097971,377097410,40,nan,0,28059,0,1502,1498,999,1498,1499,999,999,999,999,1504,1542,1542,1514,1514,1514,1514,998,998,18,0,0,4,-1
377607647,377607087,40,nan,0,28097,0,1502,1498,999,1498,1499,999,999,999,999,1504,1542,1542,1514,1514,1514,1514,998,998,18,0,0,4,-1
378108218,378107657,40,nan,0,28134,0,1502,1498,999,1498,1499,999,999,999,999,1504,1542,1542,1514,1514,1514,1514,998,998,18,0,0,4,-1
378597735,378597175,40,nan,0,28171,0,1502,1498,999,1498,1499,999,999,999,999,1504,1542,1542,1514,1514,1514,1514,998,998,18,0,0,4,-1
379099358,379098796,40,nan,0,28208,0,1502,1498,999,1498,1499,999,999,999,999,1504,1542,1542,1514,1514,1514,1514,998,998,18,0,0,4,-1
379589668,379589102,40,nan,0,28244,0,1502,1498,999,1498,1499,999,999,999,999,1504,1542,1542,1514,1514,1514,1514,998,998,18,0,0,4,-1
380090719,380090160,40,nan,0,28282,0,1502,1498,999,1498,1499,999,999,999,999,1504,1542,1542,1514,1514,1514,1514,998,998,18,0,0,4,-1
380599358,380598798,40,nan,0,28320,0,1502,1498,999,1498,1499,999,999,999,999,1504,1542,1542,1514,1514,1514,1514,998,998,18,0,0,4,-1
381100720,381100160,40,nan,0,28357,0,1502,1498,999,1498,1499,999,999,999,999,1504,1542,1542,1514,1514,1514,1514,998,998,18,0,0,4,-1
381589651,381589091,40,nan,0,28393,0,1502,1498,999,1498,1499,999,999,999,999,1504,1542,1542,1514,1514,1514,1514,998,998,18,0,0,4,-1
382092166,382091606,40,nan,0,28431,0,1502,1498,999,1498,1499,999,999,999,999,1504,1542,1542,1514,1514,1514,1514,998,998,18,0,0,4,-1
382602173,382601614,40,nan,0,28469,0,1502,1498,999,1498,1499,999,999,999,999,1504,1542,1542,1514,1514,1514,1514,998,998,18,0,0,4,-1
383104502,383103667,40,nan,0,28506,0,1502,1498,999,1498,1499,999,999,999,999,1504,1542,1542,1514,1514,1514,1514,998,998,18,0,0,4,-1
383591605,383590976,40,nan,0,28542,0,1502,1498,999,1498,1499,999,999,999,999,1504,1542,1542,1514,1514,1514,1514,998,998,18,0,0,4,-1
384093133,384092516,40,nan,0,28579,0,1502,1498,999,1498,1499,999,999,999,999,1504,1542,1542,1514,1514,1514,1514,998,998,18,0,0,4,-1
384602310,384601750,40,nan,0,28617,0,1502,1498,999,1498,1499,999,999,999,999,1504,1542,1542,1514,1514,1514,1514,998,998,18,0,0,4,-1
385103019,385102459,40,nan,0,28655,0,1502,1498,999,1498,1499,999,999,999,999,1504,1542,1542,1514,1514,1514,1514,998,998,18,0,0,4,-1
385592163,385591603,40,nan,0,28691,0,1502,1498,999,1498,1499,999,999,999,999,1504,1542,1542,1514,1514,1514,1514,998,998,18,0,0,4,-1
386092993,386092433,40,nan,0,28728,0,1502,1498,999,1498,1499,999,999,999,999,1504,1542,1542,1514,1514,1514,1514,998,998,18,0,0,4,-1
386603316,386602653,40,nan,0,28766,0,1502,1498,999,1498,1499,999,999,999,999,1504,1542,1542,1514,1514,1514,1514,998,998,18,0,0,4,-1
387105961,387105360,40,nan,0,28804,0,1502,1498,999,1498,1499,999,999,999,999,1504,1542,1542,1514,1514,1514,1514,998,998,18,0,0,4,-1
387592987,387592427,40,nan,0,28840,0,1502,1498,999,1498,1499,999,999,999,999,1504,1542,1542,1514,1514,1514,1514,998,998,18,0,0,4,-1
388093553,388092995,40,nan,0,28877,0,1502,1498,999,1498,1499,999,999,999,999,1504,1542,1542,1514,1514,1514,1514,998,998,18,0,0,4,-1
388602707,388602147,40,nan,0,28915,0,1502,1498,999,1498,1499,999,999,999,999,1504,1542,1542,1514,1514,1514,1514,998,998,18,0,0,4,-1
389103272,389102668,40,nan,0,28952,0,1502,1498,999,1498,1499,999,999,999,999,1504,1542,1542,1514,1514,1514,1514,998,998,18,0,0,4,-1
389592165,389591605,40,nan,0,28989,0,1502,1498,999,1498,1499,999,999,999,999,1504,1542,1542,1514,1514,1514,1514,998,998,18,0,0,4,-1
390093323,390092763,40,nan,0,29026,0,1502,1498,999,1498,1499,999,999,999,999,1504,1542,1542,1514,1514,1514,1514,998,998,18,0,0,4,-1
390603211,390602652,40,nan,0,29064,0,1502,1498,999,1498,1499,999,999,999,999,1504,1542,1542,1514,1514,1514,1514,998,998,18,0,0,4,-1
391106151,391105518,40,nan,0,29101,0,1502,1498,999,1498,1499,999,999,999,999,1504,1542,1542,1514,1514,1514,1514,998,998,18,0,0,4,-1
391593500,391592941,40,nan,0,29138,0,1502,1498,999,1498,1499,999,999,999,999,1504,1542,1542,1514,1514,1514,1514,998,998,18,0,0,4,-1
392095319,392094758,40,nan,0,29175,0,1502,1498,999,1498,1499,999,999,999,999,1504,1542,1542,1514,1514,1514,1514,998,998,18,0,0,4,-1
392605011,392604436,40,nan,0,29213,0,1502,1498,999,1498,1499,999,999,999,999,1504,1542,1542,1514,1514,1514,1514,998,998,18,0,0,4,-1
393106138,393105377,40,nan,0,29250,0,1502,1498,999,1498,1499,999,999,999,999,1504,1542,1542,1514,1514,1514,1514,998,998,18,0,0,4,-1
393594303,393593676,40,nan,0,29286,0,1502,1498,999,1498,1499,999,999,999,999,1504,1542,1542,1514,1514,1514,1514,998,998,18,0,0,4,-1
394094325,394093460,40,nan,0,29324,0,1502,1498,999,1498,1499,999,999,999,999,1504,1542,1542,1514,1514,1514,1514,998,998,18,0,0,4,-1
394604576,394603274,40,nan,0,29362,0,1502,1498,999,1498,1499,999,999,999,999,1504,1542,1542,1514,1514,1514,1514,998,998,18,0,0,4,-1
395105011,395104439,40,nan,0,29399,0,1502,1498,999,1498,1499,999,999,999,999,1504,1542,1542,1514,1514,1514,1514,998,998,18,0,0,4,-1
395592890,395592330,40,nan,0,29435,0,1502,1498,999,1498,1499,999,999,999,999,1504,1542,1542,1514,1514,1514,1514,998,998,18,0,0,4,-1
396095328,396094655,40,nan,0,29472,0,1502,1498,999,1498,1499,999,999,999,999,1504,1542,1542,1514,1514,1514,1514,998,998,18,0,0,4,-1
396603636,396603077,40,nan,0,29510,0,1502,1498,999,1498,1499,999,999,999,999,1504,1542,1542,1514,1514,1514,1514,998,998,18,0,0,4,-1
397106125,397105565,40,nan,0,29548,0,1502,1498,999,1498,1499,999,999,999,999,1504,1542,1542,1514,1514,1514,1514,998,998,18,0,0,4,-1
397585173,397584613,40,nan,0,29583,0,1502,1498,999,1498,1499,999,999,999,999,1504,1542,1542,1514,1514,1514,1514,998,998,18,0,0,4,-1
398095206,398094636,40,nan,0,29621,0,1502,1498,999,1498,1499,999,999,999,999,1504,1542,1542,1514,1514,1514,1514,998,998,18,0,0,4,-1
398596118,398595347,40,nan,0,29659,0,1502,1498,999,1498,1499,999,999,999,999,1504,1542,1542,1514,1514,1514,1514,998,998,18,0,0,4,-1
399105296,399104656,40,nan,0,29696,0,1502,1498,999,1498,1499,999,999,999,999,1504,1542,1542,1514,1514,1514,1514,998,998,18,0,0,4,-1
399606021,399605168,40,nan,0,29734,0,1502,1498,999,1498,1499,999,999,999,999,1504,1542,1542,1514,1514,1514,1514,998,998,18,0,0,4,-1
400095171,400094611,40,nan,0,29770,0,1502,1498,999,1498,1499,999,999,999,999,1504,1542,1542,1514,1514,1514,1514,998,998,18,0,0,4,-1
400596168,400595542,40,nan,0,29807,0,1502,1498,999,1498,1499,999,999,999,999,1504,1542,1542,1514,1514,1514,1514,998,998,18,0,0,4,-1
401107455,401106887,40,nan,0,29845,0,1502,1498,999,1498,1499,999,999,999,999,1504,1542,1542,1514,1514,1514,1514,998,998,18,0,0,4,-1
401608609,401608049,40,nan,0,29883,0,1502,1498,999,1498,1499,999,999,999,999,1504,1542,1542,1514,1514,1514,1514,998,998,18,0,0,4,-1
402097650,402097034,40,nan,0,29919,0,1502,1498,999,1498,1499,999,999,999,999,1504,1542,1542,1514,1514,1514,1514,998,998,18,0,0,4,-1
402598615,402598055,40,nan,0,29956,0,1502,1498,999,1498,1499,999,999,999,999,1504,1542,1542,1514,1514,1514,1514,998,998,18,0,0,4,-1
403087647,403087086,40,nan,0,29993,0,1502,1498,999,1498,1499,999,999,999,999,1504,1542,1542,1514,1514,1514,1514,998,998,18,0,0,4,-1
403588406,403587847,40,nan,0,30030,0,1502,1498,999,1498,1499,999,999,999,999,1504,1542,1542,1514,1514,1514,1514,998,998,18,0,0,4,-1
404099105,404098479,40,nan,0,30068,0,1502,1498,999,1498,1499,999,999,999,999,1504,1542,1542,1514,1514,1514,1514,998,998,18,0,0,4,-1
404600720,404600158,40,nan,0,30105,0,1502,1498,999,1498,1499,999,999,999,999,1504,1542,1542,1514,1514,1514,1514,998,998,18,0,0,4,-1
405089933,405089374,40,nan,0,30142,0,1502,1498,999,1498,1499,999,999,999,999,1504,1542,1542,1514,1514,1514,1514,998,998,18,0,0,4,-1
405591605,405591032,40,nan,0,30179,0,1502,1498,999,1498,1499,999,999,999,999,1504,1542,1542,1514,1514,1514,1514,998,998,18,0,0,4,-1
406100279,406099716,40,nan,0,30217,0,1502,1498,999,1498,1499,999,999,999,999,1504,1542,1542,1514,1514,1514,1514,998,998,18,0,0,4,-1
406601411,406600837,40,nan,0,30254,0,1502,1498,999,1498,1499,999,999,999,999,1504,1542,1542,1514,1514,1514,1514,998,998,18,0,0,4,-1
407090297,407089728,40,nan,0,30291,0,1502,1498,999,1498,1499,999,999,999,999,1504,1542,1542,1514,1514,1514,1514,998,998,18,0,0,4,-1
407592164,407591605,40,nan,0,30328,0,1502,1498,999,1498,1499,999,999,999,999,1504,1542,1542,1514,1514,1514,1514,998,998,18,0,0,4,-1
408101602,408100974,40,nan,0,30366,0,1502,1498,999,1498,1499,999,999,999,999,1504,1542,1542,1514,1514,1514,1514,998,998,18,0,0,4,-1
408602648,408602086,40,nan,0,30403,0,1502,1498,999,1498,1499,999,999,999,999,1504,1542,1542,1514,1514,1514,1514,998,998,18,0,0,4,-1
409090367,409089808,40,nan,0,30439,0,1502,1498,999,1498,1499,999,999,999,999,1504,1542,1542,1514,1514,1514,1514,998,998,18,0,0,4,-1
409593212,409592652,40,nan,0,30477,0,1502,1498,999,1498,1499,999,999,999,999,1504,1542,1542,1514,1514,1514,1514,998,998,18,0,0,4,-1
410103208,410102648,40,nan,0,30515,0,1502,1498,999,1498,1499,999,999,999,999,1504,1542,1542,1514,1514,1514,1514,998,998,18,0,0,4,-1
410605311,410604751,40,nan,0,30552,0,1502,1498,999,1498,1499,999,999,999,999,1504,1542,1542,1514,1514,1514,1514,998,998,18,0,0,4,-1
411092209,411091607,40,nan,0,30588,0,1502,1498,999,1498,1499,999,999,999,999,1504,1542,1542,1514,1514,1514,1514,998,998,18,0,0,4,-1
411595163,411594600,40,nan,0,30626,0,1502,1498,999,1498,1499,999,999,999,999,1504,1542,1542,1514,1514,1514,1514,998,998,18,0,0,4,-1
412105277,412104700,40,nan,0,30664,0,1502,1498,999,1498,1499,999,999,999,999,1504,1542,1542,1514,1514,1514,1514,998,998,18,0,0,4,-1
412607437,412606878,40,nan,0,30701,0,1502,1498,999,1498,1499,999,999,999,999,1504,1542,1542,1514,1514,1514,1514,998,998,18,0,0,4,-1
413097029,413096305,40,nan,0,30738,0,1502,1498,999,1498,1499,999,999,999,999,1504,1542,1542,1514,1514,1514,1514,998,998,18,0,0,4,-1
413598620,413598061,40,nan,0,30775,0,1502,1498,999,1498,1499,999,999,999,999,1504,1542,1542,1514,1514,1514,1514,998,998,18,0,0,4,-1
414108614,414108055,40,nan,0,30813,0,1502,1498,999,1498,1499,999,999,999,999,1504,1542,1542,1514,1514,1514,1514,998,998,18,0,0,4,-1
414589360,414588796,40,nan,0,30849,0,1502,1498,999,1498,1499,999,999,999,999,1504,1542,1542,1514,1514,1514,1514,998,998,18,0,0,4,-1
415099092,415098346,40,nan,0,30886,0,1502,1498,999,1498,1499,999,999,999,999,1504,1542,1542,1514,1514,1514,1514,998,998,18,0,0,4,-1
415600886,415600291,40,nan,0,30924,0,1502,1498,999,1498,1499,999,999,999,999,1504,1542,1542,1514,1514,1514,1514,998,998,18,0,0,4,-1
416109798,416109237,40,nan,0,30962,0,1502,1498,999,1498,1499,999,999,999,999,1504,1542,1542,1514,1514,1514,1514,998,998,18,0,0,4,-1
416590006,416589432,40,nan,0,30997,0,1502,1498,999,1498,1499,999,999,999,999,1504,1542,1542,1514,1514,1514,1514,998,998,18,0,0,4,-1
417098495,417097934,40,nan,0,31035,0,1502,1498,999,1498,1499,999,999,999,999,1504,1542,1542,1514,1514,1514,1514,998,998,18,0,0,4,-1
417601601,417600969,40,nan,0,31073,0,1502,1498,999,1498,1499,999,999,999,999,1504,1542,1542,1514,1514,1514,1514,998,998,18,0,0,4,-1
418089302,418088680,40,nan,0,31109,0,1502,1498,999,1498,1499,999,999,999,999,1504,1542,1542,1514,1514,1514,1514,998,998,18,0,0,4,-1
418591727,418591155,40,nan,0,31146,0,1502,1498,999,1498,1499,999,999,999,999,1504,1542,1542,1514,1514,1514,1514,998,998,18,0,0,4,-1
419101604,419101032,40,nan,0,31184,0,1502,1498,999,1498,1499,999,999,999,999,1504,1542,1542,1514,1514,1514,1514,998,998,18,0,0,4,-1
419604467,419603247,40,nan,0,31222,0,1502,1498,999,1498,1499,999,999,999,999,1504,1542,1542,1514,1514,1514,1514,998,998,18,0,0,4,-1
420092169,420091609,40,nan,0,31258,0,1502,1498,999,1498,1499,999,999,999,999,1504,1542,1542,1514,1514,1514,1514,998,998,18,0,0,4,-1
420594475,420593279,40,nan,0,31295,0,1502,1498,999,1498,1499,999,999,999,999,1504,1542,1542,1514,1514,1514,1514,998,998,18,0,0,4,-1
421102974,421102415,40,nan,0,31333,0,1502,1498,999,1498,1499,999,999,999,999,1504,1542,1542,1514,1514,1514,1514,998,998,18,0,0,4,-1
421603548,421602989,40,nan,0,31370,0,1502,1498,999,1498,1499,999,999,999,999,1504,1542,1542,1514,1514,1514,1514,998,998,18,0,0,4,-1
422090310,422089750,40,nan,0,31407,0,1502,1498,999,1498,1499,999,999,999,999,1504,1542,1542,1514,1514,1514,1514,998,998,18,0,0,4,-1
422592978,422592419,40,nan,0,31444,0,1502,1498,999,1498,1499,999,999,999,999,1504,1542,1542,1514,1514,1514,1514,998,998,18,0,0,4,-1
423102453,423101893,40,nan,0,31482,0,1502,1498,999,1498,1499,999,999,999,999,1504,1542,1542,1514,1514,1514,1514,998,998,18,0,0,4,-1
423604461,423603279,40,nan,0,31519,0,1502,1498,999,1498,1499,999,999,999,999,1504,1542,1542,1514,1514,1514,1514,998,998,18,0,0,4,-1
424093017,424092458,40,nan,0,31556,0,1502,1498,999,1498,1499,999,999,999,999,1504,1542,1542,1514,1514,1514,1514,998,998,18,0,0,4,-1
424595164,424594581,40,nan,0,31593,0,1502,1498,999,1498,1499,999,999,999,999,1504,1542,1542,1514,1514,1514,1514,998,998,18,0,0,4,-1
425105240,425104680,40,nan,0,31631,0,1502,1498,999,1498,1499,999,999,999,999,1504,1542,1542,1514,1514,1514,1514,998,998,18,0,0,4,-1
425606118,425605497,40,nan,0,31668,0,1502,1498,999,1498,1499,999,999,999,999,1504,1542,1542,1514,1514,1514,1514,998,998,18,0,0,4,-1
426094347,426093446,40,nan,0,31705,0,1502,1498,999,1498,1499,999,999,999,999,1504,1542,1542,1514,1514,1514,1514,998,998,18,0,0,4,-1
426595246,426594686,40,nan,0,31742,0,1502,1498,999,1498,1499,999,999,999,999,1504,1542,1542,1514,1514,1514,1514,998,998,18,0,0,4,-1
427105307,427104744,40,nan,0,31780,0,1502,1498,999,1498,1499,999,999,999,999,1504,1542,1542,1514,1514,1514,1514,998,998,18,0,0,4,-1
427606049,427605489,40,nan,0,31817,0,1502,1498,999,1498,1499,999,999,999,999,1504,1542,1542,1514,1514,1514,1514,998,998,18,0,0,4,-1
428094501,428093514,40,nan,0,31853,0,1502,1498,999,1498,1499,999,999,999,999,1504,1542,1542,1514,1514,1514,1514,998,998,18,0,0,4,-1
428595384,428594825,40,nan,0,31891,0,1502,1498,999,1498,1499,999,999,999,999,1504,1542,1542,1514,1514,1514,1514,998,998,18,0,0,4,-1
429105174,429104614,40,nan,0,31929,0,1502,1498,999,1498,1499,999,999,999,999,1504,1542,1542,1514,1514,1514,1514,998,998,18,0,0,4,-1
429606821,429606260,40,nan,0,31966,0,1502,1498,999,1498,1499,999,999,999,999,1504,1542,1542,1514,1514,1514,1514,998,998,18,0,0,4,-1
430094463,430093271,40,nan,0,32002,0,1502,1498,999,1498,1499,999,999,999,999,1504,1542,1542,1514,1514,1514,1514,998,998,18,0,0,4,-1
430594523,430593550,40,nan,0,32039,0,1502,1498,999,1498,1499,999,999,999,999,1504,1542,1542,1514,1514,1514,1514,998,998,18,0,0,4,-1
431105323,431104763,40,nan,0,32077,0,1502,1498,999,1498,1499,999,999,999,999,1504,1542,1542,1514,1514,1514,1514,998,998,18,0,0,4,-1
431607736,431607176,40,nan,0,32115,0,1502,1498,999,1498,1499,999,999,999,999,1504,1542,1542,1514,1514,1514,1514,998,998,18,0,0,4,-1
432096123,432095563,40,nan,0,32151,0,1502,1498,999,1498,1499,999,999,999,999,1504,1542,1542,1514,1514,1514,1514,998,998,18,0,0,4,-1
432598212,432597652,40,nan,0,32188,0,1502,1498,999,1498,1499,999,999,999,999,1504,1542,1542,1514,1514,1514,1514,998,998,18,0,0,4,-1
433109215,433108655,40,nan,0,32227,0,1502,1498,999,1498,1499,999,999,999,999,1504,1542,1542,1514,1514,1514,1514,998,998,18,0,0,4,-1
433610352,433609792,40,nan,0,32264,0,1502,1498,999,1498,1499,999,999,999,999,1504,1542,1542,1514,1514,1514,1514,998,998,18,0,0,4,-1
434099137,434098577,40,nan,0,32300,0,1502,1498,999,1498,1499,999,999,999,999,1504,1542,1542,1514,1514,1514,1514,998,998,18,0,0,4,-1
434601599,434600976,40,nan,0,32338,0,1502,1498,999,1498,1499,999,999,999,999,1504,1542,1542,1514,1514,1514,1514,998,998,18,0,0,4,-1
435089090,435088490,40,nan,0,32374,0,1502,1498,999,1498,1499,999,999,999,999,1504,1542,1542,1514,1514,1514,1514,998,998,18,0,0,4,-1
435589817,435589258,40,nan,0,32411,0,1502,1498,999,1498,1499,999,999,999,999,1504,1542,1542,1514,1514,1514,1514,998,998,18,0,0,4,-1
436099638,436098805,40,nan,0,32449,0,1502,1498,999,1498,1499,999,999,999,999,1504,1542,1542,1514,1514,1514,1514,998,998,18,0,0,4,-1
436602506,436601931,40,nan,0,32486,0,1502,1498,999,1498,1499,999,999,999,999,1504,1542,1542,1514,1514,1514,1514,998,998,18,0,0,4,-1
437091736,437091176,40,nan,0,32523,0,1502,1498,999,1498,1499,999,999,999,999,1504,1542,1542,1514,1514,1514,1514,998,998,18,0,0,4,-1
437592168,437591608,40,nan,0,32560,0,1502,1498,999,1498,1499,999,999,999,999,1504,1542,1542,1514,1514,1514,1514,998,998,18,0,0,4,-1
438102014,438101454,40,nan,0,32598,0,1502,1498,999,1498,1499,999,999,999,999,1504,1542,1542,1514,1514,1514,1514,998,998,18,0,0,4,-1
438605163,438604603,40,nan,0,32636,0,1502,1498,999,1498,1499,999,999,999,999,1504,1542,1542,1514,1514,1514,1514,998,998,18,0,0,4,-1
439092450,439091891,40,nan,0,32672,0,1502,1498,999,1498,1499,999,999,999,999,1504,1542,1542,1514,1514,1514,1514,998,998,18,0,0,4,-1
439595339,439594779,40,nan,0,32709,0,1502,1498,999,1498,1499,999,999,999,999,1504,1542,1542,1514,1514,1514,1514,998,998,18,0,0,4,-1
440103775,440103217,40,nan,0,32747,0,1502,1498,999,1498,1499,999,999,999,999,1504,1542,1542,1514,1514,1514,1514,998,998,18,0,0,4,-1
440605354,440604792,40,nan,0,32784,0,1502,1498,999,1498,1499,999,999,999,999,1504,1542,1542,1514,1514,1514,1514,998,998,18,0,0,4,-1
441085242,441084681,40,nan,0,32820,0,1502,1498,999,1498,1499,999,999,999,999,1504,1542,1542,1514,1514,1514,1514,998,998,18,0,0,4,-1
441594528,441593453,40,nan,0,32858,0,1502,1498,999,1498,1499,999,999,999,999,1504,1542,1542,1514,1514,1514,1514,998,998,18,0,0,4,-1
442095374,442094813,40,nan,0,32895,0,1502,1498,999,1498,1499,999,999,999,999,1504,1542,1542,1514,1514,1514,1514,998,998,18,0,0,4,-1
442605163,442604604,40,nan,0,32933,0,1502,1498,999,1498,1499,999,999,999,999,1504,1542,1542,1514,1514,1514,1514,998,998,18,0,0,4,-1
443106146,443105586,40,nan,0,32970,0,1502,1498,999,1498,1499,999,999,999,999,1504,1542,1542,1514,1514,1514,1514,998,998,18,0,0,4,-1
443593273,443592678,40,nan,0,33007,0,1502,1498,999,1498,1499,999,999,999,999,1504,1542,1542,1514,1514,1514,1514,998,998,18,0,0,4,-1
444094565,444093509,40,nan,0,33044,0,1502,1498,999,1498,1499,999,999,999,999,1504,1542,1542,1514,1514,1514,1514,998,998,18,0,0,4,-1
444605169,444604608,40,nan,0,33082,0,1502,1498,999,1498,1499,999,999,999,999,1504,1542,1542,1514,1514,1514,1514,998,998,18,0,0,4,-1
445106177,445105459,40,nan,0,33119,0,1502,1498,999,1498,1499,999,999,999,999,1504,1542,1542,1514,1514,1514,1514,998,998,18,0,0,4,-1
445594507,445593650,40,nan,0,33156,0,1502,1498,999,1498,1499,999,999,999,999,1504,1542,1542,1514,1514,1514,1514,998,998,18,0,0,4,-1
446097807,446097248,40,nan,0,33193,0,1502,1498,999,1498,1499,999,999,999,999,1504,1542,1542,1514,1514,1514,1514,998,998,18,0,0,4,-1
446605963,446605305,40,nan,0,33231,0,1502,1498,999,1498,1499,999,999,999,999,1504,1542,1542,1514,1514,1514,1514,998,998,18,0,0,4,-1
447106050,447105490,40,nan,0,33268,0,1502,1498,999,1498,1499,999,999,999,999,1504,1542,1542,1514,1514,1514,1514,998,998,18,0,0,4,-1
447593344,447592785,40,nan,0,33304,0,1502,1498,999,1498,1499,999,999,999,999,1504,1542,1542,1514,1514,1514,1514,998,998,18,0,0,4,-1
448095362,448094802,40,nan,0,33342,0,1502,1498,999,1498,1499,999,999,999,999,1504,1542,1542,1514,1514,1514,1514,998,998,18,0,0,4,-1
448605388,448604828,40,nan,0,33380,0,1502,1498,999,1498,1499,999,999,999,999,1504,1542,1542,1514,1514,1514,1514,998,998,18,0,0,4,-1
449107043,449106419,40,nan,0,33417,0,1502,1499,999,1498,1499,999,999,999,999,1504,1542,1542,1514,1514,1514,1514,998,998,18,0,0,4,-1
449595960,449595306,40,nan,0,33453,0,1502,1498,999,1498,1499,999,999,999,999,1504,1542,1542,1514,1514,1514,1514,998,998,18,0,0,4,-1
450097894,450097335,40,nan,0,33491,0,1502,1498,999,1498,1499,999,999,999,999,1504,1542,1542,1514,1514,1514,1514,998,998,18,0,0,4,-1
450607767,450607191,40,nan,0,33529,0,1502,1498,999,1498,1499,999,999,999,999,1504,1542,1542,1514,1514,1514,1514,998,998,18,0,0,4,-1
451108093,451107533,40,nan,0,33566,0,1502,1498,999,1498,1499,999,999,999,999,1504,1542,1542,1514,1514,1514,1514,998,998,18,0,0,4,-1
451594295,451593476,40,nan,0,33602,0,1502,1498,999,1498,1499,999,999,999,999,1504,1542,1542,1514,1514,1514,1514,998,998,18,0,0,4,-1
452095011,452094450,40,nan,0,33639,0,1502,1498,999,1498,1499,999,999,999,999,1504,1542,1542,1514,1514,1514,1514,998,998,18,0,0,4,-1
452605152,452604581,40,nan,0,33677,0,1502,1498,999,1498,1499,999,999,999,999,1504,1542,1542,1514,1514,1514,1514,998,998,18,0,0,4,-1
453107777,453107176,40,nan,0,33715,0,1502,1498,999,1498,1499,999,999,999,999,1504,1542,1542,1514,1514,1514,1514,998,998,18,0,0,4,-1
453596058,453595490,40,nan,0,33751,0,1502,1498,999,1498,1499,999,999,999,999,1504,1542,1542,1514,1514,1514,1514,998,998,18,0,0,4,-1
454098279,454097704,40,nan,0,33788,0,1502,1498,999,1498,1499,999,999,999,999,1504,1542,1542,1514,1514,1514,1514,998,998,18,0,0,4,-1
454607646,454607034,40,nan,0,33826,0,1502,1498,999,1498,1499,999,999,999,999,1504,1542,1542,1514,1514,1514,1514,998,998,18,0,0,4,-1
455087655,455087095,40,nan,0,33862,0,1502,1498,999,1498,1499,999,999,999,999,1504,1542,1542,1514,1514,1514,1514,998,998,18,0,0,4,-1
455597440,455596880,40,nan,0,33900,0,1502,1498,999,1498,1499,999,999,999,999,1504,1542,1542,1514,1514,1514,1514,998,998,18,0,0,4,-1
456099093,456098452,40,nan,0,33937,0,1502,1498,999,1498,1499,999,999,999,999,1504,1542,1542,1514,1514,1514,1514,998,998,18,0,0,4,-1
456608596,456608036,40,nan,0,33975,0,1502,1498,999,1498,1499,999,999,999,999,1504,1542,1542,1514,1514,1514,1514,998,998,18,0,0,4,-1
457110009,457109432,40,nan,0,34012,0,1502,1498,999,1498,1499,999,999,999,999,1504,1542,1542,1514,1514,1514,1514,998,998,18,0,0,4,-1
457597655,457597086,40,nan,0,34049,0,1502,1498,999,1498,1499,999,999,999,999,1504,1542,1542,1514,1514,1514,1514,998,998,18,0,0,4,-1
458097999,458097439,40,nan,0,34086,0,1502,1498,999,1498,1499,999,999,999,999,1504,1542,1542,1514,1514,1514,1514,998,998,18,0,0,4,-1
458587766,458587184,40,nan,0,34122,0,1502,1498,999,1498,1499,999,999,999,999,1504,1542,1542,1514,1514,1514,1514,998,998,18,0,0,4,-1
459089651,459089091,40,nan,0,34160,0,1502,1498,999,1498,1499,999,999,999,999,1504,1542,1542,1514,1514,1514,1514,998,998,18,0,0,4,-1
459598511,459597951,40,nan,0,34197,0,1502,1498,999,1498,1499,999,999,999,999,1504,1542,1542,1514,1514,1514,1514,998,998,18,0,0,4,-1
460101413,460100849,40,nan,0,34235,0,1502,1498,999,1498,1499,999,999,999,999,1504,1542,1542,1514,1514,1514,1514,998,998,18,0,0,4,-1
460589653,460589093,40,nan,0,34271,0,1502,1498,999,1498,1499,999,999,999,999,1504,1542,1542,1514,1514,1514,1514,998,998,18,0,0,4,-1
461091972,461091411,40,nan,0,34309,0,1502,1498,999,1498,1499,999,999,999,999,1504,1542,1542,1514,1514,1514,1514,998,998,18,0,0,4,-1
461603226,461602646,40,nan,0,34347,0,1502,1498,999,1498,1499,999,999,999,999,1504,1542,1542,1514,1514,1514,1514,998,998,18,0,0,4,-1
462104523,462103673,40,nan,0,34384,0,1502,1498,999,1498,1499,999,999,999,999,1504,1542,1542,1514,1514,1514,1514,998,998,18,0,0,4,-1
462591999,462591412,40,nan,0,34420,0,1502,1498,999,1498,1499,999,999,999,999,1504,1542,1542,1514,1514,1514,1514,998,998,18,0,0,4,-1
463093228,463092668,40,nan,0,34458,0,1502,1498,999,1498,1499,999,999,999,999,1504,1542,1542,1514,1514,1514,1514,998,998,18,0,0,4,-1
463603565,463603006,40,nan,0,34496,0,1502,1498,999,1498,1499,999,999,999,999,1504,1542,1542,1514,1514,1514,1514,998,998,18,0,0,4,-1
464107036,464106454,40,nan,0,34533,0,1502,1498,999,1498,1499,999,999,999,999,1504,1542,1542,1514,1514,1514,1514,998,998,18,0,0,4,-1
464594367,464593246,40,nan,0,34569,0,1502,1498,999,1498,1499,999,999,999,999,1504,1542,1542,1514,1514,1514,1514,998,998,18,0,0,4,-1
465096001,465095437,40,nan,0,34607,0,1502,1498,999,1498,1499,999,999,999,999,1504,1542,1542,1514,1514,1514,1514,998,998,18,0,0,4,-1
465605319,465604754,40,nan,0,34644,0,1502,1498,999,1498,1499,999,999,999,999,1504,1542,1542,1514,1514,1514,1514,998,998,18,0,0,4,-1
466106021,466105437,40,nan,0,34682,0,1502,1498,999,1498,1499,999,999,999,999,1504,1542,1542,1514,1514,1514,1514,998,998,18,0,0,4,-1
466592653,466592029,40,nan,0,34718,0,1502,1498,999,1498,1499,999,999,999,999,1504,1542,1542,1514,1514,1514,1514,998,998,18,0,0,4,-1
467094508,467093280,40,nan,0,34755,0,1502,1498,999,1498,1499,999,999,999,999,1504,1542,1542,1514,1514,1514,1514,998,998,18,0,0,4,-1
467604293,467603410,40,nan,0,34793,0,1502,1498,999,1498,1499,999,999,999,999,1504,1542,1542,1514,1514,1514,1514,998,998,18,0,0,4,-1
468106109,468105180,40,nan,0,34831,0,1502,1498,999,1498,1499,999,999,999,999,1504,1542,1542,1514,1514,1514,1514,998,998,18,0,0,4,-1
468595445,468594885,40,nan,0,34867,0,1502,1498,999,1498,1499,999,999,999,999,1504,1542,1542,1514,1514,1514,1514,998,998,18,0,0,4,-1
469096821,469096260,40,nan,0,34904,0,1502,1499,999,1498,1499,999,999,999,999,1504,1542,1542,1514,1514,1514,1514,998,998,18,0,0,4,-1
469607478,469606889,40,nan,0,34942,0,1502,1498,999,1498,1499,999,999,999,999,1504,1542,1542,1514,1514,1514,1514,998,998,18,0,0,4,-1
470109099,470108528,40,nan,0,34980,0,1502,1498,999,1498,1499,999,999,999,999,1504,1542,1542,1514,1514,1514,1514,998,998,18,0,0,4,-1
470596111,470595485,40,nan,0,35016,0,1502,1498,999,1498,1499,999,999,999,999,1504,1542,1542,1514,1514,1514,1514,998,998,18,0,0,4,-1
471098291,471097731,40,nan,0,35053,0,1502,1498,999,1498,1499,999,999,999,999,1504,1542,1542,1514,1514,1514,1514,998,998,18,0,0,4,-1
471607646,471607033,40,nan,0,35091,0,1502,1498,999,1498,1499,999,999,999,999,1504,1542,1542,1514,1514,1514,1514,998,998,18,0,0,4,-1
472110033,472109431,40,nan,0,35128,0,1502,1498,999,1498,1499,999,999,999,999,1504,1542,1542,1514,1514,1514,1514,998,998,18,0,0,4,-1
472597656,472597096,40,nan,0,35165,0,1502,1498,999,1498,1499,999,999,999,999,1504,1542,1542,1514,1514,1514,1514,998,998,18,0,0,4,-1
473099223,473098663,40,nan,0,35202,0,1502,1498,999,1498,1499,999,999,999,999,1504,1542,1542,1514,1514,1514,1514,998,998,18,0,0,4,-1
473607646,473607086,40,nan,0,35240,0,1502,1498,999,1498,1499,999,999,999,999,1504,1542,1542,1514,1514,1514,1514,998,998,18,0,0,4,-1
474107919,474107359,40,nan,0,35277,0,1502,1498,999,1498,1499,999,999,999,999,1504,1542,1542,1514,1514,1514,1514,998,998,18,0,0,4,-1
474596131,474595568,40,nan,0,35313,0,1502,1498,999,1498,1499,999,999,999,999,1504,1542,1542,1514,1514,1514,1514,998,998,18,0,0,4,-1
475099088,475098456,40,nan,0,35351,0,1502,1498,999,1498,1499,999,999,999,999,1504,1542,1542,1514,1514,1514,1514,998,998,18,0,0,4,-1
475609655,475609095,40,nan,0,35389,0,1502,1498,999,1498,1499,999,999,999,999,1504,1542,1542,1514,1514,1514,1514,998,998,18,0,0,4,-1
476090861,476090301,40,nan,0,35425,0,1502,1498,999,1498,1499,999,999,999,999,1504,1542,1542,1514,1514,1514,1514,998,998,18,0,0,4,-1
476600857,476600297,40,nan,0,35463,0,1502,1498,999,1498,1499,999,999,999,999,1504,1542,1542,1514,1514,1514,1514,998,998,18,0,0,4,-1
477101604,477100971,40,nan,0,35500,0,1502,1498,999,1498,1499,999,999,999,999,1504,1542,1542,1514,1514,1514,1514,998,998,18,0,0,4,-1
477589983,477589406,40,nan,0,35536,0,1502,1498,999,1498,1499,999,999,999,999,1504,1542,1542,1514,1514,1514,1514,998,998,18,0,0,4,-1
478090308,478089749,40,nan,0,35573,0,1502,1498,999,1498,1499,999,999,999,999,1504,1542,1542,1514,1514,1514,1514,998,998,18,0,0,4,-1
478600278,478599718,40,nan,0,35611,0,1502,1498,999,1498,1499,999,999,999,999,1504,1542,1542,1514,1514,1514,1514,998,998,18,0,0,4,-1
479102450,479101890,40,nan,0,35649,0,1502,1498,999,1498,1499,999,999,999,999,1504,1542,1542,1514,1514,1514,1514,998,998,18,0,0,4,-1
479590830,479590157,40,nan,0,35685,0,1502,1498,999,1498,1499,999,999,999,999,1504,1542,1542,1514,1514,1514,1514,998,998,18,0,0,4,-1
480091602,480090974,40,nan,0,35722,0,1502,1498,999,1498,1499,999,999,999,999,1504,1542,1542,1514,1514,1514,1514,998,998,18,0,0,4,-1
480601450,480600862,40,nan,0,35760,0,1502,1498,999,1498,1499,999,999,999,999,1504,1542,1542,1514,1514,1514,1514,998,998,18,0,0,4,-1
481102979,481102420,40,nan,0,35798,0,1502,1498,999,1498,1499,999,999,999,999,1504,1542,1542,1514,1514,1514,1514,998,998,18,0,0,4,-1
481591411,481590725,40,nan,0,35834,0,1502,1498,999,1498,1499,999,999,999,999,1504,1542,1542,1514,1514,1514,1514,998,998,18,0,0,4,-1
482090878,482090318,40,nan,0,35871,0,1502,1498,999,1498,1499,999,999,999,999,1504,1542,1542,1514,1514,1514,1514,998,998,18,0,0,4,-1
482590296,482589737,40,nan,0,35908,0,1502,1498,999,1498,1499,999,999,999,999,1504,1542,1542,1514,1514,1514,1514,998,998,18,0,0,4,-1
483099649,483099089,40,nan,0,35946,0,1502,1498,999,1498,1499,999,999,999,999,1504,1542,1542,1514,1514,1514,1514,998,998,18,0,0,4,-1
483601430,483600845,40,nan,0,35984,0,1502,1498,999,1498,1499,999,999,999,999,1504,1542,1542,1514,1514,1514,1514,998,998,18,0,0,4,-1
484090298,484089738,40,nan,0,36020,0,1502,1498,999,1498,1499,999,999,999,999,1504,1542,1542,1514,1514,1514,1514,998,998,18,0,0,4,-1
484591602,484590976,40,nan,0,36057,0,1502,1498,999,1498,1499,999,999,999,999,1504,1542,1542,1514,1514,1514,1514,998,998,18,0,0,4,-1
485101411,485100829,40,nan,0,36095,0,1502,1498,999,1498,1499,999,999,999,999,1504,1542,1542,1514,1514,1514,1514,998,998,18,0,0,4,-1
485602503,485601929,40,nan,0,36132,0,1502,1498,999,1498,1499,999,999,999,999,1504,1542,1542,1514,1514,1514,1514,998,998,18,0,0,4,-1
486090269,486089707,40,nan,0,36169,0,1502,1498,999,1498,1499,999,999,999,999,1504,1542,1542,1514,1514,1514,1514,998,998,18,0,0,4,-1
486590878,486590318,40,nan,0,36206,0,1502,1498,999,1498,1499,999,999,999,999,1504,1542,1542,1514,1514,1514,1514,998,998,18,0,0,4,-1
487100993,487100434,40,nan,0,36244,0,1502,1498,999,1498,1499,999,999,999,999,1504,1542,1542,1514,1514,1514,1514,998,998,18,0,0,4,-1
487602450,487601890,40,nan,0,36281,0,1502,1498,999,1498,1499,999,999,999,999,1504,1542,1542,1514,1514,1514,1514,998,998,18,0,0,4,-1
488090005,488089429,40,nan,0,36317,0,1502,1498,999,1498,1499,999,999,999,999,1504,1542,1542,1514,1514,1514,1514,998,998,18,0,0,4,-1
488590308,488589749,40,nan,0,36355,0,1502,1498,999,1498,1499,999,999,999,999,1504,1542,1542,1514,1514,1514,1514,998,998,18,0,0,4,-1
489099654,489099094,40,nan,0,36393,0,1502,1498,999,1498,1499,999,999,999,999,1504,1542,1542,1514,1514,1514,1514,998,998,18,0,0,4,-1
489601615,489600970,40,nan,0,36430,0,1502,1498,999,1498,1499,999,999,999,999,1504,1542,1542,1514,1514,1514,1514,998,998,18,0,0,4,-1
490089218,490088652,40,nan,0,36466,0,1502,1498,999,1498,1499,999,999,999,999,1504,1542,1542,1514,1514,1514,1514,998,998,18,0,0,4,-1
490589663,490589103,40,nan,0,36503,0,1502,1498,999,1498,1499,999,999,999,999,1504,1542,1542,1514,1514,1514,1514,998,998,18,0,0,4,-1
491100009,491099432,40,nan,0,36541,0,1502,1498,999,1498,1499,999,999,999,999,1504,1542,1542,1514,1514,1514,1514,998,998,18,0,0,4,-1
491600710,491600151,40,nan,0,36579,0,1502,1498,999,1498,1499,999,999,999,999,1504,1542,1542,1514,1514,1514,1514,998,998,18,0,0,4,-1
492089212,492088650,40,nan,0,36615,0,1502,1498,999,1498,1499,999,999,999,999,1504,1542,1542,1514,1514,1514,1514,998,998,18,0,0,4,-1
492590320,492589709,40,nan,0,36652,0,1502,1498,999,1498,1499,999,999,999,999,1504,1542,1542,1514,1514,1514,1514,998,998,18,0,0,4,-1
493099651,493099091,40,nan,0,36690,0,1502,1498,999,1498,1499,999,999,999,999,1504,1542,1542,1514,1514,1514,1514,998,998,18,0,0,4,-1
493601605,493600971,40,nan,0,36728,0,1502,1498,999,1498,1499,999,999,999,999,1504,1542,1542,1514,1514,1514,1514,998,998,18,0,0,4,-1
494090279,494089716,40,nan,0,36764,0,1502,1498,999,1498,1499,999,999,999,999,1504,1542,1542,1514,1514,1514,1514,998,998,18,0,0,4,-1
494592720,494592157,40,nan,0,36801,0,1502,1498,999,1498,1499,999,999,999,999,1504,1542,1542,1514,1514,1514,1514,998,998,18,0,0,4,-1
495104524,495103432,40,nan,0,36839,0,1502,1498,999,1498,1499,999,999,999,999,1504,1542,1542,1514,1514,1514,1514,998,998,18,0,0,4,-1
495606123,495605562,40,nan,0,36877,0,1502,1498,999,1498,1499,999,999,999,999,1504,1542,1542,1514,1514,1514,1514,998,998,18,0,0,4,-1
496093558,496093000,40,nan,0,36913,0,1502,1498,999,1498,1499,999,999,999,999,1504,1542,1542,1514,1514,1514,1514,998,998,18,0,0,4,-1
496596206,496595645,40,nan,0,36950,0,1502,1498,999,1498,1499,999,999,999,999,1504,1542,1542,1514,1514,1514,1514,998,998,18,0,0,4,-1
497105167,497104607,40,nan,0,36988,0,1502,1498,999,1498,1499,999,999,999,999,1504,1542,1542,1514,1514,1514,1514,998,998,18,0,0,4,-1
497606175,497605483,40,nan,0,37026,0,1502,1498,999,1498,1499,999,999,999,999,1504,1542,1542,1514,1514,1514,1514,998,998,18,0,0,4,-1
498092985,498092425,40,nan,0,37062,0,1502,1498,999,1498,1499,999,999,999,999,1504,1542,1542,1514,1514,1514,1514,998,998,18,0,0,4,-1
498595346,498594786,40,nan,0,37099,0,1502,1498,999,1498,1499,999,999,999,999,1504,1542,1542,1514,1514,1514,1514,998,998,18,0,0,4,-1
499105715,499105156,40,nan,0,37137,0,1502,1498,999,1498,1499,999,999,999,999,1504,1542,1542,1514,1514,1514,1514,998,998,18,0,0,4,-1
499606083,499605523,40,nan,0,37174,0,1502,1498,999,1498,1499,999,999,999,999,1504,1542,1542,1514,1514,1514,1514,998,998,18,0,0,4,-1
500093229,500092648,40,nan,0,37211,0,1502,1498,999,1498,1499,999,999,999,999,1504,1542,1542,1514,1514,1514,1514,998,998,18,0,0,4,-1
500595031,500594470,40,nan,0,37248,0,1502,1498,999,1498,1499,999,999,999,999,1504,1542,1542,1514,1514,1514,1514,998,998,18,0,0,4,-1
501104508,501103342,40,nan,0,37286,0,1502,1498,999,1498,1499,999,999,999,999,1504,1542,1542,1514,1514,1514,1514,998,998,18,0,0,4,-1
501606156,501605528,40,nan,0,37323,0,1502,1498,999,1498,1499,999,999,999,999,1504,1542,1542,1514,1514,1514,1514,998,998,18,0,0,4,-1
502094329,502093655,40,nan,0,37359,0,1502,1498,999,1498,1499,999,999,999,999,1504,1542,1542,1514,1514,1514,1514,998,998,18,0,0,4,-1
502594507,502593656,40,nan,0,37397,0,1502,1498,999,1498,1499,999,999,999,999,1504,1542,1542,1514,1514,1514,1514,998,998,18,0,0,4,-1
503104556,503103478,40,nan,0,37435,0,1502,1498,999,1498,1499,999,999,999,999,1504,1542,1542,1514,1514,1514,1514,998,998,18,0,0,4,-1
503607654,503607029,40,nan,0,37472,0,1502,1498,999,1498,1499,999,999,999,999,1504,1542,1542,1514,1514,1514,1514,998,998,18,0,0,4,-1
504095228,504094611,40,nan,0,37508,0,1502,1498,999,1498,1499,999,999,999,999,1504,1542,1542,1514,1514,1514,1514,998,998,18,0,0,4,-1
504597034,504596428,40,nan,0,37546,0,1502,1498,999,1498,1499,999,999,999,999,1504,1542,1542,1514,1514,1514,1514,998,998,18,0,0,4,-1
505107645,505107043,40,nan,0,37584,0,1502,1498,999,1498,1499,999,999,999,999,1504,1542,1542,1514,1514,1514,1514,998,998,18,0,0,4,-1
505608213,505607652,40,nan,0,37621,0,1502,1498,999,1498,1499,999,999,999,999,1504,1542,1542,1514,1514,1514,1514,998,998,18,0,0,4,-1
506096079,506095504,40,nan,0,37657,0,1502,1498,999,1498,1499,999,999,999,999,1504,1542,1542,1514,1514,1514,1514,998,998,18,0,0,4,-1
506598220,506597659,40,nan,0,37695,0,1502,1498,999,1498,1499,999,999,999,999,1504,1542,1542,1514,1514,1514,1514,998,998,18,0,0,4,-1
507108617,507108058,40,nan,0,37733,0,1502,1498,999,1498,1499,999,999,999,999,1504,1542,1542,1514,1514,1514,1514,998,998,18,0,0,4,-1
507589793,507589228,40,nan,0,37768,0,1502,1498,999,1498,1499,999,999,999,999,1504,1542,1542,1514,1514,1514,1514,998,998,18,0,0,4,-1
508099223,508098663,40,nan,0,37806,0,1502,1498,999,1498,1499,999,999,999,999,1504,1542,1542,1514,1514,1514,1514,998,998,18,0,0,4,-1
508600853,508600294,40,nan,0,37844,0,1502,1498,999,1498,1499,999,999,999,999,1504,1542,1542,1514,1514,1514,1514,998,998,18,0,0,4,-1
509089259,509088653,40,nan,0,37880,0,1502,1498,999,1498,1499,999,999,999,999,1504,1542,1542,1514,1514,1514,1514,998,998,18,0,0,4,-1
509590319,509589753,40,nan,0,37917,0,1502,1498,999,1498,1499,999,999,999,999,1504,1542,1542,1514,1514,1514,1514,998,998,18,0,0,4,-1
510099235,510098675,40,nan,0,37955,0,1502,1498,999,1498,1499,999,999,999,999,1504,1542,1542,1514,1514,1514,1514,998,998,18,0,0,4,-1
510600293,510599734,40,nan,0,37992,0,1502,1498,999,1498,1499,999,999,999,999,1504,1542,1542,1514,1514,1514,1514,998,998,18,0,0,4,-1
511088703,511088142,40,nan,0,38029,0,1502,1498,999,1498,1499,999,999,999,999,1504,1542,1542,1514,1514,1514,1514,998,998,18,0,0,4,-1
511589261,511588678,40,nan,0,38066,0,1502,1498,999,1498,1499,999,999,999,999,1504,1542,1542,1514,1514,1514,1514,998,998,18,0,0,4,-1
512098404,512097844,40,nan,0,38104,0,1502,1498,999,1498,1499,999,999,999,999,1504,1542,1542,1514,1514,1514,1514,998,998,18,0,0,4,-1
512599925,512599365,40,nan,0,38141,0,1502,1498,999,1498,1499,999,999,999,999,1504,1542,1542,1514,1514,1514,1514,998,998,18,0,0,4,-1
513107649,513107086,40,nan,0,38179,0,1502,1498,999,1498,1499,999,999,999,999,1504,1542,1542,1514,1514,1514,1514,998,998,18,0,0,4,-1
513608327,513607766,40,nan,0,38216,0,1502,1498,999,1498,1499,999,999,999,999,1504,1542,1542,1514,1514,1514,1514,998,998,18,0,0,4,-1
514097653,514097034,40,nan,0,38253,0,1502,1498,999,1498,1499,999,999,999,999,1504,1542,1542,1514,1514,1514,1514,998,998,18,0,0,4,-1
514598491,514597931,40,nan,0,38290,0,1502,1498,999,1498,1499,999,999,999,999,1504,1542,1542,1514,1514,1514,1514,998,998,18,0,0,4,-1
515108615,515108055,40,nan,0,38328,0,1502,1498,999,1498,1499,999,999,999,999,1504,1542,1542,1514,1514,1514,1514,998,998,18,0,0,4,-1
515609230,515608671,40,nan,0,38365,0,1502,1498,999,1498,1499,999,999,999,999,1504,1542,1542,1514,1514,1514,1514,998,998,18,0,0,4,-1
516095356,516094796,40,nan,0,38401,0,1502,1498,999,1498,1499,999,999,999,999,1504,1542,1542,1514,1514,1514,1514,998,998,18,0,0,4,-1
516595973,516595350,40,nan,0,38439,0,1502,1498,999,1498,1499,999,999,999,999,1504,1542,1542,1514,1514,1514,1514,998,998,18,0,0,4,-1
517106144,517105180,40,nan,0,38476,0,1502,1498,999,1498,1499,999,999,999,999,1504,1542,1542,1514,1514,1514,1514,998,998,18,0,0,4,-1
517608614,517608055,40,nan,0,38514,0,1502,1498,999,1498,1499,999,999,999,999,1504,1542,1542,1514,1514,1514,1514,998,998,18,0,0,4,-1
518097883,518097322,40,nan,0,38550,0,1502,1498,999,1498,1499,999,999,999,999,1504,1542,1542,1514,1514,1514,1514,998,998,18,0,0,4,-1
518600281,518599716,40,nan,0,38588,0,1502,1498,999,1498,1499,999,999,999,999,1504,1542,1542,1514,1514,1514,1514,998,998,18,0,0,4,-1
519089358,519088798,40,nan,0,38624,0,1502,1498,999,1498,1499,999,999,999,999,1504,1542,1542,1514,1514,1514,1514,998,998,18,0,0,4,-1
519590945,519590294,40,nan,0,38661,0,1502,1498,999,1498,1499,999,999,999,999,1504,1542,1542,1514,1514,1514,1514,998,998,18,0,0,4,-1
520099934,520099375,40,nan,0,38699,0,1502,1498,999,1498,1499,999,999,999,999,1504,1542,1542,1514,1514,1514,1514,998,998,18,0,0,4,-1
520601733,520601172,40,nan,0,38737,0,1502,1498,999,1498,1499,999,999,999,999,1504,1542,1542,1514,1514,1514,1514,998,998,18,0,0,4,-1
521110710,521110150,40,nan,0,38774,0,1502,1498,999,1498,1499,999,999,999,999,1504,1542,1542,1514,1514,1514,1514,998,998,18,0,0,4,-1
521589652,521589092,40,nan,0,38810,0,1502,1498,999,1498,1499,999,999,999,999,1504,1542,1542,1514,1514,1514,1514,998,998,18,0,0,4,-1
522097659,522097099,40,nan,0,38848,0,1502,1498,999,1498,1499,999,999,999,999,1504,1542,1542,1514,1514,1514,1514,998,998,18,0,0,4,-1
522598616,522598056,40,nan,0,38885,0,1502,1498,999,1498,1499,999,999,999,999,1504,1542,1542,1514,1514,1514,1514,998,998,18,0,0,4,-1
523109094,523108515,40,nan,0,38923,0,1502,1498,999,1498,1499,999,999,999,999,1504,1542,1542,1514,1514,1514,1514,998,998,18,0,0,4,-1
523610288,523609728,40,nan,0,38960,0,1502,1498,999,1498,1499,999,999,999,999,1504,1542,1542,1514,1514,1514,1514,998,998,18,0,0,4,-1
524098208,524097648,40,nan,0,38997,0,1502,1498,999,1498,1499,999,999,999,999,1504,1542,1542,1514,1514,1514,1514,998,998,18,0,0,4,-1
524599935,524599376,40,nan,0,39034,0,1502,1498,999,1498,1499,999,999,999,999,1504,1542,1542,1514,1514,1514,1514,998,998,18,0,0,4,-1
525087443,525086883,40,nan,0,39070,0,1502,1498,999,1498,1499,999,999,999,999,1504,1542,1542,1514,1514,1514,1514,998,998,18,0,0,4,-1
525588490,525587930,40,nan,0,39108,0,1502,1498,999,1498,1499,999,999,999,999,1504,1542,1542,1514,1514,1514,1514,998,998,18,0,0,4,-1
526097646,526097034,40,nan,0,39145,0,1502,1498,999,1498,1499,999,999,999,999,1504,1542,1542,1514,1514,1514,1514,998,998,18,0,0,4,-1
526597441,526596881,40,nan,0,39183,0,1502,1498,999,1498,1499,999,999,999,999,1504,1542,1542,1514,1514,1514,1514,998,998,18,0,0,4,-1
527108228,527107648,40,nan,0,39221,0,1502,1498,999,1498,1499,999,999,999,999,1504,1542,1542,1514,1514,1514,1514,998,998,18,0,0,4,-1
527610232,527609673,40,nan,0,39258,0,1502,1498,999,1498,1499,999,999,999,999,1504,1542,1542,1514,1514,1514,1514,998,998,18,0,0,4,-1
528090280,528089721,40,nan,0,39294,0,1502,1498,999,1498,1499,999,999,999,999,1504,1542,1542,1514,1514,1514,1514,998,998,18,0,0,4,-1
528599936,528599376,40,nan,0,39332,0,1502,1498,999,1498,999,999,999,999,999,1504,1542,1542,1514,1514,1514,1514,998,998,18,0,0,4,-1
529100994,529100435,40,nan,0,39369,0,1502,1498,999,1498,999,999,999,999,999,1504,1542,1542,1514,1514,1514,1514,998,998,18,0,0,4,-1
529609088,529608514,40,nan,0,39407,0,1502,1498,999,1498,999,999,999,999,999,1504,1542,1542,1514,1514,1514,1514,998,998,18,0,0,4,-1
530109097,530108519,40,nan,0,39444,0,1502,1498,999,1498,999,999,999,999,999,1504,1542,1542,1514,1514,1514,1514,998,998,18,0,0,4,-1
530596107,530595529,40,nan,0,39480,0,1502,1498,999,1498,999,999,999,999,999,1504,1542,1542,1514,1514,1514,1514,998,998,18,0,0,4,-1
531099672,531099087,40,nan,0,39518,0,1502,1498,999,1498,999,999,999,999,999,1504,1542,1542,1514,1514,1514,1514,998,998,18,0,0,4,-1
531589789,531589229,40,nan,0,39554,0,1502,1498,999,1498,999,999,999,999,999,1504,1542,1542,1514,1514,1514,1514,998,998,18,0,0,4,-1
532091419,532090831,40,nan,0,39591,0,1502,1498,999,1498,999,999,999,999,999,1504,1542,1542,1514,1514,1514,1514,998,998,18,0,0,4,-1
532603005,532602446,40,nan,0,39629,0,1502,1498,999,1498,999,999,999,999,999,1504,1542,1542,1514,1514,1514,1514,998,998,18,0,0,4,-1
533093114,533092543,40,nan,0,39666,0,1502,1498,999,1498,999,999,999,999,999,1504,1542,1542,1514,1514,1514,1514,998,998,18,0,0,4,-1
533599659,533599098,40,nan,0,39704,0,1502,1498,999,1498,999,999,999,999,999,1504,1542,1542,1514,1514,1514,1514,998,998,18,0,0,4,-1
