timestamp,timestamp_sample,q[0],q[1],q[2],q[3],delta_q_reset[0],delta_q_reset[1],delta_q_reset[2],delta_q_reset[3],quat_reset_counter
267474055,267473746,0.7386363,0.0040872465,3.0336332e-05,0.6740918,0.70893836,6.6470396e-10,-1.0270237e-10,0.7052704,1
267974013,267973741,0.73878014,0.004093853,4.399123e-05,0.6739341,0.70893836,6.6470396e-10,-1.0270237e-10,0.7052704,1
268474014,268473741,0.7388421,0.0040641255,4.1246105e-05,0.6738663,0.70893836,6.6470396e-10,-1.0270237e-10,0.7052704,1
268974023,268973741,0.7387239,0.0040936046,2.2230775e-05,0.6739958,0.70893836,6.6470396e-10,-1.0270237e-10,0.7052704,1
269474004,269473741,0.73871636,0.0039583105,9.700241e-05,0.6740049,0.70893836,6.6470396e-10,-1.0270237e-10,0.7052704,1
269974006,269973741,0.73875785,0.003795247,0.00020336997,0.67396027,0.70893836,6.6470396e-10,-1.0270237e-10,0.7052704,1
270474038,270473741,0.73882204,0.0036441118,0.00029834604,0.67389077,0.70893836,6.6470396e-10,-1.0270237e-10,0.7052704,1
270974037,270973744,0.7389263,0.003344291,0.00068004534,0.6737777,0.70893836,6.6470396e-10,-1.0270237e-10,0.7052704,1
271474038,271473740,0.7286362,-0.0036261484,-0.0029422003,0.6848851,0.70893836,6.6470396e-10,-1.0270237e-10,0.7052704,1
271974012,271973741,0.72150594,0.0114656165,-0.012062588,0.6922083,0.70893836,6.6470396e-10,-1.0270237e-10,0.7052704,1
272474005,272473740,0.725605,0.011720954,-0.0078656655,0.68796664,0.70893836,6.6470396e-10,-1.0270237e-10,0.7052704,1
272974004,272973741,0.73054266,0.009776478,-0.005002662,0.6827787,0.70893836,6.6470396e-10,-1.0270237e-10,0.7052704,1
273474006,273473741,0.7324102,0.0125924805,-0.0074546677,0.6807065,0.70893836,6.6470396e-10,-1.0270237e-10,0.7052704,1
273974014,273973741,0.73373616,0.010670254,-0.0067251665,0.6793175,0.70893836,6.6470396e-10,-1.0270237e-10,0.7052704,1
274474014,274473742,0.73470426,0.009211287,-0.010356682,0.67824596,0.70893836,6.6470396e-10,-1.0270237e-10,0.7052704,1
274974005,274973741,0.7356624,0.008191569,-0.010404454,0.677219,0.70893836,6.6470396e-10,-1.0270237e-10,0.7052704,1
275474002,275473740,0.73652035,0.0068436055,-0.011013244,0.67629117,0.70893836,6.6470396e-10,-1.0270237e-10,0.7052704,1
275974037,275973741,0.73711836,0.004111312,-0.008569148,0.6756969,0.70893836,6.6470396e-10,-1.0270237e-10,0.7052704,1
276474015,276473741,0.7374475,0.008433701,-0.0063330047,0.6753221,0.70893836,6.6470396e-10,-1.0270237e-10,0.7052704,1
276974028,276973740,0.73729527,0.011796127,-0.00782249,0.6754224,0.70893836,6.6470396e-10,-1.0270237e-10,0.7052704,1
277474015,277473741,0.7368791,0.009690948,-0.0071553616,0.67591727,0.70893836,6.6470396e-10,-1.0270237e-10,0.7052704,1
277974019,277973744,0.73677003,0.01161887,-0.0058978894,0.6760179,0.70893836,6.6470396e-10,-1.0270237e-10,0.7052704,1
278474010,278473741,0.7364086,0.008866104,-0.00947739,0.6764126,0.70893836,6.6470396e-10,-1.0270237e-10,0.7052704,1
278974012,278973741,0.73605025,0.011533746,-0.009261657,0.67676526,0.70893836,6.6470396e-10,-1.0270237e-10,0.7052704,1
279474029,279473741,0.7355001,0.007844479,-0.009395966,0.6774141,0.70893836,6.6470396e-10,-1.0270237e-10,0.7052704,1
279974007,279973741,0.7353817,0.0067352285,-0.010901919,0.67753196,0.70893836,6.6470396e-10,-1.0270237e-10,0.7052704,1
280474026,280473741,0.7360964,0.008557504,-0.013392518,0.6766902,0.70893836,6.6470396e-10,-1.0270237e-10,0.7052704,1
280974026,280973741,0.7370597,0.0072872518,-0.0090420935,0.6757279,0.70893836,6.6470396e-10,-1.0270237e-10,0.7052704,1
281474019,281473742,0.73727345,0.0066016223,-0.0067712483,0.6755283,0.70893836,6.6470396e-10,-1.0270237e-10,0.7052704,1
281974003,281973740,0.7371155,0.0075783455,-0.006074462,0.675697,0.70893836,6.6470396e-10,-1.0270237e-10,0.7052704,1
282474036,282473741,0.73706853,0.0048423083,-0.009363938,0.6757359,0.70893836,6.6470396e-10,-1.0270237e-10,0.7052704,1
282974008,282973740,0.73720306,0.01039243,-0.006542633,0.6755597,0.70893836,6.6470396e-10,-1.0270237e-10,0.7052704,1
283474007,283473741,0.7378024,0.012812324,-0.006379616,0.674865,0.70893836,6.6470396e-10,-1.0270237e-10,0.7052704,1
283974006,283973741,0.7384584,0.010926084,-0.00811182,0.6741618,0.70893836,6.6470396e-10,-1.0270237e-10,0.7052704,1
284474013,284473741,0.7388079,0.010703893,-0.010235217,0.6737534,0.70893836,6.6470396e-10,-1.0270237e-10,0.7052704,1
284974014,284973742,0.73909914,0.00592585,-0.01470117,0.67341024,0.70893836,6.6470396e-10,-1.0270237e-10,0.7052704,1
285474010,285473741,0.73958963,0.010648781,-0.017578192,0.67274433,0.70893836,6.6470396e-10,-1.0270237e-10,0.7052704,1
285974004,285973740,0.7400082,0.008044068,-0.015661918,0.6723674,0.70893836,6.6470396e-10,-1.0270237e-10,0.7052704,1
286474002,286473741,0.74039775,0.0021466021,-0.007236176,0.67212677,0.70893836,6.6470396e-10,-1.0270237e-10,0.7052704,1
286974042,286973741,0.7406004,0.0060978485,-0.009013539,0.67185766,0.70893836,6.6470396e-10,-1.0270237e-10,0.7052704,1
287474005,287473740,0.739672,0.005160229,-0.00451572,0.67293274,0.70893836,6.6470396e-10,-1.0270237e-10,0.7052704,1
287974037,287973741,0.7396526,0.005408259,0.00014562045,0.6729672,0.70893836,6.6470396e-10,-1.0270237e-10,0.7052704,1
288474036,288473744,0.74056363,0.010291851,0.0010650726,0.6719066,0.70893836,6.6470396e-10,-1.0270237e-10,0.7052704,1
288974008,288973741,0.7416632,0.012495598,-0.0064201355,0.6706254,0.70893836,6.6470396e-10,-1.0270237e-10,0.7052704,1
289474004,289473741,0.74294907,0.011156726,-0.00949788,0.66918766,0.70893836,6.6470396e-10,-1.0270237e-10,0.7052704,1
289974005,289973741,0.74359536,0.011160919,-0.016185008,0.6683409,0.70893836,6.6470396e-10,-1.0270237e-10,0.7052704,1
290474003,290473740,0.74335617,0.009467713,-0.018168129,0.6685821,0.70893836,6.6470396e-10,-1.0270237e-10,0.7052704,1
290974009,290973740,0.74309593,0.0073433192,-0.016393762,0.6689439,0.70893836,6.6470396e-10,-1.0270237e-10,0.7052704,1
291474005,291473741,0.74239707,0.005875707,-0.010760161,0.6698481,0.70893836,6.6470396e-10,-1.0270237e-10,0.7052704,1
291974010,291973744,0.74146694,0.0019222934,-0.0051603448,0.67096686,0.70893836,6.6470396e-10,-1.0270237e-10,0.7052704,1
292474045,292473741,0.7410124,0.00010591138,-0.003047436,0.6714845,0.70893836,6.6470396e-10,-1.0270237e-10,0.7052704,1
292974005,292973741,0.74030817,0.0013274784,-0.0003388011,0.67226636,0.70893836,6.6470396e-10,-1.0270237e-10,0.7052704,1
293474029,293473740,0.7390741,0.010007003,-0.0040874444,0.6735375,0.70893836,6.6470396e-10,-1.0270237e-10,0.7052704,1
293974013,293973740,0.73889875,0.016569898,-0.0022700715,0.673609,0.70893836,6.6470396e-10,-1.0270237e-10,0.7052704,1
294474007,294473741,0.73945427,0.018865485,-0.0033715076,0.67293394,0.70893836,6.6470396e-10,-1.0270237e-10,0.7052704,1
294974008,294973741,0.73955303,0.01248803,-0.010043272,0.67290753,0.70893836,6.6470396e-10,-1.0270237e-10,0.7052704,1
295474008,295473742,0.73976934,0.0060614925,-0.012907965,0.67270947,0.70893836,6.6470396e-10,-1.0270237e-10,0.7052704,1
295974011,295973741,0.73979634,0.0052825846,-0.016305089,0.67261267,0.70893836,6.6470396e-10,-1.0270237e-10,0.7052704,1
296474007,296473741,0.7394795,0.00858355,-0.009084021,0.6730631,0.70893836,6.6470396e-10,-1.0270237e-10,0.7052704,1
296974008,296973741,0.73788106,0.006758845,-0.009188459,0.6748345,0.70893836,6.6470396e-10,-1.0270237e-10,0.7052704,1
297474009,297473741,0.7334558,0.0074372026,-0.004574568,0.6796811,0.70893836,6.6470396e-10,-1.0270237e-10,0.7052704,1
297974041,297973741,0.7277647,0.0059259096,0.0026913602,0.6857961,0.70893836,6.6470396e-10,-1.0270237e-10,0.7052704,1
298474006,298473741,0.7243595,0.009015619,-0.0055380925,0.6893412,0.70893836,6.6470396e-10,-1.0270237e-10,0.7052704,1
298974036,298973744,0.7250413,0.010568192,-0.0061335904,0.688597,0.70893836,6.6470396e-10,-1.0270237e-10,0.7052704,1
299474071,299473778,0.7286923,0.0081393225,-0.0051346375,0.68477374,0.70893836,6.6470396e-10,-1.0270237e-10,0.7052704,1
299974002,299973741,0.73109597,0.008643943,-0.011477988,0.6821233,0.70893836,6.6470396e-10,-1.0270237e-10,0.7052704,1
300474019,300473741,0.7333766,0.011446106,-0.011685971,0.67962575,0.70893836,6.6470396e-10,-1.0270237e-10,0.7052704,1
300974007,300973740,0.73444563,0.009628215,-0.014056678,0.67845374,0.70893836,6.6470396e-10,-1.0270237e-10,0.7052704,1
301474013,301473741,0.73490757,0.0076272157,-0.00677437,0.6780906,0.70893836,6.6470396e-10,-1.0270237e-10,0.7052704,1
301974008,301973741,0.7367098,0.009648223,-0.010266063,0.6760624,0.70893836,6.6470396e-10,-1.0270237e-10,0.7052704,1
302474009,302473742,0.7390823,0.0044698585,-0.006287083,0.67357105,0.70893836,6.6470396e-10,-1.0270237e-10,0.7052704,1
302974009,302973741,0.7404281,0.0074205445,-0.0007894953,0.6720942,0.70893836,6.6470396e-10,-1.0270237e-10,0.7052704,1
303474042,303473741,0.74035144,0.010600667,-0.00086492416,0.6721359,0.70893836,6.6470396e-10,-1.0270237e-10,0.7052704,1
303974008,303973740,0.7393268,0.0094507085,-0.0028367233,0.6732746,0.70893836,6.6470396e-10,-1.0270237e-10,0.7052704,1
304474003,304473740,0.7371452,0.012647935,-0.009148245,0.6755541,0.70893836,6.6470396e-10,-1.0270237e-10,0.7052704,1
304974008,304973740,0.73546815,0.015359102,-0.012018252,0.6772786,0.70893836,6.6470396e-10,-1.0270237e-10,0.7052704,1
305474006,305473741,0.7338238,0.014893452,-0.009220949,0.6791141,0.70893836,6.6470396e-10,-1.0270237e-10,0.7052704,1
305974005,305973741,0.7340311,0.013246155,-0.009074357,0.6789261,0.70893836,6.6470396e-10,-1.0270237e-10,0.7052704,1
306474006,306473741,0.73688984,0.011840413,-0.011653771,0.67580867,0.70893836,6.6470396e-10,-1.0270237e-10,0.7052704,1
306974002,306973741,0.7396516,0.007912003,-0.016248927,0.6727474,0.70893836,6.6470396e-10,-1.0270237e-10,0.7052704,1
307474003,307473740,0.7404168,0.0064541623,-0.011425138,0.67201996,0.70893836,6.6470396e-10,-1.0270237e-10,0.7052704,1
307974011,307973741,0.74116135,0.0035292765,-0.0036797903,0.6713076,0.70893836,6.6470396e-10,-1.0270237e-10,0.7052704,1
308474042,308473741,0.7425915,0.005026065,-0.0024834778,0.66972125,0.70893836,6.6470396e-10,-1.0270237e-10,0.7052704,1
308974054,308973741,0.74099964,0.008696032,-0.0038796521,0.671438,0.70893836,6.6470396e-10,-1.0270237e-10,0.7052704,1
309474014,309473744,0.7386982,0.011773022,-0.0022104613,0.67393,0.70893836,6.6470396e-10,-1.0270237e-10,0.7052704,1
309974004,309973741,0.7385882,0.015284886,-0.0061876373,0.67395526,0.70893836,6.6470396e-10,-1.0270237e-10,0.7052704,1
310474006,310473741,0.73933196,0.010504849,-0.009528668,0.6731919,0.70893836,6.6470396e-10,-1.0270237e-10,0.7052704,1
310974006,310973740,0.7385192,0.01370145,-0.01190087,0.6739883,0.70893836,6.6470396e-10,-1.0270237e-10,0.7052704,1
311474004,311473741,0.7385592,0.014856592,-0.0147125125,0.6738644,0.70893836,6.6470396e-10,-1.0270237e-10,0.7052704,1
311974005,311973741,0.73903286,0.012506082,-0.014476453,0.6733977,0.70893836,6.6470396e-10,-1.0270237e-10,0.7052704,1
312474013,312473741,0.73971325,0.007018691,-0.01209931,0.6727769,0.70893836,6.6470396e-10,-1.0270237e-10,0.7052704,1
312974009,312973744,0.7394131,0.0063574756,-0.009125449,0.67316025,0.70893836,6.6470396e-10,-1.0270237e-10,0.7052704,1
313474004,313473740,0.7382408,0.0037864053,-0.004029301,0.6745147,0.70893836,6.6470396e-10,-1.0270237e-10,0.7052704,1
313974005,313973741,0.7372949,-4.4981607e-05,-0.0019683822,0.6755682,0.70893836,6.6470396e-10,-1.0270237e-10,0.7052704,1
314474015,314473741,0.73693913,0.0014439541,-0.0031627389,0.6759503,0.70893836,6.6470396e-10,-1.0270237e-10,0.7052704,1
314974024,314973740,0.73737186,0.003989862,-0.007997834,0.675428,0.70893836,6.6470396e-10,-1.0270237e-10,0.7052704,1
315474007,315473741,0.73757493,0.011955746,-0.014672291,0.6750001,0.70893836,6.6470396e-10,-1.0270237e-10,0.7052704,1
315974014,315973741,0.73694646,0.014843532,-0.011716563,0.6756866,0.70893836,6.6470396e-10,-1.0270237e-10,0.7052704,1
316474011,316473744,0.73678535,0.014299042,-0.008053498,0.67592764,0.70893836,6.6470396e-10,-1.0270237e-10,0.7052704,1
316974006,316973741,0.7374151,0.011807035,-0.0062679644,0.67530763,0.70893836,6.6470396e-10,-1.0270237e-10,0.7052704,1
317474002,317473740,0.7380954,0.010553416,-0.0081119295,0.67456514,0.70893836,6.6470396e-10,-1.0270237e-10,0.7052704,1
317974037,317973741,0.73863584,0.009200043,-0.010704245,0.67395693,0.70893836,6.6470396e-10,-1.0270237e-10,0.7052704,1
318474002,318473741,0.73898894,0.0060593383,-0.009679736,0.6736209,0.70893836,6.6470396e-10,-1.0270237e-10,0.7052704,1
318974028,318973740,0.7398636,0.0038686108,-0.011633943,0.6726453,0.70893836,6.6470396e-10,-1.0270237e-10,0.7052704,1
319474007,319473741,0.7406085,0.0027061228,-0.006698146,0.671898,0.70893836,6.6470396e-10,-1.0270237e-10,0.7052704,1
319974041,319973742,0.74083894,0.0016093279,-0.0076215565,0.67163754,0.70893836,6.6470396e-10,-1.0270237e-10,0.7052704,1
320474047,320473741,0.74061465,0.0064978385,-0.005632176,0.671875,0.70893836,6.6470396e-10,-1.0270237e-10,0.7052704,1
320974003,320973740,0.7401533,0.0050036935,-0.0038998367,0.67240834,0.70893836,6.6470396e-10,-1.0270237e-10,0.7052704,1
321474006,321473741,0.7405808,0.0056099095,-0.0027779744,0.67193824,0.70893836,6.6470396e-10,-1.0270237e-10,0.7052704,1
321974005,321973740,0.73977226,0.011687777,-0.008091627,0.6727072,0.70893836,6.6470396e-10,-1.0270237e-10,0.7052704,1
322474011,322473741,0.73810345,0.011245994,-0.010427056,0.6745133,0.70893836,6.6470396e-10,-1.0270237e-10,0.7052704,1
322974012,322973741,0.7367274,0.008459341,-0.0134663,0.6760028,0.70893836,6.6470396e-10,-1.0270237e-10,0.7052704,1
323474006,323473741,0.7367379,0.008712707,-0.013044853,0.6759964,0.70893836,6.6470396e-10,-1.0270237e-10,0.7052704,1
323974002,323973740,0.73724395,0.009612815,-0.011595329,0.6754588,0.70893836,6.6470396e-10,-1.0270237e-10,0.7052704,1
324474016,324473748,0.73755133,0.0088708885,-0.008839913,0.6751751,0.70893836,6.6470396e-10,-1.0270237e-10,0.7052704,1
324974016,324973741,0.73873967,0.0054490915,-0.0046068346,0.6739532,0.70893836,6.6470396e-10,-1.0270237e-10,0.7052704,1
325474011,325473741,0.7400304,0.0036563782,-0.0019959752,0.6725606,0.70893836,6.6470396e-10,-1.0270237e-10,0.7052704,1
325974013,325973741,0.7409905,0.004956117,-0.0045001274,0.67148215,0.70893836,6.6470396e-10,-1.0270237e-10,0.7052704,1
326474007,326473741,0.74079496,0.0059128986,-0.0025947047,0.6717003,0.70893836,6.6470396e-10,-1.0270237e-10,0.7052704,1
326974013,326973745,0.7395762,0.0066970517,-0.005477305,0.67301726,0.70893836,6.6470396e-10,-1.0270237e-10,0.7052704,1
327474039,327473741,0.73984444,0.012737949,-0.013791322,0.67251605,0.70893836,6.6470396e-10,-1.0270237e-10,0.7052704,1
327974002,327973741,0.7413688,0.010445115,-0.014502577,0.67085993,0.70893836,6.6470396e-10,-1.0270237e-10,0.7052704,1
328474004,328473740,0.7416902,0.01377295,-0.011066867,0.6705099,0.70893836,6.6470396e-10,-1.0270237e-10,0.7052704,1
328974007,328973741,0.7412606,0.008752364,-0.008759863,0.6711032,0.70893836,6.6470396e-10,-1.0270237e-10,0.7052704,1
329474003,329473740,0.7399528,0.007905113,-0.009657938,0.6725431,0.70893836,6.6470396e-10,-1.0270237e-10,0.7052704,1
329974042,329973741,0.74015945,0.0062922905,-0.009346468,0.6723371,0.70893836,6.6470396e-10,-1.0270237e-10,0.7052704,1
330474009,330473741,0.7404517,0.0038746803,-0.0075222617,0.6720564,0.70893836,6.6470396e-10,-1.0270237e-10,0.7052704,1
330974015,330973741,0.7410406,0.0053081736,-0.0019377372,0.67143655,0.70893836,6.6470396e-10,-1.0270237e-10,0.7052704,1
331474003,331473740,0.74186623,0.006915216,-0.00225036,0.6705085,0.70893836,6.6470396e-10,-1.0270237e-10,0.7052704,1
331974026,331973741,0.7412461,0.0061290143,-0.009231961,0.6711419,0.70893836,6.6470396e-10,-1.0270237e-10,0.7052704,1
332474005,332473740,0.7409487,0.010109906,-0.007300356,0.6714459,0.70893836,6.6470396e-10,-1.0270237e-10,0.7052704,1
332974006,332973740,0.74088186,0.011245848,-0.011672945,0.6714399,0.70893836,6.6470396e-10,-1.0270237e-10,0.7052704,1
333474008,333473741,0.74140537,0.009568868,-0.011024548,0.6708987,0.70893836,6.6470396e-10,-1.0270237e-10,0.7052704,1
333974015,333973744,0.7408344,0.008662524,-0.011550474,0.6715325,0.70893836,6.6470396e-10,-1.0270237e-10,0.7052704,1
334474004,334473740,0.7397367,0.007832377,-0.013986272,0.6727056,0.70893836,6.6470396e-10,-1.0270237e-10,0.7052704,1
334974008,334973742,0.74012655,0.005410255,-0.013378708,0.6723128,0.70893836,6.6470396e-10,-1.0270237e-10,0.7052704,1
335474015,335473741,0.73969835,0.0047810315,-0.005547098,0.6728988,0.70893836,6.6470396e-10,-1.0270237e-10,0.7052704,1
335974004,335973741,0.74071133,0.0030925833,-0.00022425578,0.67181635,0.70893836,6.6470396e-10,-1.0270237e-10,0.7052704,1
336474052,336473741,0.74231327,0.0054012113,-0.0022908198,0.67002743,0.70893836,6.6470396e-10,-1.0270237e-10,0.7052704,1
336974038,336973741,0.7409545,0.007924477,-0.005218933,0.6714882,0.70893836,6.6470396e-10,-1.0270237e-10,0.7052704,1
337474008,337473741,0.7402529,0.010036246,-0.01042148,0.67217284,0.70893836,6.6470396e-10,-1.0270237e-10,0.7052704,1
337974004,337973741,0.73885405,0.012012207,-0.01234411,0.6736454,0.70893836,6.6470396e-10,-1.0270237e-10,0.7052704,1
338474017,338473741,0.7382698,0.014249728,-0.011906257,0.67424995,0.70893836,6.6470396e-10,-1.0270237e-10,0.7052704,1
338974002,338973740,0.7376287,0.01290187,-0.011057995,0.6749928,0.70893836,6.6470396e-10,-1.0270237e-10,0.7052704,1
339474005,339473741,0.73686534,0.009251762,-0.011605904,0.6758767,0.70893836,6.6470396e-10,-1.0270237e-10,0.7052704,1
339974005,339973741,0.73539746,0.004894622,-0.009721346,0.6775487,0.70893836,6.6470396e-10,-1.0270237e-10,0.7052704,1
340474028,340473741,0.7339365,0.009350785,-0.007454701,0.67911285,0.70893836,6.6470396e-10,-1.0270237e-10,0.7052704,1
340974034,340973741,0.7348703,0.0037534132,-0.0026114683,0.6781923,0.70893836,6.6470396e-10,-1.0270237e-10,0.7052704,1
341474010,341473744,0.73615295,0.0015565027,-0.0018186896,0.6768111,0.70893836,6.6470396e-10,-1.0270237e-10,0.7052704,1
341974010,341973741,0.73586607,0.007809923,-0.0012732693,0.677081,0.70893836,6.6470396e-10,-1.0270237e-10,0.7052704,1
342474004,342473741,0.7338785,0.009472602,-0.0014863247,0.67921317,0.70893836,6.6470396e-10,-1.0270237e-10,0.7052704,1
342974007,342973740,0.7333957,0.010872812,-0.005266098,0.6796948,0.70893836,6.6470396e-10,-1.0270237e-10,0.7052704,1
343474006,343473741,0.7318789,0.011301884,-0.012615145,0.68122435,0.70893836,6.6470396e-10,-1.0270237e-10,0.7052704,1
343974013,343973741,0.7303237,0.012028672,-0.015996277,0.68280804,0.70893836,6.6470396e-10,-1.0270237e-10,0.7052704,1
344474010,344473741,0.73105896,0.01240973,-0.016987447,0.68199,0.70893836,6.6470396e-10,-1.0270237e-10,0.7052704,1
344974033,344973740,0.7346736,0.0071617085,-0.011810092,0.6782801,0.70893836,6.6470396e-10,-1.0270237e-10,0.7052704,1
345474008,345473741,0.73835963,0.009751739,-0.011825656,0.6742331,0.70893836,6.6470396e-10,-1.0270237e-10,0.7052704,1
345974003,345973740,0.74105275,0.008077332,-0.007424314,0.6713573,0.70893836,6.6470396e-10,-1.0270237e-10,0.7052704,1
346474004,346473740,0.741995,0.005511834,-0.005876776,0.67035705,0.70893836,6.6470396e-10,-1.0270237e-10,0.7052704,1
346974006,346973741,0.74219996,-0.00039791345,-0.0020487495,0.6701754,0.70893836,6.6470396e-10,-1.0270237e-10,0.7052704,1
347474012,347473741,0.74061173,0.004804995,-0.0008431293,0.6719156,0.70893836,6.6470396e-10,-1.0270237e-10,0.7052704,1
347974010,347973744,0.74243486,0.011166194,-0.0011409028,0.66982424,0.70893836,6.6470396e-10,-1.0270237e-10,0.7052704,1
348474006,348473741,0.74541646,0.01569645,-0.007971331,0.6663666,0.70893836,6.6470396e-10,-1.0270237e-10,0.7052704,1
348974002,348973741,0.7447261,0.011788806,-0.016777141,0.66705525,0.70893836,6.6470396e-10,-1.0270237e-10,0.7052704,1
349474003,349473740,0.7445522,0.011995309,-0.0136434175,0.66731715,0.70893836,6.6470396e-10,-1.0270237e-10,0.7052704,1
349974005,349973741,0.74401647,0.012905326,-0.0138976555,0.6678921,0.70893836,6.6470396e-10,-1.0270237e-10,0.7052704,1
350474006,350473741,0.74126846,0.0079465415,-0.013445716,0.67102706,0.70893836,6.6470396e-10,-1.0270237e-10,0.7052704,1
350974007,350973740,0.7395047,0.009174794,-0.0065529863,0.6730571,0.70893836,6.6470396e-10,-1.0270237e-10,0.7052704,1
351474013,351473741,0.7384179,0.0103919655,-0.00621227,0.67423475,0.70893836,6.6470396e-10,-1.0270237e-10,0.7052704,1
351974011,351973740,0.73781115,0.004447039,-0.0029178907,0.6749863,0.70893836,6.6470396e-10,-1.0270237e-10,0.7052704,1
352474001,352473740,0.7371616,0.007308993,-0.0026622503,0.67567176,0.70893836,6.6470396e-10,-1.0270237e-10,0.7052704,1
352974081,352973783,0.7377764,0.0084072165,-0.0031546582,0.67498547,0.70893836,6.6470396e-10,-1.0270237e-10,0.7052704,1
353474004,353473741,0.73900557,0.008909612,-0.009708944,0.67357045,0.70893836,6.6470396e-10,-1.0270237e-10,0.7052704,1
353974007,353973741,0.7392766,0.008990929,-0.009882129,0.67326945,0.70893836,6.6470396e-10,-1.0270237e-10,0.7052704,1
354474010,354473741,0.7381638,0.011742038,-0.012489085,0.6744038,0.70893836,6.6470396e-10,-1.0270237e-10,0.7052704,1
354974038,354973741,0.7372104,0.014735379,-0.018416854,0.6752514,0.70893836,6.6470396e-10,-1.0270237e-10,0.7052704,1
355474003,355473741,0.7391827,0.011511733,-0.014570452,0.67324895,0.70893836,6.6470396e-10,-1.0270237e-10,0.7052704,1
355974004,355973741,0.74161845,0.009933284,-0.008906163,0.6706893,0.70893836,6.6470396e-10,-1.0270237e-10,0.7052704,1
356474017,356473743,0.7423222,0.011223789,-0.0059055844,0.66992307,0.70893836,6.6470396e-10,-1.0270237e-10,0.7052704,1
356974007,356973741,0.741347,0.00516503,-0.007642233,0.67105854,0.70893836,6.6470396e-10,-1.0270237e-10,0.7052704,1
357474005,357473741,0.7400756,0.0065637557,-0.008303055,0.6724405,0.70893836,6.6470396e-10,-1.0270237e-10,0.7052704,1
357974006,357973741,0.739615,0.008538355,-0.0042776573,0.67296255,0.70893836,6.6470396e-10,-1.0270237e-10,0.7052704,1
358474039,358473741,0.74006057,0.0067735566,-0.0060469895,0.672479,0.70893836,6.6470396e-10,-1.0270237e-10,0.7052704,1
358974025,358973741,0.7401482,0.0077918945,-0.012507019,0.6722824,0.70893836,6.6470396e-10,-1.0270237e-10,0.7052704,1
359474010,359473741,0.7391752,0.009252535,-0.0151031185,0.6732803,0.70893836,6.6470396e-10,-1.0270237e-10,0.7052704,1
359974002,359973740,0.737695,0.008827652,-0.016336078,0.6748788,0.70893836,6.6470396e-10,-1.0270237e-10,0.7052704,1
360474006,360473741,0.7379607,0.005038894,-0.013366338,0.6746925,0.70893836,6.6470396e-10,-1.0270237e-10,0.7052704,1
360974005,360973740,0.7387651,0.0131582655,-0.011205045,0.67374146,0.70893836,6.6470396e-10,-1.0270237e-10,0.7052704,1
361474079,361473742,0.73843116,0.013694202,-0.0040872796,0.6741775,0.70893836,6.6470396e-10,-1.0270237e-10,0.7052704,1
361974040,361973743,0.73522085,0.00910238,-0.00131091,0.6777653,0.70893836,6.6470396e-10,-1.0270237e-10,0.7052704,1
362474030,362473741,0.7326329,0.007538873,-0.0051574716,0.68056273,0.70893836,6.6470396e-10,-1.0270237e-10,0.7052704,1
362974012,362973740,0.73191845,0.006251339,-0.006765991,0.68132997,0.70893836,6.6470396e-10,-1.0270237e-10,0.7052704,1
363474005,363473741,0.7346896,0.004467179,-0.012805822,0.6782679,0.70893836,6.6470396e-10,-1.0270237e-10,0.7052704,1
363974016,363973741,0.73804736,0.0095906,-0.014985842,0.6745144,0.70893836,6.6470396e-10,-1.0270237e-10,0.7052704,1
364474012,364473741,0.740304,0.009332961,-0.00905001,0.6721467,0.70893836,6.6470396e-10,-1.0270237e-10,0.7052704,1
364974007,364973741,0.7420677,0.011764728,-0.011940793,0.6701154,0.70893836,6.6470396e-10,-1.0270237e-10,0.7052704,1
365474047,365473743,0.7430034,0.010269902,-0.008177381,0.66915894,0.70893836,6.6470396e-10,-1.0270237e-10,0.7052704,1
365974011,365973741,0.7440946,0.0065413374,-0.00569103,0.6680181,0.70893836,6.6470396e-10,-1.0270237e-10,0.7052704,1
366474002,366473741,0.74373436,0.008890249,-0.0049104807,0.6683982,0.70893836,6.6470396e-10,-1.0270237e-10,0.7052704,1
366974008,366973741,0.74074984,0.0063651414,-0.0015269443,0.6717492,0.70893836,6.6470396e-10,-1.0270237e-10,0.7052704,1
367474011,367473741,0.7386952,0.007222329,-0.006051056,0.6739738,0.70893836,6.6470396e-10,-1.0270237e-10,0.7052704,1
367974015,367973741,0.7375215,0.009769992,-0.005789361,0.67522824,0.70893836,6.6470396e-10,-1.0270237e-10,0.7052704,1
368474037,368473741,0.7377092,0.012132688,-0.007241122,0.6749708,0.70893836,6.6470396e-10,-1.0270237e-10,0.7052704,1
368974034,368973743,0.7378616,0.0059705307,-0.0096803475,0.67485636,0.70893836,6.6470396e-10,-1.0270237e-10,0.7052704,1
369474061,369473767,0.7380316,0.0064725447,-0.008950155,0.67467576,0.70893836,6.6470396e-10,-1.0270237e-10,0.7052704,1
369974003,369973740,0.7364052,0.008940485,-0.007917607,0.6764354,0.70893836,6.6470396e-10,-1.0270237e-10,0.7052704,1
370474003,370473740,0.7354268,0.011076917,-0.011680627,0.6774129,0.70893836,6.6470396e-10,-1.0270237e-10,0.7052704,1
370974004,370973741,0.7348019,0.004908118,-0.0067464975,0.6782305,0.70893836,6.6470396e-10,-1.0270237e-10,0.7052704,1
371474009,371473741,0.7352515,0.00893446,-0.0082325,0.6776855,0.70893836,6.6470396e-10,-1.0270237e-10,0.7052704,1
371974023,371973741,0.7362972,0.0053850845,-0.0031370812,0.6766296,0.70893836,6.6470396e-10,-1.0270237e-10,0.7052704,1
372474031,372473742,0.7371605,0.0063381135,-0.0050562457,0.6756691,0.70893836,6.6470396e-10,-1.0270237e-10,0.7052704,1
372974009,372973741,0.7368428,0.0018990838,-0.0021330293,0.67605805,0.70893836,6.6470396e-10,-1.0270237e-10,0.7052704,1
373474008,373473741,0.7358718,0.0053888476,-0.005925515,0.6770736,0.70893836,6.6470396e-10,-1.0270237e-10,0.7052704,1
373974014,373973741,0.7362093,0.015053963,-0.00876968,0.67652977,0.70893836,6.6470396e-10,-1.0270237e-10,0.7052704,1
374474004,374473741,0.7384469,0.017392518,-0.005332175,0.6740663,0.70893836,6.6470396e-10,-1.0270237e-10,0.7052704,1
374974038,374973741,0.73964965,0.015101623,-0.011761522,0.67271996,0.70893836,6.6470396e-10,-1.0270237e-10,0.7052704,1
375474012,375473741,0.7407341,0.010975141,-0.013098371,0.67158103,0.70893836,6.6470396e-10,-1.0270237e-10,0.7052704,1
375974012,375973744,0.73839694,0.0057628495,-0.009915718,0.67426884,0.70893836,6.6470396e-10,-1.0270237e-10,0.7052704,1
376474007,376473741,0.7365282,0.009125952,-0.008097124,0.67629683,0.70893836,6.6470396e-10,-1.0270237e-10,0.7052704,1
376974012,376973741,0.73440254,0.0055016438,-0.005687548,0.6786681,0.70893836,6.6470396e-10,-1.0270237e-10,0.7052704,1
377474062,377473741,0.7333261,0.004376297,-0.003424239,0.67985445,0.70893836,6.6470396e-10,-1.0270237e-10,0.7052704,1
377974059,377973740,0.7329516,0.0064619184,0.0010240385,0.68024933,0.70893836,6.6470396e-10,-1.0270237e-10,0.7052704,1
378474011,378473741,0.73443305,0.008417699,-0.0020746489,0.67862576,0.70893836,6.6470396e-10,-1.0270237e-10,0.7052704,1
378974006,378973741,0.7364779,0.011643932,-0.0036213025,0.6763518,0.70893836,6.6470396e-10,-1.0270237e-10,0.7052704,1
379474036,379473741,0.7385464,0.013243017,-0.012336074,0.67395985,0.70893836,6.6470396e-10,-1.0270237e-10,0.7052704,1
379974006,379973741,0.7410802,0.014652706,-0.016335176,0.6710579,0.70893836,6.6470396e-10,-1.0270237e-10,0.7052704,1
380474011,380473741,0.74413306,0.0099043455,-0.015491118,0.6677784,0.70893836,6.6470396e-10,-1.0270237e-10,0.7052704,1
380974056,380973740,0.7449116,0.013270265,-0.016254961,0.66683316,0.70893836,6.6470396e-10,-1.0270237e-10,0.7052704,1
381474026,381473741,0.742575,0.008114517,-0.013344817,0.6695808,0.70893836,6.6470396e-10,-1.0270237e-10,0.7052704,1
381974006,381973741,0.74092585,0.004803071,-0.008448109,0.6715166,0.70893836,6.6470396e-10,-1.0270237e-10,0.7052704,1
382474014,382473741,0.74195546,0.0025026933,-0.0037885199,0.6704339,0.70893836,6.6470396e-10,-1.0270237e-10,0.7052704,1
382974034,382973744,0.7431682,0.0070225135,-0.005901012,0.66904193,0.70893836,6.6470396e-10,-1.0270237e-10,0.7052704,1
383474023,383473741,0.7435004,0.0058089774,0.002559062,0.66870534,0.70893836,6.6470396e-10,-1.0270237e-10,0.7052704,1
383974024,383973740,0.7435854,0.0039881715,-0.002052018,0.66862595,0.70893836,6.6470396e-10,-1.0270237e-10,0.7052704,1
384474009,384473741,0.7425722,0.004977773,-0.011557015,0.6696479,0.70893836,6.6470396e-10,-1.0270237e-10,0.7052704,1
384974006,384973741,0.74045503,0.011678505,-0.015277574,0.67183083,0.70893836,6.6470396e-10,-1.0270237e-10,0.7052704,1
385474014,385473741,0.7384771,0.0149664525,-0.01631596,0.67391497,0.70893836,6.6470396e-10,-1.0270237e-10,0.7052704,1
385974014,385973741,0.73800695,0.011984945,-0.012442694,0.674572,0.70893836,6.6470396e-10,-1.0270237e-10,0.7052704,1
386474009,386473744,0.7387891,0.010277196,-0.008046943,0.6738104,0.70893836,6.6470396e-10,-1.0270237e-10,0.7052704,1
386974049,386973760,0.7402378,0.01114505,-0.006727305,0.6722193,0.70893836,6.6470396e-10,-1.0270237e-10,0.7052704,1
387474013,387473741,0.7402168,0.008136766,-0.007995129,0.6722716,0.70893836,6.6470396e-10,-1.0270237e-10,0.7052704,1
387974003,387973740,0.73919797,0.0045184917,-0.0065700267,0.673441,0.70893836,6.6470396e-10,-1.0270237e-10,0.7052704,1
388474005,388473740,0.7401831,-0.0005707458,-0.004933087,0.6723871,0.70893836,6.6470396e-10,-1.0270237e-10,0.7052704,1
388974047,388973741,0.7421084,0.009823865,-0.004715353,0.6701914,0.70893836,6.6470396e-10,-1.0270237e-10,0.7052704,1
389474010,389473741,0.7428655,0.010454267,-0.0047837915,0.66934204,0.70893836,6.6470396e-10,-1.0270237e-10,0.7052704,1
389974014,389973741,0.74249065,0.013534258,-0.0074648475,0.66967815,0.70893836,6.6470396e-10,-1.0270237e-10,0.7052704,1
390474004,390473741,0.7407875,0.011861399,-0.008199776,0.6715847,0.70893836,6.6470396e-10,-1.0270237e-10,0.7052704,1
390973997,390973741,0.73815095,0.008582421,-0.009504805,0.67451406,0.70893836,6.6470396e-10,-1.0270237e-10,0.7052704,1
391474016,391473741,0.73720366,0.006194998,-0.012475244,0.6755271,0.70893836,6.6470396e-10,-1.0270237e-10,0.7052704,1
391974006,391973741,0.7380419,0.006416957,-0.01280609,0.67460287,0.70893836,6.6470396e-10,-1.0270237e-10,0.7052704,1
392474005,392473740,0.73676777,0.010670831,-0.009980506,0.6759881,0.70893836,6.6470396e-10,-1.0270237e-10,0.7052704,1
392974007,392973741,0.7352633,0.0062450585,-0.0052260137,0.67773277,0.70893836,6.6470396e-10,-1.0270237e-10,0.7052704,1
393474011,393473744,0.7330928,0.0022788884,-0.00165517,0.68012285,0.70893836,6.6470396e-10,-1.0270237e-10,0.7052704,1
393974003,393973740,0.7325851,0.003402212,-0.0064601693,0.68063635,0.70893836,6.6470396e-10,-1.0270237e-10,0.7052704,1
394474002,394473741,0.73523355,0.007571442,-0.0068393913,0.6777371,0.70893836,6.6470396e-10,-1.0270237e-10,0.7052704,1
394974007,394973741,0.738607,0.010052178,-0.005542189,0.6740386,0.70893836,6.6470396e-10,-1.0270237e-10,0.7052704,1
395474003,395473740,0.73876363,0.010908163,-0.006097363,0.6738488,0.70893836,6.6470396e-10,-1.0270237e-10,0.7052704,1
395974006,395973740,0.7388909,0.0154008595,-0.0071873977,0.67361075,0.70893836,6.6470396e-10,-1.0270237e-10,0.7052704,1
396474008,396473741,0.73753744,0.009869142,-0.009949122,0.6751609,0.70893836,6.6470396e-10,-1.0270237e-10,0.7052704,1
396974020,396973741,0.73531866,0.005035109,-0.013682034,0.6775648,0.70893836,6.6470396e-10,-1.0270237e-10,0.7052704,1
397474007,397473741,0.7340997,0.0070203086,-0.009997432,0.67893183,0.70893836,6.6470396e-10,-1.0270237e-10,0.7052704,1
397974005,397973741,0.7360839,0.009334048,-0.011187739,0.6767335,0.70893836,6.6470396e-10,-1.0270237e-10,0.7052704,1
398474009,398473740,0.73844826,0.005075192,-0.0105521055,0.6742086,0.70893836,6.6470396e-10,-1.0270237e-10,0.7052704,1
398974005,398973741,0.7376875,0.005459359,-0.0073442347,0.67508036,0.70893836,6.6470396e-10,-1.0270237e-10,0.7052704,1
399474046,399473740,0.7372588,0.0071154935,-0.005988834,0.67554647,0.70893836,6.6470396e-10,-1.0270237e-10,0.7052704,1
399974007,399973741,0.7384141,0.008223718,-0.0041012904,0.6742849,0.70893836,6.6470396e-10,-1.0270237e-10,0.7052704,1
400474041,400473744,0.739472,0.007160609,-0.00606256,0.673122,0.70893836,6.6470396e-10,-1.0270237e-10,0.7052704,1
400974006,400973740,0.7389375,0.00823801,-0.0109336255,0.6736349,0.70893836,6.6470396e-10,-1.0270237e-10,0.7052704,1
401474004,401473741,0.7376583,0.009730656,-0.010339824,0.675025,0.70893836,6.6470396e-10,-1.0270237e-10,0.7052704,1
401974004,401973740,0.7375556,0.013734872,-0.010721524,0.67506164,0.70893836,6.6470396e-10,-1.0270237e-10,0.7052704,1
402474041,402473741,0.73881173,0.0113270255,-0.008557912,0.6737624,0.70893836,6.6470396e-10,-1.0270237e-10,0.7052704,1
402974005,402973741,0.74069923,0.013011861,-0.00793253,0.67166394,0.70893836,6.6470396e-10,-1.0270237e-10,0.7052704,1
403474012,403473741,0.7409265,0.00682737,-0.0104474565,0.67147017,0.70893836,6.6470396e-10,-1.0270237e-10,0.7052704,1
403974054,403973742,0.74053395,0.004490504,-0.010110908,0.671928,0.70893836,6.6470396e-10,-1.0270237e-10,0.7052704,1
404474036,404473740,0.73990434,0.0017551292,-0.0125550255,0.6725927,0.70893836,6.6470396e-10,-1.0270237e-10,0.7052704,1
404974003,404973741,0.7399004,0.0021661955,-0.007180785,0.67267466,0.70893836,6.6470396e-10,-1.0270237e-10,0.7052704,1
405474015,405473741,0.74064374,0.012485323,-0.0026120343,0.67177695,0.70893836,6.6470396e-10,-1.0270237e-10,0.7052704,1
405974001,405973740,0.7413758,0.011044625,-0.0033422227,0.67099094,0.70893836,6.6470396e-10,-1.0270237e-10,0.7052704,1
406474011,406473740,0.7414123,0.0093297055,-0.006394233,0.6709546,0.70893836,6.6470396e-10,-1.0270237e-10,0.7052704,1
406974007,406973741,0.7415465,0.008725776,-0.00864608,0.670789,0.70893836,6.6470396e-10,-1.0270237e-10,0.7052704,1
407474039,407473741,0.7418476,0.010504723,-0.010121718,0.67040986,0.70893836,6.6470396e-10,-1.0270237e-10,0.7052704,1
407974044,407973745,0.7411183,0.014279216,-0.014377689,0.6710686,0.70893836,6.6470396e-10,-1.0270237e-10,0.7052704,1
408474005,408473741,0.7392177,0.011997454,-0.010838117,0.6732725,0.70893836,6.6470396e-10,-1.0270237e-10,0.7052704,1
408974024,408973741,0.73811734,0.006786728,-0.008334702,0.67458683,0.70893836,6.6470396e-10,-1.0270237e-10,0.7052704,1
409474061,409473741,0.73731047,0.010999368,-0.008638038,0.6754093,0.70893836,6.6470396e-10,-1.0270237e-10,0.7052704,1
409974006,409973741,0.7372933,0.009899251,-0.005668828,0.6754765,0.70893836,6.6470396e-10,-1.0270237e-10,0.7052704,1
410474013,410473741,0.7377064,0.007787126,-0.0018979799,0.6750741,0.70893836,6.6470396e-10,-1.0270237e-10,0.7052704,1
410974048,410973741,0.7378794,0.006336373,-0.0044798693,0.674888,0.70893836,6.6470396e-10,-1.0270237e-10,0.7052704,1
411474028,411473741,0.73949564,0.007484647,-0.00855892,0.67306536,0.70893836,6.6470396e-10,-1.0270237e-10,0.7052704,1
411974004,411973741,0.7414652,0.009939258,-0.011710089,0.6708155,0.70893836,6.6470396e-10,-1.0270237e-10,0.7052704,1
412474010,412473740,0.74303687,0.009761008,-0.011004244,0.66908884,0.70893836,6.6470396e-10,-1.0270237e-10,0.7052704,1
412974009,412973741,0.7414195,0.0082156155,-0.011582547,0.6708916,0.70893836,6.6470396e-10,-1.0270237e-10,0.7052704,1
413474014,413473741,0.7406442,0.013922062,-0.011519682,0.67165446,0.70893836,6.6470396e-10,-1.0270237e-10,0.7052704,1
413974007,413973741,0.7415852,0.009232899,-0.0036870574,0.67078507,0.70893836,6.6470396e-10,-1.0270237e-10,0.7052704,1
414474012,414473743,0.74159664,0.0033284223,-0.0025696622,0.6708329,0.70893836,6.6470396e-10,-1.0270237e-10,0.7052704,1
414974008,414973740,0.73969233,0.003350987,-0.004717016,0.6729204,0.70893836,6.6470396e-10,-1.0270237e-10,0.7052704,1
415474003,415473740,0.73764867,0.011886637,-0.008195304,0.6750304,0.70893836,6.6470396e-10,-1.0270237e-10,0.7052704,1
415974004,415973741,0.7378944,0.015735326,-0.006289609,0.6747034,0.70893836,6.6470396e-10,-1.0270237e-10,0.7052704,1
416474005,416473741,0.73732835,0.013365885,-0.011771907,0.67529976,0.70893836,6.6470396e-10,-1.0270237e-10,0.7052704,1
416974031,416973741,0.735492,0.011370496,-0.012311792,0.67732614,0.70893836,6.6470396e-10,-1.0270237e-10,0.7052704,1
417474009,417473741,0.7346506,0.0076850154,-0.0111516835,0.6783105,0.70893836,6.6470396e-10,-1.0270237e-10,0.7052704,1
417974078,417973782,0.73526675,0.008473454,-0.0093646,0.6776602,0.70893836,6.6470396e-10,-1.0270237e-10,0.7052704,1
418474003,418473740,0.7345651,0.010419407,-0.0071341516,0.6784208,0.70893836,6.6470396e-10,-1.0270237e-10,0.7052704,1
418974038,418973741,0.735898,0.009401752,-0.003607081,0.67701757,0.70893836,6.6470396e-10,-1.0270237e-10,0.7052704,1
419474044,419473741,0.73754704,0.0070184357,-0.0014989458,0.6752577,0.70893836,6.6470396e-10,-1.0270237e-10,0.7052704,1
419974005,419973741,0.7392852,0.008010389,-0.0047142166,0.6733284,0.70893836,6.6470396e-10,-1.0270237e-10,0.7052704,1
420474014,420473741,0.739116,0.0031405855,-0.0047461465,0.67355424,0.70893836,6.6470396e-10,-1.0270237e-10,0.7052704,1
420974011,420973741,0.7373325,0.001708058,-0.007227954,0.67548925,0.70893836,6.6470396e-10,-1.0270237e-10,0.7052704,1
421474029,421473741,0.7376628,0.0052179988,-0.011801992,0.675046,0.70893836,6.6470396e-10,-1.0270237e-10,0.7052704,1
421974004,421973741,0.73812956,0.007986154,-0.012579689,0.67449445,0.70893836,6.6470396e-10,-1.0270237e-10,0.7052704,1
422474003,422473740,0.7389968,0.011691189,-0.0064332713,0.67357683,0.70893836,6.6470396e-10,-1.0270237e-10,0.7052704,1
422974013,422973740,0.73953444,0.015867248,-0.0023606464,0.6729276,0.70893836,6.6470396e-10,-1.0270237e-10,0.7052704,1
423474006,423473741,0.7378371,0.015155353,-0.0067841844,0.6747747,0.70893836,6.6470396e-10,-1.0270237e-10,0.7052704,1
423974007,423973741,0.7350809,0.011479201,-0.004665813,0.67786616,0.70893836,6.6470396e-10,-1.0270237e-10,0.7052704,1
424474041,424473741,0.7345169,0.003579323,-0.0034968036,0.678572,0.70893836,6.6470396e-10,-1.0270237e-10,0.7052704,1
424974086,424973743,0.73452765,0.0042839264,-0.007958799,0.6785186,0.70893836,6.6470396e-10,-1.0270237e-10,0.7052704,1
425474011,425473741,0.73499024,0.007998275,-0.014414996,0.6778773,0.70893836,6.6470396e-10,-1.0270237e-10,0.7052704,1
425974003,425973740,0.7354139,0.004736522,-0.009674713,0.6775327,0.70893836,6.6470396e-10,-1.0270237e-10,0.7052704,1
426474040,426473741,0.73653466,0.0064482363,-0.009291939,0.67630535,0.70893836,6.6470396e-10,-1.0270237e-10,0.7052704,1
426974013,426973741,0.7369298,0.004904922,-0.005546945,0.67592883,0.70893836,6.6470396e-10,-1.0270237e-10,0.7052704,1
427474006,427473741,0.7383243,0.00920753,-0.0030488041,0.6743762,0.70893836,6.6470396e-10,-1.0270237e-10,0.7052704,1
427974013,427973741,0.7404977,0.012711079,-0.0006122426,0.6719385,0.70893836,6.6470396e-10,-1.0270237e-10,0.7052704,1
428474045,428473744,0.7423791,0.011655996,-0.0052831033,0.6698579,0.70893836,6.6470396e-10,-1.0270237e-10,0.7052704,1
428974007,428973740,0.74299824,0.00919706,-0.0044543487,0.6692154,0.70893836,6.6470396e-10,-1.0270237e-10,0.7052704,1
429474010,429473741,0.7424771,0.010249724,-0.0061962875,0.6697644,0.70893836,6.6470396e-10,-1.0270237e-10,0.7052704,1
429974011,429973741,0.74088305,0.00904561,-0.008903841,0.67151415,0.70893836,6.6470396e-10,-1.0270237e-10,0.7052704,1
430474014,430473741,0.73843634,0.0034209474,-0.012753919,0.674194,0.70893836,6.6470396e-10,-1.0270237e-10,0.7052704,1
430974007,430973741,0.73716503,0.009037791,-0.013111613,0.6755252,0.70893836,6.6470396e-10,-1.0270237e-10,0.7052704,1
431474049,431473741,0.7369806,0.0086132055,-0.00809345,0.6758106,0.70893836,6.6470396e-10,-1.0270237e-10,0.7052704,1
431974033,431973744,0.7384676,0.010143969,-0.007141816,0.67417496,0.70893836,6.6470396e-10,-1.0270237e-10,0.7052704,1
432474005,432473741,0.7398155,0.007949638,0.00037325182,0.6727629,0.70893836,6.6470396e-10,-1.0270237e-10,0.7052704,1
432974002,432973740,0.73900265,0.00843258,0.00047790422,0.67364955,0.70893836,6.6470396e-10,-1.0270237e-10,0.7052704,1
433474003,433473740,0.7399386,0.008958023,-0.0011507549,0.67261386,0.70893836,6.6470396e-10,-1.0270237e-10,0.7052704,1
433974010,433973740,0.7418048,0.012107914,-0.0054035736,0.67048484,0.70893836,6.6470396e-10,-1.0270237e-10,0.7052704,1
434474005,434473741,0.7426579,0.010678242,-0.011537794,0.6694865,0.70893836,6.6470396e-10,-1.0270237e-10,0.7052704,1
434974012,434973741,0.7411658,0.0055218595,-0.017277936,0.67107695,0.70893836,6.6470396e-10,-1.0270237e-10,0.7052704,1
435474036,435473741,0.7391488,0.00902115,-0.014904146,0.6733169,0.70893836,6.6470396e-10,-1.0270237e-10,0.7052704,1
435974003,435973740,0.73831046,0.009611545,-0.011645874,0.67429197,0.70893836,6.6470396e-10,-1.0270237e-10,0.7052704,1
436474030,436473740,0.73646104,0.0029638398,-0.006346241,0.67644376,0.70893836,6.6470396e-10,-1.0270237e-10,0.7052704,1
436974014,436973741,0.73604906,0.0028108398,-0.0025819766,0.67691743,0.70893836,6.6470396e-10,-1.0270237e-10,0.7052704,1
437474010,437473741,0.7368682,0.0037900724,-0.0026163305,0.6760208,0.70893836,6.6470396e-10,-1.0270237e-10,0.7052704,1
437974010,437973741,0.7362076,0.005793471,-0.0027949899,0.67672527,0.70893836,6.6470396e-10,-1.0270237e-10,0.7052704,1
438474013,438473741,0.7336735,0.011163125,-0.007130161,0.679373,0.70893836,6.6470396e-10,-1.0270237e-10,0.7052704,1
438974042,438973742,0.7336142,0.01375139,-0.008920472,0.67936856,0.70893836,6.6470396e-10,-1.0270237e-10,0.7052704,1
439474006,439473741,0.7348597,0.01618618,-0.008819799,0.6779686,0.70893836,6.6470396e-10,-1.0270237e-10,0.7052704,1
439974005,439973741,0.7347266,0.012219853,-0.013279407,0.6781233,0.70893836,6.6470396e-10,-1.0270237e-10,0.7052704,1
440474003,440473741,0.7347821,0.010514539,-0.01061517,0.6781387,0.70893836,6.6470396e-10,-1.0270237e-10,0.7052704,1
440974012,440973741,0.7353935,0.00669623,-0.011829696,0.67750394,0.70893836,6.6470396e-10,-1.0270237e-10,0.7052704,1
441474007,441473741,0.7355736,0.0039019955,-0.010378306,0.67735416,0.70893836,6.6470396e-10,-1.0270237e-10,0.7052704,1
441974008,441973741,0.7361123,0.00391545,-0.007993608,0.6768009,0.70893836,6.6470396e-10,-1.0270237e-10,0.7052704,1
442474041,442473744,0.7370487,0.00820404,-0.0054355604,0.6757681,0.70893836,6.6470396e-10,-1.0270237e-10,0.7052704,1
442974041,442973741,0.7372096,0.0085954815,-0.0028957876,0.6756032,0.70893836,6.6470396e-10,-1.0270237e-10,0.7052704,1
443474003,443473741,0.7380732,0.006222975,-0.003034522,0.6746851,0.70893836,6.6470396e-10,-1.0270237e-10,0.7052704,1
443974005,443973741,0.7379866,0.011764106,-0.009745049,0.6746425,0.70893836,6.6470396e-10,-1.0270237e-10,0.7052704,1
444474015,444473741,0.7392793,0.01259714,-0.0075103766,0.6732392,0.70893836,6.6470396e-10,-1.0270237e-10,0.7052704,1
444974043,444973741,0.7410099,0.014147448,-0.0089494465,0.67128545,0.70893836,6.6470396e-10,-1.0270237e-10,0.7052704,1
445474007,445473741,0.74135226,0.0085506905,-0.010808949,0.6709747,0.70893836,6.6470396e-10,-1.0270237e-10,0.7052704,1
445974025,445973743,0.74066365,0.007591666,-0.009481023,0.6717662,0.70893836,6.6470396e-10,-1.0270237e-10,0.7052704,1
446474082,446473741,0.73858535,0.006533653,-0.009711971,0.6740584,0.70893836,6.6470396e-10,-1.0270237e-10,0.7052704,1
446974001,446973740,0.73738295,0.009265451,-0.010270788,0.6753334,0.70893836,6.6470396e-10,-1.0270237e-10,0.7052704,1
447474014,447473741,0.7365835,0.007689836,-0.008542562,0.6762491,0.70893836,6.6470396e-10,-1.0270237e-10,0.7052704,1
447974006,447973740,0.73687255,0.010357414,-0.007451977,0.6759113,0.70893836,6.6470396e-10,-1.0270237e-10,0.7052704,1
448474037,448473740,0.738124,0.008780725,-0.011770348,0.6745053,0.70893836,6.6470396e-10,-1.0270237e-10,0.7052704,1
448974007,448973741,0.7389299,0.008858411,-0.006086406,0.6736965,0.70893836,6.6470396e-10,-1.0270237e-10,0.7052704,1
449474013,449473742,0.73896253,0.0058783777,-0.0019492436,0.67371815,0.70893836,6.6470396e-10,-1.0270237e-10,0.7052704,1
449974011,449973740,0.7391033,0.006690661,-0.0019754937,0.673556,0.70893836,6.6470396e-10,-1.0270237e-10,0.7052704,1
450474005,450473741,0.73963624,0.008181343,-0.0039535835,0.6729456,0.70893836,6.6470396e-10,-1.0270237e-10,0.7052704,1
450974006,450973741,0.74103534,0.008655936,-0.007528352,0.6713681,0.70893836,6.6470396e-10,-1.0270237e-10,0.7052704,1
451474046,451473741,0.7407235,0.011052719,-0.0101522505,0.67164236,0.70893836,6.6470396e-10,-1.0270237e-10,0.7052704,1
451974012,451973741,0.7389971,0.012758702,-0.011222306,0.6734943,0.70893836,6.6470396e-10,-1.0270237e-10,0.7052704,1
452474017,452473741,0.7398827,0.0112970155,-0.010788122,0.6725546,0.70893836,6.6470396e-10,-1.0270237e-10,0.7052704,1
452974036,452973743,0.74182725,0.00565934,-0.009414123,0.6705012,0.70893836,6.6470396e-10,-1.0270237e-10,0.7052704,1
453474033,453473741,0.7421636,0.0063391565,-0.007716637,0.67014444,0.70893836,6.6470396e-10,-1.0270237e-10,0.7052704,1
453974013,453973741,0.74148554,-0.00032677315,-0.0077479715,0.6709241,0.70893836,6.6470396e-10,-1.0270237e-10,0.7052704,1
454474005,454473740,0.7398545,0.0049767396,-0.003284965,0.67274046,0.70893836,6.6470396e-10,-1.0270237e-10,0.7052704,1
454974017,454973741,0.7398305,0.006567503,6.104691e-05,0.67276126,0.70893836,6.6470396e-10,-1.0270237e-10,0.7052704,1
455474008,455473741,0.7393372,0.0062695127,0.001887056,0.67330354,0.70893836,6.6470396e-10,-1.0270237e-10,0.7052704,1
455974015,455973741,0.73864585,0.01136117,-0.004205997,0.6739849,0.70893836,6.6470396e-10,-1.0270237e-10,0.7052704,1
456474008,456473741,0.73630315,0.012664107,-0.011683452,0.6764325,0.70893836,6.6470396e-10,-1.0270237e-10,0.7052704,1
456974004,456973741,0.7329293,0.0146118095,-0.014839487,0.679986,0.70893836,6.6470396e-10,-1.0270237e-10,0.7052704,1
457474012,457473741,0.7330928,0.005210262,-0.01589932,0.6799229,0.70893836,6.6470396e-10,-1.0270237e-10,0.7052704,1
457974012,457973741,0.73589987,0.0029798574,-0.015508102,0.6769063,0.70893836,6.6470396e-10,-1.0270237e-10,0.7052704,1
458474011,458473741,0.73902404,0.0004497953,-0.005030873,0.67366016,0.70893836,6.6470396e-10,-1.0270237e-10,0.7052704,1
458974006,458973741,0.7407092,0.0027212633,-0.0056518605,0.6717966,0.70893836,6.6470396e-10,-1.0270237e-10,0.7052704,1
459474007,459473741,0.7413451,0.0053617875,-0.00484431,0.6710851,0.70893836,6.6470396e-10,-1.0270237e-10,0.7052704,1
459974075,459973782,0.74200386,0.008431816,-0.0035853921,0.67033297,0.70893836,6.6470396e-10,-1.0270237e-10,0.7052704,1
460474035,460473740,0.7431621,0.010923748,-0.0005448522,0.6690221,0.70893836,6.6470396e-10,-1.0270237e-10,0.7052704,1
460974004,460973741,0.7437479,0.010128947,-0.0031139683,0.66837627,0.70893836,6.6470396e-10,-1.0270237e-10,0.7052704,1
461474005,461473741,0.74330604,0.011945969,-0.008789763,0.6687872,0.70893836,6.6470396e-10,-1.0270237e-10,0.7052704,1
461974009,461973741,0.7418969,0.011856656,-0.011771135,0.6703058,0.70893836,6.6470396e-10,-1.0270237e-10,0.7052704,1
462474007,462473741,0.7406701,0.007998088,-0.013970576,0.67167604,0.70893836,6.6470396e-10,-1.0270237e-10,0.7052704,1
462974017,462973741,0.7408741,0.010255793,-0.011484558,0.6714674,0.70893836,6.6470396e-10,-1.0270237e-10,0.7052704,1
463474036,463473744,0.7408537,0.011290927,-0.0114799,0.67147344,0.70893836,6.6470396e-10,-1.0270237e-10,0.7052704,1
463974042,463973752,0.7403375,0.0091273915,-0.0051140334,0.67215395,0.70893836,6.6470396e-10,-1.0270237e-10,0.7052704,1
464474001,464473740,0.738293,0.004503222,-0.0043878844,0.67445093,0.70893836,6.6470396e-10,-1.0270237e-10,0.7052704,1
464974043,464973741,0.73700154,0.001070084,8.3074636e-05,0.6758902,0.70893836,6.6470396e-10,-1.0270237e-10,0.7052704,1
465474006,465473741,0.7357139,0.010492164,0.0003216546,0.6772111,0.70893836,6.6470396e-10,-1.0270237e-10,0.7052704,1
465974008,465973741,0.7359687,0.011423058,-0.0066148676,0.6768869,0.70893836,6.6470396e-10,-1.0270237e-10,0.7052704,1
466474015,466473741,0.7387236,0.009277454,-0.008926083,0.6738855,0.70893836,6.6470396e-10,-1.0270237e-10,0.7052704,1
466974043,466973743,0.7411765,0.013464624,-0.008862462,0.6711167,0.70893836,6.6470396e-10,-1.0270237e-10,0.7052704,1
467474007,467473741,0.7406212,0.012236886,-0.010251551,0.67173314,0.70893836,6.6470396e-10,-1.0270237e-10,0.7052704,1
467974009,467973741,0.7381283,0.008541305,-0.01183503,0.67450255,0.70893836,6.6470396e-10,-1.0270237e-10,0.7052704,1
468474012,468473741,0.7380853,0.009642226,-0.010604623,0.67455524,0.70893836,6.6470396e-10,-1.0270237e-10,0.7052704,1
468974002,468973741,0.7389396,0.008023747,-0.005570824,0.67370087,0.70893836,6.6470396e-10,-1.0270237e-10,0.7052704,1
469474033,469473741,0.74076253,0.007991829,-0.009025179,0.6716589,0.70893836,6.6470396e-10,-1.0270237e-10,0.7052704,1
469974029,469973741,0.74048924,0.007844505,-0.004578711,0.6720069,0.70893836,6.6470396e-10,-1.0270237e-10,0.7052704,1
470474006,470473741,0.7394004,0.002585446,-0.004957241,0.6732428,0.70893836,6.6470396e-10,-1.0270237e-10,0.7052704,1
470974009,470973741,0.7388682,0.0046774526,-0.0040220683,0.6738218,0.70893836,6.6470396e-10,-1.0270237e-10,0.7052704,1
471474014,471473741,0.73897284,0.008710284,-0.0024767623,0.6736744,0.70893836,6.6470396e-10,-1.0270237e-10,0.7052704,1
471974007,471973740,0.7409804,0.0110521745,-0.008914561,0.6713766,0.70893836,6.6470396e-10,-1.0270237e-10,0.7052704,1
472474012,472473740,0.7419889,0.011068382,-0.010976384,0.6702309,0.70893836,6.6470396e-10,-1.0270237e-10,0.7052704,1
472974007,472973741,0.741572,0.013457329,-0.013412984,0.67060417,0.70893836,6.6470396e-10,-1.0270237e-10,0.7052704,1
473474024,473473741,0.7405926,0.0097074555,-0.012655845,0.67176497,0.70893836,6.6470396e-10,-1.0270237e-10,0.7052704,1
473974046,473973742,0.7398625,0.0072922534,-0.012840992,0.67259616,0.70893836,6.6470396e-10,-1.0270237e-10,0.7052704,1
474474010,474473741,0.74027187,0.009139044,-0.00900424,0.6721853,0.70893836,6.6470396e-10,-1.0270237e-10,0.7052704,1
474974014,474973741,0.7402398,0.007044533,-0.0065291417,0.67227435,0.70893836,6.6470396e-10,-1.0270237e-10,0.7052704,1
475474002,475473741,0.7391511,0.003162801,-0.0031451155,0.67352486,0.70893836,6.6470396e-10,-1.0270237e-10,0.7052704,1
475974005,475973741,0.73865163,0.00088053197,-0.0035366185,0.6740776,0.70893836,6.6470396e-10,-1.0270237e-10,0.7052704,1
476474005,476473740,0.7372477,0.0032088908,-0.0031516894,0.67560756,0.70893836,6.6470396e-10,-1.0270237e-10,0.7052704,1
476974016,476973741,0.7362407,0.006036304,-0.0067345942,0.67665946,0.70893836,6.6470396e-10,-1.0270237e-10,0.7052704,1
477474009,477473741,0.7357784,0.0103337,-0.010701109,0.677059,0.70893836,6.6470396e-10,-1.0270237e-10,0.7052704,1
477974043,477973743,0.73598796,0.012170031,-0.0107037155,0.6768007,0.70893836,6.6470396e-10,-1.0270237e-10,0.7052704,1
478474011,478473741,0.7353192,0.010017812,-0.011599388,0.67754763,0.70893836,6.6470396e-10,-1.0270237e-10,0.7052704,1
478974062,478973740,0.73314124,0.0070030293,-0.013048411,0.6799152,0.70893836,6.6470396e-10,-1.0270237e-10,0.7052704,1
479474016,479473741,0.7315446,0.0077554067,-0.014546956,0.6815944,0.70893836,6.6470396e-10,-1.0270237e-10,0.7052704,1
479974006,479973741,0.7312029,0.008545296,-0.007932001,0.6820604,0.70893836,6.6470396e-10,-1.0270237e-10,0.7052704,1
480474035,480473741,0.7329336,0.01003818,-0.00079836766,0.6802257,0.70893836,6.6470396e-10,-1.0270237e-10,0.7052704,1
480974050,480973741,0.7362571,0.0024275852,0.0019464429,0.67669487,0.70893836,6.6470396e-10,-1.0270237e-10,0.7052704,1
481474004,481473741,0.7394783,0.0060691587,-0.0026857757,0.6731478,0.70893836,6.6470396e-10,-1.0270237e-10,0.7052704,1
481974006,481973741,0.7400353,0.008076482,-0.007777898,0.6724747,0.70893836,6.6470396e-10,-1.0270237e-10,0.7052704,1
482474002,482473741,0.7387731,0.008906777,-0.013822286,0.6737537,0.70893836,6.6470396e-10,-1.0270237e-10,0.7052704,1
482974004,482973740,0.7390917,0.013104899,-0.015458956,0.6732999,0.70893836,6.6470396e-10,-1.0270237e-10,0.7052704,1
483474007,483473740,0.74085236,0.008485239,-0.012228483,0.67150307,0.70893836,6.6470396e-10,-1.0270237e-10,0.7052704,1
483974008,483973741,0.74081355,0.007835308,-0.012270223,0.671553,0.70893836,6.6470396e-10,-1.0270237e-10,0.7052704,1
484474014,484473741,0.7407548,0.013463762,-0.012600165,0.67152244,0.70893836,6.6470396e-10,-1.0270237e-10,0.7052704,1
484974012,484973741,0.7400327,0.0088629285,-0.008464112,0.6724593,0.70893836,6.6470396e-10,-1.0270237e-10,0.7052704,1
485474003,485473741,0.7378739,0.004528931,-0.0059976107,0.6748969,0.70893836,6.6470396e-10,-1.0270237e-10,0.7052704,1
485974013,485973740,0.7365612,0.0037052927,-0.0023260007,0.6763568,0.70893836,6.6470396e-10,-1.0270237e-10,0.7052704,1
486474005,486473741,0.7366172,0.0048473887,-0.005388301,0.6762712,0.70893836,6.6470396e-10,-1.0270237e-10,0.7052704,1
486974005,486973741,0.73730963,0.0041651716,-0.008164798,0.6754928,0.70893836,6.6470396e-10,-1.0270237e-10,0.7052704,1
487474075,487473741,0.7372077,0.0038538717,-0.014214315,0.67550576,0.70893836,6.6470396e-10,-1.0270237e-10,0.7052704,1
487974046,487973744,0.735436,0.009516256,-0.014238974,0.6773778,0.70893836,6.6470396e-10,-1.0270237e-10,0.7052704,1
488474006,488473740,0.7338374,0.015896887,-0.014657024,0.67898095,0.70893836,6.6470396e-10,-1.0270237e-10,0.7052704,1
488974006,488973741,0.7347234,0.012154345,-0.012469246,0.6781433,0.70893836,6.6470396e-10,-1.0270237e-10,0.7052704,1
489474005,489473741,0.7358484,0.00909713,-0.010420478,0.6770051,0.70893836,6.6470396e-10,-1.0270237e-10,0.7052704,1
489974006,489973740,0.73702663,0.0064097783,-0.008619011,0.67577845,0.70893836,6.6470396e-10,-1.0270237e-10,0.7052704,1
490474037,490473741,0.7379159,0.007142707,-0.005963945,0.67482865,0.70893836,6.6470396e-10,-1.0270237e-10,0.7052704,1
490974016,490973741,0.7376228,0.008934445,-0.006348252,0.67512405,0.70893836,6.6470396e-10,-1.0270237e-10,0.7052704,1
491474011,491473744,0.7381881,0.007355296,-0.0048362645,0.6745376,0.70893836,6.6470396e-10,-1.0270237e-10,0.7052704,1
491974004,491973740,0.739587,0.0057366923,-0.006563342,0.67300457,0.70893836,6.6470396e-10,-1.0270237e-10,0.7052704,1
492474006,492473741,0.74051243,0.0055128797,-0.008978318,0.6719602,0.70893836,6.6470396e-10,-1.0270237e-10,0.7052704,1
492974015,492973743,0.7407383,0.005159052,-0.008452445,0.67172074,0.70893836,6.6470396e-10,-1.0270237e-10,0.7052704,1
493474005,493473740,0.74073154,0.0087213535,-0.004370268,0.6717304,0.70893836,6.6470396e-10,-1.0270237e-10,0.7052704,1
493974007,493973741,0.74092627,0.0104717985,-0.011639334,0.67140394,0.70893836,6.6470396e-10,-1.0270237e-10,0.7052704,1
494474011,494473741,0.73948175,0.01055384,-0.008045082,0.6730459,0.70893836,6.6470396e-10,-1.0270237e-10,0.7052704,1
494974011,494973742,0.7376949,0.0101227425,-0.010767196,0.67497253,0.70893836,6.6470396e-10,-1.0270237e-10,0.7052704,1
495474039,495473741,0.737643,0.013451783,-0.012236927,0.67494607,0.70893836,6.6470396e-10,-1.0270237e-10,0.7052704,1
495974037,495973741,0.7396478,0.0051534004,-0.008357025,0.67292255,0.70893836,6.6470396e-10,-1.0270237e-10,0.7052704,1
496474009,496473740,0.74075544,0.010249441,-0.008204411,0.67164654,0.70893836,6.6470396e-10,-1.0270237e-10,0.7052704,1
496974008,496973741,0.73962986,0.007306685,-0.0050039105,0.6729557,0.70893836,6.6470396e-10,-1.0270237e-10,0.7052704,1
497474063,497473741,0.7379491,0.0049797543,-0.0031392232,0.67483085,0.70893836,6.6470396e-10,-1.0270237e-10,0.7052704,1
497974006,497973741,0.7383759,0.010113783,-0.003911063,0.67430216,0.70893836,6.6470396e-10,-1.0270237e-10,0.7052704,1
498474012,498473741,0.7371583,0.011696798,-0.0052843243,0.6755983,0.70893836,6.6470396e-10,-1.0270237e-10,0.7052704,1
498974007,498973741,0.7369014,0.009157033,-0.005546047,0.67591554,0.70893836,6.6470396e-10,-1.0270237e-10,0.7052704,1
499474007,499473741,0.73823214,0.013465276,-0.009753452,0.67434186,0.70893836,6.6470396e-10,-1.0270237e-10,0.7052704,1
499974014,499973741,0.7384146,0.014063297,-0.009042484,0.6741398,0.70893836,6.6470396e-10,-1.0270237e-10,0.7052704,1
500474003,500473741,0.7385954,0.010352601,-0.009959605,0.6739959,0.70893836,6.6470396e-10,-1.0270237e-10,0.7052704,1
500974033,500973741,0.7413897,0.007391491,-0.013104649,0.6709062,0.70893836,6.6470396e-10,-1.0270237e-10,0.7052704,1
501474015,501473741,0.7425827,0.008381832,-0.009246265,0.6696382,0.70893836,6.6470396e-10,-1.0270237e-10,0.7052704,1
501974007,501973742,0.7399635,0.00949668,-0.0113994265,0.6724835,0.70893836,6.6470396e-10,-1.0270237e-10,0.7052704,1
502474013,502473741,0.7361027,0.0017856727,-0.005251653,0.6768472,0.70893836,6.6470396e-10,-1.0270237e-10,0.7052704,1
502974011,502973741,0.7336961,-0.0050144116,-0.0013540811,0.67945796,0.70893836,6.6470396e-10,-1.0270237e-10,0.7052704,1
503474006,503473740,0.7344364,0.006288624,-0.0053062825,0.67862767,0.70893836,6.6470396e-10,-1.0270237e-10,0.7052704,1
503974003,503973741,0.73624504,0.00938957,-0.0068239574,0.6766156,0.70893836,6.6470396e-10,-1.0270237e-10,0.7052704,1
504474045,504473741,0.73795915,0.010499994,-0.0045428597,0.67474854,0.70893836,6.6470396e-10,-1.0270237e-10,0.7052704,1
504974040,504973741,0.73894745,0.016150704,-0.00948669,0.67350274,0.70893836,6.6470396e-10,-1.0270237e-10,0.7052704,1
505474012,505473741,0.74065185,0.017047547,-0.009834626,0.67160076,0.70893836,6.6470396e-10,-1.0270237e-10,0.7052704,1
505974011,505973741,0.7393207,0.012928658,-0.007858322,0.6731835,0.70893836,6.6470396e-10,-1.0270237e-10,0.7052704,1
506474001,506473740,0.73884726,0.010286846,-0.010774146,0.6737083,0.70893836,6.6470396e-10,-1.0270237e-10,0.7052704,1
506974017,506973741,0.7382336,0.006217823,-0.012654002,0.6743978,0.70893836,6.6470396e-10,-1.0270237e-10,0.7052704,1
507474006,507473741,0.7366233,0.003404368,-0.013412241,0.67616177,0.70893836,6.6470396e-10,-1.0270237e-10,0.7052704,1
507974028,507973741,0.7361193,4.0946685e-05,-0.013392862,0.67671937,0.70893836,6.6470396e-10,-1.0270237e-10,0.7052704,1
508474006,508473741,0.7362784,0.0026670734,-0.006853828,0.67663884,0.70893836,6.6470396e-10,-1.0270237e-10,0.7052704,1
508974016,508973744,0.7364926,0.004135642,-0.0013579273,0.6764317,0.70893836,6.6470396e-10,-1.0270237e-10,0.7052704,1
509474010,509473740,0.7359674,0.007139456,-0.009170397,0.6769173,0.70893836,6.6470396e-10,-1.0270237e-10,0.7052704,1
509974006,509973740,0.73549205,0.006861733,-0.008240548,0.6774486,0.70893836,6.6470396e-10,-1.0270237e-10,0.7052704,1
510474007,510473741,0.735222,0.012050579,-0.0066897594,0.6776863,0.70893836,6.6470396e-10,-1.0270237e-10,0.7052704,1
510974004,510973740,0.73391247,0.015988791,-0.0073102196,0.67901653,0.70893836,6.6470396e-10,-1.0270237e-10,0.7052704,1
511474063,511473741,0.7329527,0.013242915,-0.011630248,0.68005127,0.70893836,6.6470396e-10,-1.0270237e-10,0.7052704,1
511974036,511973741,0.7347681,0.008265638,-0.010365309,0.67818886,0.70893836,6.6470396e-10,-1.0270237e-10,0.7052704,1
512474019,512473742,0.7378291,0.011913105,-0.010282129,0.67480415,0.70893836,6.6470396e-10,-1.0270237e-10,0.7052704,1
512974006,512973741,0.73682964,0.0055662305,-0.010064305,0.6759806,0.70893836,6.6470396e-10,-1.0270237e-10,0.7052704,1
513474011,513473741,0.73431605,0.0021453833,-0.012806263,0.67868364,0.70893836,6.6470396e-10,-1.0270237e-10,0.7052704,1
513974023,513973741,0.73324716,0.005867569,-0.010461782,0.6798565,0.70893836,6.6470396e-10,-1.0270237e-10,0.7052704,1
514474006,514473741,0.7335683,0.0071633216,-0.006197192,0.67954975,0.70893836,6.6470396e-10,-1.0270237e-10,0.7052704,1
514974041,514973741,0.7347636,0.014791669,-0.01405126,0.67801636,0.70893836,6.6470396e-10,-1.0270237e-10,0.7052704,1
515474007,515473741,0.73757374,0.006676322,-0.012412282,0.6751196,0.70893836,6.6470396e-10,-1.0270237e-10,0.7052704,1
515974009,515973742,0.7379622,-0.027082346,-0.012993514,0.67417324,0.70893836,6.6470396e-10,-1.0270237e-10,0.7052704,1
516474005,516473741,0.73746115,0.0075838165,-0.021506026,0.6750045,0.70893836,6.6470396e-10,-1.0270237e-10,0.7052704,1
516974003,516973741,0.73493433,0.014114695,-0.01822471,0.6777464,0.70893836,6.6470396e-10,-1.0270237e-10,0.7052704,1
517474045,517473740,0.7348069,0.013824018,-0.010462717,0.6780548,0.70893836,6.6470396e-10,-1.0270237e-10,0.7052704,1
517974038,517973741,0.7385425,0.012069889,-0.006746005,0.6740652,0.70893836,6.6470396e-10,-1.0270237e-10,0.7052704,1
518474006,518473741,0.73652625,0.009268101,-0.011705585,0.6762442,0.70893836,6.6470396e-10,-1.0270237e-10,0.7052704,1
518974007,518973741,0.73737913,0.0071903234,-0.007027649,0.67540437,0.70893836,6.6470396e-10,-1.0270237e-10,0.7052704,1
519474017,519473744,0.739541,0.010180956,0.0044797533,0.6730197,0.70893836,6.6470396e-10,-1.0270237e-10,0.7052704,1
519974013,519973741,0.74198765,0.035652205,0.018341564,0.6692136,0.70893836,6.6470396e-10,-1.0270237e-10,0.7052704,1
520474008,520473740,0.74434716,0.005823108,-0.006341454,0.6677374,0.70893836,6.6470396e-10,-1.0270237e-10,0.7052704,1
520974011,520973741,0.74728084,-0.0036802962,-0.018647242,0.6642365,0.70893836,6.6470396e-10,-1.0270237e-10,0.7052704,1
521474005,521473741,0.74523115,-0.008741729,-0.022538928,0.6663679,0.70893836,6.6470396e-10,-1.0270237e-10,0.7052704,1
521974011,521973740,0.74141455,-0.003876537,-0.031235615,0.6703087,0.70893836,6.6470396e-10,-1.0270237e-10,0.7052704,1
522474044,522473741,0.7393163,-0.0008971301,-0.029414447,0.672715,0.70893836,6.6470396e-10,-1.0270237e-10,0.7052704,1
522974010,522973744,0.73991853,0.0038255393,-0.014444194,0.6725306,0.70893836,6.6470396e-10,-1.0270237e-10,0.7052704,1
523474031,523473741,0.74025625,0.011174791,-0.005809685,0.6722069,0.70893836,6.6470396e-10,-1.0270237e-10,0.7052704,1
523974004,523973741,0.73702693,0.012574618,-0.00038176248,0.67574626,0.70893836,6.6470396e-10,-1.0270237e-10,0.7052704,1
524474003,524473740,0.73423517,0.020725643,0.005396396,0.67855734,0.70893836,6.6470396e-10,-1.0270237e-10,0.7052704,1
524974005,524973740,0.73417866,0.018808464,0.0047094403,0.6786794,0.70893836,6.6470396e-10,-1.0270237e-10,0.7052704,1
525474043,525473740,0.7364195,0.010543615,-0.0018819269,0.6764404,0.70893836,6.6470396e-10,-1.0270237e-10,0.7052704,1
525974006,525973741,0.7371503,0.008755904,-0.008091873,0.6756236,0.70893836,6.6470396e-10,-1.0270237e-10,0.7052704,1
526474016,526473744,0.7380261,0.004954545,-0.010413586,0.6746737,0.70893836,6.6470396e-10,-1.0270237e-10,0.7052704,1
526974006,526973741,0.7415701,0.0046531577,-0.012752355,0.67073816,0.70893836,6.6470396e-10,-1.0270237e-10,0.7052704,1
527474003,527473741,0.7426424,0.0017068131,-0.018065032,0.66944236,0.70893836,6.6470396e-10,-1.0270237e-10,0.7052704,1
527974004,527973740,0.74454266,0.004023959,-0.018301936,0.6673119,0.70893836,6.6470396e-10,-1.0270237e-10,0.7052704,1
528474076,528473741,0.7451863,0.0067719435,-0.009697687,0.6667514,0.70893836,6.6470396e-10,-1.0270237e-10,0.7052704,1
528974012,528973741,0.747733,-0.004094331,-0.04172794,0.66267455,0.70893836,6.6470396e-10,-1.0270237e-10,0.7052704,1
529474012,529473741,0.7548727,0.027901385,-0.03929034,0.6540987,0.70893836,6.6470396e-10,-1.0270237e-10,0.7052704,1
529974035,529973743,0.81415653,0.054946564,0.05260396,0.57564133,0.70893836,6.6470396e-10,-1.0270237e-10,0.7052704,1
530474003,530473741,0.825237,0.05523203,0.048027713,0.560024,0.70893836,6.6470396e-10,-1.0270237e-10,0.7052704,1
530974002,530973740,0.8257292,0.05293212,0.04895969,0.5594393,0.70893836,6.6470396e-10,-1.0270237e-10,0.7052704,1
531474004,531473741,0.82579476,0.047726534,0.051103137,0.55961925,0.70893836,6.6470396e-10,-1.0270237e-10,0.7052704,1
531974003,531973741,0.8258229,0.048702028,0.050836425,0.5595179,0.70893836,6.6470396e-10,-1.0270237e-10,0.7052704,1
532474010,532473741,0.82587385,0.049306966,0.050704237,0.55940187,0.70893836,6.6470396e-10,-1.0270237e-10,0.7052704,1
532974045,532973741,0.8256981,0.04948698,0.050681435,0.5596473,0.70893836,6.6470396e-10,-1.0270237e-10,0.7052704,1
533474046,533473743,0.8257897,0.049364083,0.050726563,0.559519,0.70893836,6.6470396e-10,-1.0270237e-10,0.7052704,1
533974052,533973742,0.825811,0.04905394,0.050476074,0.55953723,0.70893836,6.6470396e-10,-1.0270237e-10,0.7052704,1
