timestamp,timestamp_sample,device_id,magnetometer_ga[0],magnetometer_ga[1],magnetometer_ga[2],calibration_count
267577944,267523537,396809,-0.38079387,0.25207794,0.124740414,3
268048776,268047785,396809,-0.38277653,0.25140774,0.13715786,3
268497987,268497017,396809,-0.38060048,0.24946629,0.12895097,3
269077275,269022069,396809,-0.37860608,0.25208646,0.12462478,3
269548031,269547061,396809,-0.37518594,0.25170195,0.12891233,3
269997208,269996237,396809,-0.37544328,0.2559433,0.112999886,3
270574936,270520479,396809,-0.36729467,0.255408,0.10741224,3
271045675,271044687,396809,-0.3678945,0.26078916,0.10161762,3
271496474,271495496,396809,-0.35463744,0.26951224,0.10744694,3
272074243,272019852,396809,-0.34157842,0.26632628,0.11849986,3
272544985,272544014,396809,-0.3390298,0.24169347,0.12033579,3
272994212,272993241,396809,-0.3319941,0.22367787,0.12764478,3
273573613,273518750,396809,-0.32645175,0.2090165,0.14525442,3
274044299,274043281,396809,-0.32291168,0.20316692,0.16511239,3
274493600,274492553,396809,-0.31432995,0.1985557,0.17054552,3
275071403,275016929,396809,-0.30921912,0.19441944,0.17632543,3
275543619,275542648,396809,-0.30566293,0.19228344,0.18128975,3
275992936,275991966,396809,-0.3041479,0.1893704,0.17987503,3
276570654,276516261,396809,-0.3036517,0.1839382,0.1871746,3
277041400,277040337,396809,-0.29694983,0.17698391,0.19604926,3
277489355,277488383,396809,-0.2969484,0.17772561,0.1960283,3
278065890,278011517,396809,-0.29582393,0.17729008,0.20168549,3
278537268,278536297,396809,-0.292937,0.17520356,0.20514145,3
278986776,278985804,396809,-0.29211232,0.17584527,0.20813493,3
279586210,279585239,396809,-0.29135895,0.17886433,0.20654906,3
280035500,280034528,396809,-0.28806585,0.17846438,0.21860684,3
280484779,280483794,396809,-0.28423497,0.17407247,0.21724446,3
281085035,281084064,396809,-0.29363295,0.1757915,0.20963348,3
281533092,281532121,396809,-0.28829953,0.1752126,0.20516226,3
281981284,281980312,396809,-0.28993067,0.17687061,0.19984418,3
282579876,282578905,396809,-0.29135066,0.16991319,0.2083061,3
283029348,283028376,396809,-0.28900674,0.16986695,0.20982198,3
283480398,283479426,396809,-0.29285735,0.17057574,0.21053644,3
284079252,284078280,396809,-0.29206058,0.1697848,0.21206635,3
284528716,284527744,396809,-0.28808555,0.16808057,0.21890031,3
284978223,284977236,396809,-0.2910877,0.16863863,0.22413468,3
285578786,285577815,396809,-0.28635788,0.17069516,0.2293618,3
286028157,286027185,396809,-0.28273395,0.17044309,0.21509798,3
286477677,286476705,396809,-0.29054832,0.17208904,0.20975217,3
287076689,287075717,396809,-0.29057494,0.17139809,0.20826764,3
287526025,287525052,396809,-0.29226485,0.16870737,0.20006436,3
287977155,287976183,396809,-0.29455847,0.16865212,0.20155947,3
288576213,288575242,396809,-0.29132277,0.16464517,0.21071108,3
289025678,289024689,396809,-0.2889593,0.16158138,0.21381629,3
289475030,289474047,396809,-0.29046592,0.16224395,0.21604665,3
290075480,290074508,396809,-0.28333062,0.16338567,0.22657433,3
290525028,290524040,396809,-0.28401121,0.16543165,0.23177719,3
290974247,290973275,396809,-0.28332222,0.16783588,0.22644854,3
291573477,291572506,396809,-0.28338656,0.16722104,0.22270578,3
292024367,292023397,396809,-0.28667825,0.1683627,0.21062706,3
292473802,292472831,396809,-0.28762177,0.17168322,0.20000131,3
293072685,293071709,396809,-0.2936736,0.16768356,0.20835859,3
293522154,293521183,396809,-0.29209143,0.16686875,0.21064472,3
293971776,293970804,396809,-0.2937058,0.1640258,0.20695792,3
294571893,294570922,396809,-0.29050788,0.16009496,0.21385129,3
295021261,295020273,396809,-0.2889313,0.16301402,0.21527988,3
295470603,295469632,396809,-0.29195714,0.16436453,0.2189878,3
296070236,296069265,396809,-0.2865454,0.16511679,0.2189911,3
296520623,296519652,396809,-0.28960904,0.16654341,0.22044079,3
296970056,296969084,396809,-0.28894803,0.16751498,0.21364859,3
297568932,297567962,396809,-0.29054412,0.17431414,0.20968929,3
298017157,298016187,396809,-0.29452893,0.18422782,0.20111923,3
298465476,298464506,396809,-0.28686833,0.18140297,0.19747403,3
299065174,299064204,396809,-0.28900945,0.18178491,0.2079811,3
299514505,299513439,396809,-0.28981033,0.18035075,0.20651406,3
299964304,299963312,396809,-0.28425312,0.17783171,0.21563415,3
300563411,300562441,396809,-0.28807434,0.17401418,0.21873261,3
301012819,301011849,396809,-0.28114614,0.1725951,0.21730024,3
301461930,301460942,396809,-0.28896195,0.17349933,0.2119754,3
302062550,302061579,396809,-0.2843259,0.17276669,0.21201716,3
302511778,302510805,396809,-0.293647,0.16837451,0.20984311,3
302961257,302960253,396809,-0.29218376,0.16482127,0.2054384,3
303561474,303560502,396809,-0.296859,0.16488834,0.20315938,3
304011395,304010338,396809,-0.29367644,0.16620016,0.20840052,3
304460676,304459688,396809,-0.29354772,0.16742982,0.21588604,3
305059662,305058691,396809,-0.28873542,0.16634193,0.22646621,3
305508987,305508010,396809,-0.28563672,0.17005646,0.22637525,3
305959884,305958914,396809,-0.2841035,0.17008485,0.22562945,3
306558912,306557848,396809,-0.28103843,0.16939993,0.22415878,3
307008297,307007311,396809,-0.284903,0.16939239,0.22414145,3
307457687,307456712,396809,-0.2841021,0.17082655,0.22560848,3
308056563,308055591,396809,-0.2921459,0.17144582,0.20675522,3
308504663,308503693,396809,-0.29146963,0.16717474,0.20161524,3
309082007,309027545,396809,-0.29335362,0.16595693,0.20464902,3
309552726,309551756,396809,-0.28987482,0.16633457,0.20465414,3
310001928,310000941,396809,-0.29447454,0.1662494,0.20689157,3
310581281,310526247,396809,-0.29309735,0.16210164,0.2127802,3
311051886,311050917,396809,-0.2895545,0.16196634,0.22433029,3
311501395,311500340,396809,-0.28256893,0.16415426,0.22580408,3
312079175,312024661,396809,-0.2850158,0.16452035,0.22578263,3
312550176,312549206,396809,-0.28811076,0.16813132,0.21739483,3
313000821,312999852,396809,-0.28739518,0.1712265,0.2135507,3
313578439,313523980,396809,-0.29010323,0.17620227,0.20500076,3
314049058,314048087,396809,-0.29537457,0.17916128,0.1974988,3
314498714,314497743,396809,-0.2929356,0.17594527,0.2051205,3
315077828,315022870,396809,-0.28989476,0.16822433,0.21086703,3
315548406,315547436,396809,-0.2858271,0.1629947,0.21604648,3
315997794,315996823,396809,-0.28960204,0.16355124,0.2212774,3
316575908,316521454,396809,-0.29060453,0.1615189,0.2155652,3
317047897,317046927,396809,-0.2943417,0.16300347,0.2152556,3
317497154,317496183,396809,-0.29041132,0.16436756,0.21899472,3
318074940,318020408,396809,-0.28995204,0.16597039,0.21544233,3
318546210,318545240,396809,-0.2882297,0.16539289,0.21070397,3
318995501,318994530,396809,-0.28428537,0.16747329,0.21517488,3
319574385,319519720,396809,-0.28851992,0.17042165,0.20805392,3
320045176,320044206,396809,-0.2875155,0.16774637,0.20688084,3
320494974,320494003,396809,-0.28974754,0.16682252,0.2121606,3
321072865,321018367,396809,-0.29230347,0.16852528,0.20545846,3
321544552,321543581,396809,-0.29055405,0.16242155,0.21077743,3
321993805,321992834,396809,-0.28898022,0.16385722,0.21224792,3
322572090,322517623,396809,-0.28776026,0.16584681,0.21558106,3
323042801,323041831,396809,-0.28575292,0.16210075,0.2205839,3
323492155,323491185,396809,-0.28961188,0.16506001,0.22048272,3
324071170,324016628,396809,-0.28798828,0.16702747,0.21717595,3
324542157,324541187,396809,-0.28978246,0.16838205,0.20986044,3
324991452,324990464,396809,-0.29298744,0.16860437,0.20307189,3
325569211,325514703,396809,-0.29710367,0.16934058,0.19563803,3
326040873,326039903,396809,-0.2976571,0.16493759,0.20165041,3
326490679,326489692,396809,-0.2951859,0.16537932,0.21067278,3
327068456,327013979,396809,-0.29224315,0.16368829,0.20973131,3
327539171,327538199,396809,-0.28806186,0.16058746,0.22136816,3
327988442,327987471,396809,-0.29116336,0.15538952,0.22150105,3
328567938,328513445,396809,-0.2887207,0.15838224,0.2208009,3
329038444,329037472,396809,-0.28584525,0.16005325,0.21537758,3
329487804,329486833,396809,-0.29293013,0.16551071,0.20691946,3
330066687,330011262,396809,-0.29181284,0.1645934,0.21221426,3
330536020,330535049,396809,-0.29061416,0.16403183,0.20697178,3
330984174,330983202,396809,-0.29365265,0.1654077,0.20992696,3
331582940,331581966,396809,-0.2907051,0.16272604,0.20174448,3
332032208,332031236,396809,-0.2936219,0.16162309,0.21229,3
332481776,332480804,396809,-0.29588044,0.16670896,0.21514386,3
333082226,333081255,396809,-0.2873701,0.16447508,0.21599762,3
333531474,333530502,396809,-0.28815418,0.16524065,0.21522044,3
333980915,333979943,396809,-0.2826193,0.16425575,0.2227931,3
334579936,334578964,396809,-0.28573188,0.16652557,0.22121087,3
335029600,335028628,396809,-0.2858872,0.16460496,0.21224083,3
335480219,335479229,396809,-0.28591654,0.16913128,0.20985681,3
336079425,336078435,396809,-0.29224393,0.16643153,0.20163275,3
336528758,336527750,396809,-0.29376876,0.16415267,0.2031942,3
336978478,336977506,396809,-0.2951621,0.16458687,0.21219923,3
337578517,337577546,396809,-0.29187185,0.16270351,0.22429892,3
338027992,338027021,396809,-0.28952935,0.16191559,0.22583579,3
338477208,338476232,396809,-0.28723723,0.16122916,0.22436164,3
339076628,339075656,396809,-0.28794575,0.16184248,0.22810094,3
339527119,339526147,396809,-0.28262213,0.16277236,0.22283503,3
339976475,339975500,396809,-0.28815418,0.16524065,0.21522044,3
340575594,340574623,396809,-0.2881681,0.171225,0.21354724,3
341025478,341024506,396809,-0.2944913,0.17075035,0.2052603,3
341474728,341473756,396809,-0.29453325,0.16860136,0.20306496,3
342075032,342074051,396809,-0.2930364,0.16944757,0.20003994,3
342524425,342523435,396809,-0.2929818,0.17157118,0.20298804,3
342974307,342973276,396809,-0.2897839,0.16764034,0.20988141,3
343573222,343572251,396809,-0.28808278,0.16956398,0.21885838,3
344023782,344022811,396809,-0.28189385,0.17254284,0.21880227,3
344473154,344472182,396809,-0.28872415,0.17227553,0.2262985,3
345072667,345071627,396809,-0.28572202,0.17171748,0.22106412,3
345521850,345520879,396809,-0.28967756,0.17040417,0.21581952,3
345971500,345970471,396809,-0.2912416,0.16745971,0.2151437,3
346571552,346570567,396809,-0.28906834,0.16403484,0.20697872,3
347021281,347020307,396809,-0.2908156,0.16443782,0.19492787,3
347470705,347469729,396809,-0.29301965,0.16494663,0.2016712,3
348070993,348070022,396809,-0.29371145,0.16105899,0.20704177,3
348520475,348519503,396809,-0.29047576,0.15705204,0.21619338,3
348970221,348969236,396809,-0.28575718,0.15317497,0.2215882,3
349569210,349568239,396809,-0.2842687,0.15627165,0.21774755,3
350018440,350017471,396809,-0.28489608,0.15969953,0.22591947,3
350467989,350467019,396809,-0.28809544,0.16288868,0.21904705,3
351068517,351067546,396809,-0.28652164,0.16432434,0.22051755,3
351517988,351517019,396809,-0.2850625,0.16524667,0.21523431,3
351967264,351966294,396809,-0.28834996,0.16861343,0.20309268,3
352567549,352566578,396809,-0.28909203,0.17152797,0.20451085,3
353017207,353016236,396809,-0.29295942,0.17003703,0.20453545,3
353466584,353465614,396809,-0.28669223,0.16764638,0.20989527,3
354065640,354064670,396809,-0.2866643,0.16237836,0.21230024,3
354515206,354514201,396809,-0.28487507,0.16412437,0.22654642,3
354964350,354963380,396809,-0.28252834,0.16556154,0.22802037,3
355564976,355564004,396809,-0.28951254,0.16411532,0.22652562,3
356014470,356013437,396809,-0.29115772,0.15835632,0.22141719,3
356463714,356462743,396809,-0.28673288,0.15953842,0.20862037,3
357064335,357063364,396809,-0.29207325,0.1631095,0.21225502,3
357513648,357512665,396809,-0.29215577,0.16625392,0.20690197,3
357963028,357962057,396809,-0.29209,0.16761044,0.21062376,3
358561892,358560921,396809,-0.29140383,0.16853127,0.20533706,3
359011455,359010469,396809,-0.288115,0.16590622,0.21745771,3
359462376,359461406,396809,-0.28659293,0.16670169,0.2159382,3
360061451,360060459,396809,-0.28427982,0.16373941,0.21603245,3
360510795,360509825,396809,-0.28809682,0.16214697,0.219068,3
360960238,360959268,396809,-0.28736869,0.16521677,0.21597666,3
361560623,361559654,396809,-0.29133394,0.16541223,0.20993736,3
362010028,362009048,396809,-0.29354352,0.16965492,0.21582314,3
362459261,362458290,396809,-0.28971535,0.17048028,0.21356128,3
363058344,363057374,396809,-0.28743568,0.1765199,0.210393,3
363506566,363505596,396809,-0.28415385,0.17018634,0.22261848,3
364083518,364028939,396809,-0.28526092,0.16872534,0.21826828,3
364554595,364553625,396809,-0.28818077,0.1645497,0.21373591,3
365003930,365002951,396809,-0.2881458,0.16299017,0.21603608,3
365581601,365527432,396809,-0.2883953,0.16061558,0.21685404,3
366052677,366051706,396809,-0.29056388,0.15722966,0.21092416,3
366503090,366502119,396809,-0.29214466,0.15878618,0.20861708,3
367080436,367026229,396809,-0.29317355,0.16411659,0.20796041,3
367551817,367550847,396809,-0.29058337,0.16694789,0.20839341,3
368001208,368000238,396809,-0.29200754,0.16446602,0.21597682,3
368579773,368525181,396809,-0.2887661,0.1655468,0.21708894,3
369050896,369049926,396809,-0.29281685,0.16528234,0.21369416,3
369500592,369499622,396809,-0.2882297,0.16539289,0.21070397,3
370078036,370023811,396809,-0.28615868,0.16747473,0.21867554,3
370550038,370549068,396809,-0.28115594,0.16740319,0.21744698,3
370999406,370998435,396809,-0.2881975,0.16905063,0.21210463,3
371577227,371523010,396809,-0.28755757,0.17129391,0.21154283,3
372048097,372047126,396809,-0.2883695,0.17163098,0.20150334,3
372497551,372496579,396809,-0.2890935,0.17078628,0.20453182,3
373076171,373021766,396809,-0.2936131,0.1694346,0.2040482,3
373547533,373546563,396809,-0.29204106,0.16676725,0.2136557,3
373997030,373996060,396809,-0.28654817,0.16363339,0.21903302,3
374574344,374520169,396809,-0.28917074,0.16372141,0.21626142,3
375046685,375045714,396809,-0.28575155,0.16284245,0.22056293,3
375496286,375495316,396809,-0.28500095,0.1643781,0.219019,3
376073716,376019503,396809,-0.28771478,0.16761647,0.21803783,3
376544878,376543907,396809,-0.2858522,0.16974612,0.21359956,3
376994169,376993198,396809,-0.28893822,0.17270689,0.21350186,3
377573163,377518985,396809,-0.28961432,0.17340237,0.20382886,3
378044208,378043236,396809,-0.28991112,0.17385307,0.20143352,3
378493519,378492548,396809,-0.2898664,0.17078477,0.20452835,3
379070912,379016729,396809,-0.2913358,0.16777365,0.20949464,3
379541844,379540874,396809,-0.28651464,0.16133216,0.22135414,3
379989936,379988965,396809,-0.28415117,0.15826839,0.22445937,3
380566955,380512752,396809,-0.28389472,0.15765081,0.22447799,3
381038083,381037112,396809,-0.28334752,0.16118595,0.22588447,3
381487464,381486493,396809,-0.28657338,0.16368413,0.21752752,3
382066474,382011515,396809,-0.28700227,0.16687107,0.21455294,3
382537549,382536578,396809,-0.29515648,0.16755366,0.21211538,3
382986890,382985918,396809,-0.2905484,0.16538836,0.21069357,3
383586173,383585201,396809,-0.29442278,0.1668896,0.20988157,3
384035938,384034965,396809,-0.29365686,0.1631826,0.20998986,3
384486289,384485318,396809,-0.28970844,0.16078742,0.21533929,3
385063625,385009365,396809,-0.285434,0.15999228,0.22453015,3
385534684,385533712,396809,-0.28569415,0.15974878,0.22441052,3
385984246,385983274,396809,-0.2895545,0.16196634,0.22433029,3
386584623,386583651,396809,-0.290396,0.1591249,0.22064696,3
387033930,387032958,396809,-0.28973222,0.16157988,0.21381283,3
387483410,387482438,396809,-0.2859348,0.15948918,0.21012932,3
388082935,388081964,396809,-0.28979373,0.16244844,0.21002816,3
388532205,388531232,396809,-0.28675807,0.15958917,0.20711489,3
388982722,388981740,396809,-0.28914118,0.15896982,0.20336173,3
389581830,389580858,396809,-0.2968311,0.15962031,0.20556433,3
390031775,390030803,396809,-0.2891076,0.15666859,0.20568286,3
390480938,390479967,396809,-0.28975877,0.16088893,0.2123283,3
391081171,391080199,396809,-0.28505132,0.1644796,0.21600802,3
391530479,391529507,396809,-0.28505415,0.1629962,0.21604995,3
391980334,391979363,396809,-0.28107348,0.16425878,0.22280003,3
392579378,392578405,396809,-0.28192747,0.16814339,0.21742256,3
393029886,393028915,396809,-0.28598362,0.17373374,0.20521457,3
393479258,393478286,396809,-0.2930181,0.17908968,0.19976743,3
394078515,394077544,396809,-0.29156604,0.1763035,0.194589,3
394527988,394527017,396809,-0.28605077,0.17163551,0.20151374,3
394977463,394976491,396809,-0.29209423,0.16538535,0.21068664,3
395577798,395576822,396809,-0.2859166,0.16243061,0.21079822,3
396027552,396026579,396809,-0.28657058,0.16516754,0.21748562,3
396476776,396475803,396809,-0.28972378,0.16603008,0.21368705,3
397075863,397074891,396809,-0.28656492,0.16813433,0.21740176,3
397526282,397525310,396809,-0.28276053,0.16975215,0.21361344,3
397975896,397974924,396809,-0.28272277,0.16967602,0.21587168,3
398574977,398574006,396809,-0.28665587,0.16682856,0.21217446,3
399024331,399023359,396809,-0.2913297,0.16763732,0.20987448,3
399473769,399472782,396809,-0.28749317,0.16621222,0.20842825,3
400074340,400073369,396809,-0.28901097,0.16764185,0.20988487,3
400523926,400522931,396809,-0.2960427,0.16778052,0.20533721,3
400973168,400972197,396809,-0.29050085,0.16380347,0.21374647,3
401573491,401572520,396809,-0.2912696,0.16602707,0.21368012,3
402023312,402022341,396809,-0.29114932,0.16280653,0.22129142,3
402472698,402471710,396809,-0.2864643,0.16123067,0.22436512,3
403071739,403070768,396809,-0.28500935,0.1599279,0.21914476,3
403521211,403520240,396809,-0.28571376,0.16276632,0.22282118,3
403970510,403969539,396809,-0.28269064,0.15993242,0.21915516,3
404571172,404570201,396809,-0.28428125,0.16299771,0.21605341,3
405020474,405019502,396809,-0.28433996,0.16534968,0.2122268,3
405469765,405468794,396809,-0.28672022,0.16621372,0.20843172,3
406070435,406069464,396809,-0.28593338,0.16023088,0.21010837,3
406519664,406518692,396809,-0.28973645,0.15935478,0.21387573,3
406969170,406968199,396809,-0.2889286,0.15779676,0.21617934,3
407568085,407567116,396809,-0.28584668,0.15931156,0.21539854,3
408017657,408016603,396809,-0.28271583,0.15998317,0.21764968,3
408467193,408466219,396809,-0.28355172,0.16010854,0.21388248,3
409067674,409066703,396809,-0.28584105,0.16227837,0.2153147,3
409516896,409515926,396809,-0.28429383,0.16302308,0.21530066,3
409966451,409965454,396809,-0.28437492,0.16690919,0.20992664,3
410567091,410566121,396809,-0.2891215,0.16935362,0.20306826,3
411016456,411015458,396809,-0.2891215,0.16935362,0.20306826,3
411465854,411464883,396809,-0.29132548,0.16986243,0.20981158,3
412064937,412063967,396809,-0.28432608,0.15936533,0.21389997,3
412514541,412513570,396809,-0.28664055,0.1615859,0.21382669,3
412965027,412964041,396809,-0.28503454,0.15997864,0.21763928,3
413563930,413562957,396809,-0.28351536,0.1592907,0.21616168,3
414013154,414012183,396809,-0.2859572,0.16102333,0.20858191,3
414463029,414462059,396809,-0.2929134,0.16100976,0.20855072,3
415063152,415062182,396809,-0.29364285,0.16389893,0.21072163,3
415512672,415511702,396809,-0.28892848,0.16449744,0.21523795,3
415961890,415960919,396809,-0.28975034,0.16533913,0.21220252,3
416561428,416560448,396809,-0.2887579,0.1611754,0.22586021,3
417010655,417009685,396809,-0.2841651,0.16425274,0.22278617,3
417461169,417460199,396809,-0.2826613,0.16210678,0.22059776,3
418060176,418059206,396809,-0.284249,0.16665545,0.21745409,3
418509895,418508924,396809,-0.29203546,0.16973406,0.21357183,3
418959427,418958438,396809,-0.29132128,0.17208754,0.2097487,3
419559595,419558624,396809,-0.28832057,0.17078778,0.20453528,3
420009056,420008064,396809,-0.2852289,0.17079382,0.20454915,3
420458804,420457833,396809,-0.28827998,0.17219506,0.2067516,3
421057676,421056705,396809,-0.29286426,0.17356792,0.20969984,3
421508319,421507349,396809,-0.29045045,0.17040265,0.21581605,3
422085503,422031246,396809,-0.28863657,0.16480112,0.21723592,3
422557092,422556122,396809,-0.2913018,0.16236931,0.21227944,3
423006474,423005503,396809,-0.29364285,0.16389893,0.21072163,3
423455592,423454622,396809,-0.29209986,0.16241854,0.21077049,3
424055936,424054965,396809,-0.2890543,0.17145185,0.2067691,3
424505725,424504754,396809,-0.28582138,0.17266217,0.21502122,3
425083098,425028860,396809,-0.2859089,0.17332327,0.21738337,3
425554169,425553198,396809,-0.2795779,0.17106396,0.21885459,3
426004570,426003600,396809,-0.28504562,0.17414708,0.21498276,3
426582264,426527978,396809,-0.2881213,0.17350012,0.20834468,3
427053452,427052469,396809,-0.29066026,0.1730591,0.20295651,3
427502670,427501700,396809,-0.29610565,0.1679074,0.20157349,3
428081210,428026484,396809,-0.29456174,0.16245435,0.20223598,3
428552668,428551697,396809,-0.29448298,0.16179919,0.20701733,3
429002003,429001009,396809,-0.29134375,0.16022032,0.2100841,3
429579432,429525166,396809,-0.28718787,0.16039695,0.21974826,3
430051652,430050682,396809,-0.2895503,0.16419144,0.2242674,3
430501284,430500313,396809,-0.28879976,0.1657271,0.22272344,3
431078770,431024436,396809,-0.28350863,0.16745535,0.2230746,3
431549681,431548711,396809,-0.28514364,0.16243212,0.21080169,3
431999212,431998241,396809,-0.2912738,0.16380197,0.213743,3
432578030,432523474,396809,-0.29518816,0.16403052,0.2030659,3
433049174,433048203,396809,-0.29842582,0.16716117,0.20158404,3
433498443,433497473,396809,-0.29385972,0.1628469,0.1979669,3
434075759,434021495,396809,-0.29287955,0.1621825,0.21039765,3
434548345,434547373,396809,-0.28114626,0.15919374,0.21918306,3
434997682,434996708,396809,-0.28407982,0.16259173,0.2280973,3
435575040,435520794,396809,-0.28035498,0.16572326,0.22702307,3
436046171,436045200,396809,-0.27490973,0.1672884,0.22123842,3
436495633,436494663,396809,-0.2849911,0.16957,0.21887225,3
437074589,437020346,396809,-0.28629738,0.17098056,0.20992814,3
437545574,437544604,396809,-0.2852541,0.17084455,0.20304365,3
437994766,437993796,396809,-0.29058337,0.16694789,0.20839341,3
438572206,438517947,396809,-0.29157287,0.16860038,0.21059811,3
439044637,439043667,396809,-0.29128915,0.16904461,0.21209079,3
439494171,439493200,396809,-0.294427,0.1646645,0.20994447,3
440071457,440017175,396809,-0.28968415,0.16582611,0.21607423,3
440542655,440541601,396809,-0.28962576,0.17104435,0.21880953,3
440992457,440991487,396809,-0.28427976,0.17044008,0.21509105,3
441570913,441516666,396809,-0.28639144,0.17041396,0.21207431,3
442041892,442040922,396809,-0.285827,0.16969538,0.21510507,3
442491208,442490238,396809,-0.28967756,0.17040417,0.21581952,3
443070036,443014861,396809,-0.28838974,0.16781324,0.20850426,3
443541171,443540201,396809,-0.2898147,0.16472429,0.20845978,3
443990477,443989507,396809,-0.289018,0.16393335,0.20998968,3
444567727,444513440,396809,-0.29185063,0.16243598,0.21026981,3
445039211,445038239,396809,-0.2935604,0.16075452,0.2160747,3
445488627,445487656,396809,-0.28666997,0.15941155,0.21238409,3
446067207,446012961,396809,-0.28951895,0.16277498,0.21866783,3
446538093,446537123,396809,-0.28416795,0.16276933,0.2228281,3
446987988,446987017,396809,-0.28486803,0.16783287,0.2264416,3
447566474,447511345,396809,-0.28452086,0.16804859,0.21641085,3
448037533,448036561,396809,-0.28967896,0.16966246,0.21584047,3
448486897,448485926,396809,-0.2835628,0.16757628,0.21216737,3
449064974,449010675,396809,-0.28965646,0.16913247,0.20958912,3
449535866,449534894,396809,-0.29453468,0.16785967,0.20308593,3
449986289,449985318,396809,-0.29522085,0.16693884,0.20837262,3
450584941,450583970,396809,-0.29436544,0.16379593,0.21372914,3
451034942,451033970,396809,-0.29207468,0.16236779,0.21227598,3
451484425,451483435,396809,-0.2826599,0.16284847,0.22057681,3
452084209,452083237,396809,-0.28333062,0.16338567,0.22657433,3
452533899,452532841,396809,-0.27730545,0.15999372,0.21767394,3
452983630,452982653,396809,-0.28807166,0.16209622,0.2205735,3
453582383,453581413,396809,-0.2873183,0.16511528,0.21898763,3
454032095,454031124,396809,-0.28835982,0.16342153,0.20323943,3
454482679,454481708,396809,-0.29290354,0.16620167,0.20840399,3
455081566,455080595,396809,-0.29836428,0.16629261,0.20536874,3
455531430,455530450,396809,-0.29926303,0.16654484,0.19783784,3
455980636,455979665,396809,-0.2930546,0.16650614,0.19937105,3
456580504,456579533,396809,-0.28882495,0.16577785,0.22121796,3
457030642,457029671,396809,-0.2856955,0.17240843,0.22254865,3
457480036,457479063,396809,-0.28257725,0.17310542,0.22404703,3
458078712,458077741,396809,-0.2843231,0.17425008,0.21197525,3
458529703,458528732,396809,-0.28903055,0.17065941,0.20829552,3
458979357,458978385,396809,-0.2889704,0.16904914,0.21210118,3
459578034,459577063,396809,-0.29057083,0.16022183,0.21008757,3
460027939,460026968,396809,-0.29056525,0.15648796,0.21094513,3
460477189,460476217,396809,-0.2952111,0.15872939,0.2101087,3
461077465,461076493,396809,-0.2906282,0.15661483,0.20718141,3
461527191,461526219,396809,-0.2890391,0.15280785,0.21030413,3
461976691,461975718,396809,-0.28808293,0.15616262,0.2207412,3
462575222,462574237,396809,-0.28887394,0.15992036,0.21912743,3
463026692,463025718,396809,-0.28507093,0.16079646,0.21536009,3
463475890,463474918,396809,-0.2887579,0.1611754,0.22586021,3
464074659,464073687,396809,-0.28737292,0.16299167,0.21603955,3
464524384,464523413,396809,-0.2852066,0.16255899,0.20703796,3
464973625,464972654,396809,-0.29065758,0.16114116,0.2047974,3
465574020,465573008,396809,-0.2898944,0.16935211,0.2030648,3
466023927,466022944,396809,-0.29283917,0.16681649,0.21214674,3
466473099,466472128,396809,-0.29134098,0.16170372,0.21004218,3
467073492,467072520,396809,-0.28421274,0.15913695,0.2206747,3
467523340,467522369,396809,-0.2842659,0.15775505,0.21770564,3
467972551,467971579,396809,-0.28496882,0.16133519,0.22136107,3
468571281,468570310,396809,-0.28884175,0.16357811,0.22052811,3
469021171,469020200,396809,-0.2919529,0.16658963,0.21892491,3
469470937,469469965,396809,-0.2881192,0.16368112,0.2175206,3
470070679,470069690,396809,-0.28513804,0.16539893,0.21071783,3
470520368,470519397,396809,-0.28515062,0.16542429,0.2099651,3
470969682,470968711,396809,-0.29373232,0.17003553,0.20453198,3
471570027,471569040,396809,-0.29364982,0.1668911,0.20988505,3
472019683,472018712,396809,-0.28825212,0.16022635,0.21009797,3
472469104,472468123,396809,-0.28962734,0.1569013,0.2207133,3
473067727,473066756,396809,-0.29032883,0.16122313,0.22434779,3
473517939,473516968,396809,-0.28506953,0.16153817,0.21533912,3
473967267,473966297,396809,-0.28796953,0.16263494,0.22657448,3
474566936,474565948,396809,-0.2866293,0.16751951,0.21365899,3
475016774,475015803,396809,-0.2883486,0.16935512,0.20307173,3
475466452,475465455,396809,-0.2929818,0.17157118,0.20298804,3
476066281,476065311,396809,-0.29612797,0.17614222,0.19908467,3
476516169,476515199,396809,-0.28690898,0.17329502,0.19619915,3
476965479,476964508,396809,-0.2890823,0.17001921,0.20530553,3
477563029,477562058,396809,-0.2904575,0.16669415,0.21592087,3
478011624,478010654,396809,-0.2833936,0.16351254,0.2228106,3
478460434,478459464,396809,-0.28805062,0.16652106,0.22120047,3
479060035,479059064,396809,-0.2872721,0.16948935,0.22112007,3
479510151,479509092,396809,-0.28264305,0.16504821,0.22126666,3
479959546,479958576,396809,-0.2834719,0.16888207,0.21739465,3
480558159,480557188,396809,-0.2913269,0.16912073,0.20983255,3
481009132,481008158,396809,-0.29310778,0.16512424,0.196402,3
481458925,481457955,396809,-0.28909636,0.16260219,0.20551516,3
482057644,482056590,396809,-0.2952474,0.16624789,0.2068881,3
482507380,482506410,396809,-0.29118145,0.16584945,0.21894933,3
482956688,482955717,396809,-0.28582144,0.16596149,0.21596262,3
483556729,483555758,396809,-0.28889775,0.16071281,0.21760099,3
484006686,484005715,396809,-0.28500795,0.1606696,0.21912381,3
484583926,484529575,396809,-0.2836536,0.16227588,0.22284439,3
485054425,485053436,396809,-0.291932,0.1643138,0.22049329,3
485505794,485504824,396809,-0.28745115,0.16836119,0.21062359,3
486083157,486028845,396809,-0.29185578,0.17288148,0.20082551,3
486553918,486552931,396809,-0.2867999,0.17084154,0.20303673,3
487003514,487002544,396809,-0.2936638,0.17287546,0.20821184,3
487582457,487527512,396809,-0.2873593,0.16681111,0.21630761,3
488052980,488052010,396809,-0.27958778,0.16587205,0.21900132,3
488502675,488501693,396809,-0.28021243,0.16408266,0.2280727,3
489080202,489025869,396809,-0.28245202,0.16231719,0.22535525,3
489552373,489551403,396809,-0.28497717,0.16358565,0.22054544,3
490002206,490001236,396809,-0.28506953,0.16153817,0.21533912,3
490579553,490525213,396809,-0.28846055,0.1639734,0.21249764,3
491050281,491049274,396809,-0.29287696,0.16689262,0.20988852,3
491499931,491498961,396809,-0.28986225,0.1663092,0.20540687,3
492078895,492024252,396809,-0.2940096,0.16858545,0.2035691,3
492549251,492548280,396809,-0.29138288,0.16625543,0.20690542,3
492999173,492998203,396809,-0.29296649,0.16632853,0.20464027,3
493576454,493522126,396809,-0.29056197,0.16380249,0.2101117,3
494048647,494047675,396809,-0.2842673,0.15701336,0.2177266,3
494498432,494497462,396809,-0.28803954,0.1590533,0.22291559,3
495075760,495021420,396809,-0.28510118,0.16059747,0.22125599,3
495546474,495545502,396809,-0.2826599,0.16284847,0.22057681,3
495996690,495995718,396809,-0.2866056,0.16002639,0.21612686,3
496575055,496520740,396809,-0.2868977,0.16294943,0.21366166,3
497045701,497044723,396809,-0.29065052,0.16484965,0.20469259,3
497495476,497494506,396809,-0.29378834,0.16717023,0.20160484,3
498071686,498017329,396809,-0.29112014,0.16450839,0.20745733,3
498541260,498540251,396809,-0.28977272,0.16687328,0.21065512,3
498990370,498989400,396809,-0.28833044,0.16559587,0.20468202,3
499569055,499514676,396809,-0.2857606,0.1636053,0.2199147,3
500039967,500038997,396809,-0.28654256,0.1666002,0.21894917,3
500489698,500488725,396809,-0.2880576,0.16951323,0.22036387,3
501068166,501013015,396809,-0.28393686,0.16431245,0.22103094,3
501538930,501537959,396809,-0.27958778,0.16587205,0.21900132,3
501989172,501988201,396809,-0.28258002,0.17162201,0.22408897,3
502566474,502512087,396809,-0.2868527,0.1754034,0.20691803,3
503037100,503036130,396809,-0.29388052,0.17852409,0.19451572,3
503487981,503487010,396809,-0.28986076,0.17375156,0.20444451,3
504065655,504011333,396809,-0.29505157,0.16922691,0.20279428,3
504536396,504535336,396809,-0.30163357,0.16590011,0.19483742,3
504986016,504985044,396809,-0.29454872,0.16044267,0.20329556,3
505585825,505584854,396809,-0.2990743,0.15946355,0.21007042,3
506035588,506034616,396809,-0.29596302,0.16315271,0.2107322,3
506485367,506484396,396809,-0.29052463,0.16459592,0.21222003,3
507083932,507082962,396809,-0.2833642,0.1656869,0.22425319,3
507533407,507532436,396809,-0.28017882,0.16848212,0.22945242,3
507984707,507983736,396809,-0.28108597,0.17098482,0.22110587,3
508583295,508582310,396809,-0.2826976,0.16962528,0.21737716,3
509032749,509031778,396809,-0.29062387,0.17224129,0.2052357,3
509482657,509481601,396809,-0.2928909,0.17287697,0.20821531,3
510082815,510081845,396809,-0.30017015,0.17574823,0.1885499,3
510532269,510531298,396809,-0.31030756,0.17516454,0.18325658,3
510982003,510981011,396809,-0.32059452,0.1890284,0.16702656,3
511580677,511579689,396809,-0.3349557,0.21224184,0.13697828,3
512031734,512030762,396809,-0.34841397,0.2307275,0.11533943,3
512481599,512480618,396809,-0.3575823,0.2602759,0.117470294,3
513080223,513079237,396809,-0.34890386,0.27333862,0.12616402,3
513529609,513528638,396809,-0.34972426,0.2816227,0.122166246,3
513979387,513978417,396809,-0.34899187,0.28691763,0.119012,3
514579659,514578688,396809,-0.35756797,0.29449564,0.11349504,3
515028989,515028011,396809,-0.3543896,0.29358235,0.118799075,3
515478923,515477937,396809,-0.35430145,0.29340473,0.124068275,3
516077458,516076488,396809,-0.36149,0.2841804,0.11151296,3
516528371,516527399,396809,-0.35026655,0.26328754,0.13847351,3
516978161,516977189,396809,-0.35047242,0.24136637,0.12931672,3
517576840,517575867,396809,-0.36721855,0.22301471,0.10118468,3
518026288,518025314,396809,-0.37645584,0.20951913,0.10528414,3
518476449,518475451,396809,-0.38030788,0.20278555,0.10696097,3
519076170,519075199,396809,-0.39136508,0.19802926,0.09350979,3
519525535,519524564,396809,-0.39368662,0.19654134,0.093541324,3
519975161,519974098,396809,-0.38910788,0.19890235,0.08973551,3
520572463,520571491,396809,-0.3701563,0.22418758,0.11016184,3
521020705,521019734,396809,-0.34803054,0.24633443,0.13595508,3
521469766,521468794,396809,-0.3291167,0.26499513,0.15506458,3
522069662,522068690,396809,-0.30856505,0.25890356,0.18315294,3
522519348,522518377,396809,-0.30939266,0.25007778,0.1811428,3
522969262,522968291,396809,-0.32543713,0.23410496,0.14843489,3
523569216,523568238,396809,-0.3521583,0.22079873,0.1238748,3
524018522,524017552,396809,-0.36789495,0.21388443,0.10820748,3
524468768,524467780,396809,-0.37883753,0.20964149,0.10151002,3
525067458,525066488,396809,-0.38814592,0.21862528,0.09820591,3
525516848,525515878,396809,-0.38205218,0.21807328,0.09298539,3
525967899,525966929,396809,-0.37564778,0.22806315,0.10476355,3
526566774,526565803,396809,-0.35614294,0.24411377,0.11342195,3
527016026,527015056,396809,-0.33808896,0.25029093,0.12912063,3
527465871,527464894,396809,-0.3285327,0.26537725,0.14377688,3
528065504,528064534,396809,-0.31305623,0.26834884,0.1445151,3
528516571,528515601,396809,-0.3097716,0.26349866,0.15669864,3
528965205,528964216,396809,-0.30641428,0.2503122,0.17438197,3
529563715,529562746,396809,-0.31884918,0.27425084,0.16688101,3
530013013,530012043,396809,-0.3567661,0.24976677,0.121530965,3
530464556,530463586,396809,-0.3662259,0.23225234,0.11295955,3
531063233,531062262,396809,-0.3669079,0.23355661,0.11818336,3
531512670,531511700,396809,-0.36852923,0.23370585,0.11365996,3
531962371,531961401,396809,-0.3646143,0.23361188,0.11668827,3
532562548,532561578,396809,-0.37008768,0.2337282,0.11290029,3
533011928,533010940,396809,-0.3662468,0.23452818,0.11139117,3
533461837,533460865,396809,-0.36355746,0.23006299,0.13408871,3
