timestamp,timestamp_sample,baro_device_id,baro_alt_meter,baro_pressure_pa,ambient_temperature,rho,temperature_source,calibration_count
267102231,267079578,6780433,456.02737,95966.11,38.61,1.0721716,1,1
267188790,267166152,6780433,455.99564,95966.484,38.614998,1.0721586,1,1
267275370,267252748,6780433,455.86618,95967.984,38.614998,1.0721754,1,1
267448621,267425974,6780433,455.90582,95967.516,38.62,1.072153,1,1
267708369,267685747,6780433,455.90054,95967.58,38.614998,1.0721709,1,1
267881569,267858947,6780433,456.09872,95965.305,38.61,1.0721626,1,1
268054771,268032147,6780433,455.9983,95966.45,38.62,1.072141,1,1
268314567,268291947,6780433,455.993,95966.52,38.62,1.0721419,1,1
268487795,268465147,6780433,455.82654,95968.42,38.62,1.0721631,1,1
268661018,268638371,6780433,456.0168,95966.25,38.62,1.0721388,1,1
268834206,268811566,6780433,455.8794,95967.81,38.62,1.0721563,1,1
269093987,269071347,6780433,456.10663,95965.2,38.614998,1.0721443,1,1
269267167,269244547,6780433,456.01944,95966.22,38.62,1.0721384,1,1
269440366,269417747,6780433,456.03003,95966.086,38.62,1.072137,1,1
269700223,269677567,6780433,455.96924,95966.8,38.625,1.0721277,1,1
269873367,269850746,6780433,456.27045,95963.34,38.62,1.0721064,1,1
270046567,270023947,6780433,456.28894,95963.11,38.62,1.0721037,1,1
270306457,270283746,6780433,456.2546,95963.516,38.625,1.0720911,1,1
270479568,270456947,6780433,456.18326,95964.33,38.625,1.0721,1,1
270652795,270630147,6780433,456.2863,95963.15,38.629997,1.0720698,1,1
270912649,270889947,6780433,456.18854,95964.266,38.625,1.0720994,1,1
271085799,271063147,6780433,456.27573,95963.28,38.625,1.0720885,1,1
271258987,271236347,6780433,456.2097,95964.03,38.62,1.072114,1,1
271432166,271409546,6780433,456.27045,95963.32,38.629997,1.0720717,1,1
271691970,271669367,6780433,456.3048,95962.945,38.625,1.0720847,1,1
271865205,271842547,6780433,456.0802,95965.516,38.629997,1.0720962,1,1
272038368,272015747,6780433,456.25195,95963.55,38.625,1.0720913,1,1
272298226,272275566,6780433,456.51355,95960.53,38.625,1.0720577,1,1
272471471,272448747,6780433,456.50034,95960.67,38.625,1.0720593,1,1
272644568,272621947,6780433,456.62717,95959.22,38.625,1.0720431,1,1
272904368,272881774,6780433,456.66418,95958.805,38.62,1.0720556,1,1
273077653,273054947,6780433,456.66153,95958.84,38.62,1.072056,1,1
273250787,273228147,6780433,456.8227,95956.984,38.629997,1.0720009,1,1
273510566,273487946,6780433,456.8148,95957.08,38.625,1.0720191,1,1
273683785,273661150,6780433,456.91782,95955.9,38.629997,1.0719887,1,1
273856977,273834368,6780433,457.00238,95954.91,38.62,1.0720121,1,1
274116774,274094174,6780433,456.8861,95956.266,38.62,1.0720272,1,1
274290009,274267356,6780433,456.99445,95955.016,38.625,1.0719961,1,1
274463166,274440578,6780433,457.0711,95954.125,38.62,1.0720034,1,1
274636451,274613746,6780433,457.0288,95954.62,38.629997,1.0719744,1,1
274896211,274873568,6780433,457.2481,95952.09,38.62,1.0719806,1,1
275069367,275046773,6780433,457.14774,95953.25,38.625,1.0719763,1,1
275242651,275219947,6780433,457.079,95954.03,38.625,1.0719851,1,1
275502372,275479748,6780433,457.28247,95951.69,38.62,1.0719762,1,1
275675567,275652946,6780433,457.17413,95952.95,38.625,1.0719731,1,1
275848782,275826147,6780433,457.2296,95952.305,38.62,1.071983,1,1
276108618,276085972,6780433,457.15036,95953.22,38.62,1.0719932,1,1
276281775,276259175,6780433,457.24548,95952.13,38.625,1.0719638,1,1
276454982,276432361,6780433,457.29834,95951.52,38.62,1.0719743,1,1
276714767,276692147,6780433,457.38815,95950.47,38.614998,1.0719798,1,1
276887991,276865357,6780433,457.43307,95949.95,38.614998,1.0719739,1,1
277061214,277038568,6780433,457.3591,95950.81,38.62,1.0719664,1,1
277234367,277211775,6780433,457.33002,95951.14,38.614998,1.0719872,1,1
277494216,277471568,6780433,457.30096,95951.484,38.62,1.0719738,1,1
277667369,277644747,6780433,457.36176,95950.77,38.62,1.0719658,1,1
277840567,277817947,6780433,457.4463,95949.82,38.614998,1.0719725,1,1
278100367,278077747,6780433,457.51236,95949.04,38.614998,1.0719637,1,1
278273621,278250974,6780433,457.40137,95950.33,38.62,1.0719609,1,1
278446775,278424174,6780433,457.43573,95949.92,38.61,1.0719907,1,1
278706567,278683947,6780433,457.59427,95948.125,38.614998,1.0719535,1,1
278879766,278857146,6780433,457.40665,95950.26,38.61,1.0719944,1,1
279052980,279030351,6780433,457.44366,95949.84,38.61,1.0719898,1,1
279312787,279290147,6780433,457.5467,95948.664,38.61,1.0719767,1,1
279486018,279463371,6780433,457.49387,95949.28,38.61,1.0719836,1,1
279659214,279636567,6780433,457.62595,95947.75,38.605,1.0719836,1,1
279832367,279809747,6780433,457.5705,95948.39,38.614998,1.0719564,1,1
280092230,280069576,6780433,457.5018,95949.17,38.61,1.0719823,1,1
280265367,280242747,6780433,457.60483,95947.984,38.61,1.071969,1,1
280438617,280415972,6780433,457.4859,95949.375,38.605,1.0720018,1,1
280698367,280675746,6780433,457.65768,95947.4,38.6,1.0719969,1,1
280871566,280848946,6780433,457.56784,95948.42,38.605,1.0719912,1,1
281044767,281022147,6780433,457.6709,95947.234,38.6,1.071995,1,1
281304567,281281947,6780433,457.72638,95946.59,38.6,1.0719879,1,1
281477789,281455147,6780433,457.64185,95947.57,38.6,1.0719988,1,1
281651014,281628387,6780433,457.49652,95949.234,38.6,1.0720174,1,1
281910781,281888147,6780433,457.67352,95947.2,38.595,1.072012,1,1
282083983,282061347,6780433,457.75015,95946.31,38.6,1.0719848,1,1
282257170,282234546,6780433,457.55197,95948.586,38.595,1.0720274,1,1
282430368,282407748,6780433,457.72903,95946.58,38.59,1.0720221,1,1
282690229,282667568,6780433,457.56784,95948.414,38.6,1.0720083,1,1
282863367,282840747,6780433,457.48856,95949.33,38.595,1.0720357,1,1
283036567,283013947,6780433,457.73694,95946.484,38.595,1.072004,1,1
283296456,283273747,6780433,457.7581,95946.24,38.59,1.0720184,1,1
283469567,283446947,6780433,457.77658,95946.016,38.595,1.0719987,1,1
283642786,283620147,6780433,457.6973,95946.92,38.595,1.0720088,1,1
283902648,283879947,6780433,457.7396,95946.445,38.59,1.0720206,1,1
284075781,284053149,6780433,457.54932,95948.64,38.59,1.0720452,1,1
284248985,284226346,6780433,457.75015,95946.31,38.595,1.0720019,1,1
284508783,284486150,6780433,457.5916,95948.14,38.59,1.0720396,1,1
284681968,284659371,6780433,457.5916,95948.13,38.59,1.0720396,1,1
284855201,284832546,6780433,457.55725,95948.55,38.59,1.0720441,1,1
285114970,285092357,6780433,457.64713,95947.49,38.59,1.0720325,1,1
285288229,285265568,6780433,457.81885,95945.52,38.59,1.0720104,1,1
285461455,285438746,6780433,457.84262,95945.26,38.59,1.0720074,1,1
285634567,285611947,6780433,457.74222,95946.41,38.59,1.0720203,1,1
285894372,285871773,6780433,457.75015,95946.336,38.579998,1.0720539,1,1
286067653,286044947,6780433,457.55725,95948.54,38.585,1.0720613,1,1
286240789,286218147,6780433,457.47006,95949.555,38.59,1.0720555,1,1
286500577,286477947,6780433,457.69202,95946.984,38.585,1.0720439,1,1
286673782,286651150,6780433,457.53085,95948.85,38.59,1.0720476,1,1
286846974,286824368,6780433,457.69992,95946.91,38.579998,1.0720602,1,1
287106776,287084174,6780433,457.5546,95948.57,38.579998,1.0720788,1,1
287279985,287257356,6780433,457.60483,95947.99,38.579998,1.0720724,1,1
287453171,287430549,6780433,457.6392,95947.586,38.579998,1.0720679,1,1
287712972,287690366,6780433,457.67618,95947.18,38.579998,1.0720633,1,1
287886214,287863568,6780433,457.73694,95946.47,38.579998,1.0720553,1,1
288059371,288036777,6780433,457.54932,95948.64,38.579998,1.0720797,1,1
288232662,288209947,6780433,457.59427,95948.125,38.579998,1.0720739,1,1
288492376,288469749,6780433,457.59955,95948.06,38.579998,1.0720732,1,1
288665568,288642947,6780433,457.59427,95948.125,38.574997,1.0720911,1,1
288838787,288816160,6780433,457.63123,95947.68,38.57,1.0721033,1,1
289098614,289075970,6780433,457.63657,95947.64,38.574997,1.0720857,1,1
289271775,289249174,6780433,457.52292,95948.94,38.579998,1.072083,1,1
289444983,289422363,6780433,457.68936,95947.03,38.57,1.072096,1,1
289704767,289682147,6780433,457.67352,95947.21,38.574997,1.072081,1,1
289877987,289855357,6780433,457.47534,95949.47,38.57,1.0721232,1,1
290051210,290028569,6780433,457.46213,95949.64,38.57,1.0721252,1,1
290311015,290288371,6780433,457.62332,95947.77,38.57,1.0721043,1,1
290484209,290461567,6780433,457.45685,95949.7,38.57,1.0721258,1,1
290657371,290634746,6780433,457.57312,95948.36,38.57,1.0721109,1,1
290830567,290807946,6780433,457.71582,95946.72,38.565,1.0721097,1,1
291090371,291067767,6780433,457.6286,95947.71,38.57,1.0721036,1,1
291263611,291240968,6780433,457.5705,95948.38,38.565,1.0721283,1,1
291436768,291414171,6780433,457.52557,95948.89,38.57,1.0721167,1,1
291696567,291673947,6780433,457.5546,95948.58,38.57,1.0721133,1,1
291869768,291847147,6780433,457.62332,95947.77,38.565,1.0721215,1,1
292042971,292020349,6780433,457.62067,95947.805,38.565,1.0721217,1,1
292302774,292280147,6780433,457.56784,95948.414,38.57,1.0721115,1,1
292476016,292453370,6780433,457.68408,95947.06,38.559998,1.0721308,1,1
292649215,292626567,6780433,457.51764,95948.984,38.559998,1.0721523,1,1
292908984,292886347,6780433,457.51498,95949.03,38.559998,1.0721527,1,1
293082207,293059567,6780433,457.70258,95946.86,38.559998,1.0721285,1,1
293255371,293232746,6780433,457.5916,95948.14,38.559998,1.0721428,1,1
293515179,293492547,6780433,457.53348,95948.81,38.559998,1.0721502,1,1
293688370,293665747,6780433,457.6339,95947.664,38.555,1.0721546,1,1
293861570,293838946,6780433,457.62067,95947.8,38.555,1.0721562,1,1
294034767,294012147,6780433,457.47272,95949.52,38.55,1.0721927,1,1
294294569,294271946,6780433,457.63123,95947.69,38.55,1.0721722,1,1
294467788,294445146,6780433,457.63123,95947.69,38.55,1.0721722,1,1
294641015,294618371,6780433,457.74222,95946.41,38.55,1.0721579,1,1
294900778,294878147,6780433,457.7396,95946.44,38.55,1.0721582,1,1
295073994,295051346,6780433,457.65768,95947.38,38.55,1.0721687,1,1
295247225,295224575,6780433,457.60745,95947.95,38.545,1.0721922,1,1
295506974,295484369,6780433,457.52026,95948.98,38.55,1.0721866,1,1
295680226,295657568,6780433,457.4278,95950.03,38.55,1.0721984,1,1
295853371,295830747,6780433,457.47272,95949.516,38.55,1.0721927,1,1
296113166,296090578,6780433,457.4172,95950.16,38.55,1.0721998,1,1
296286456,296263747,6780433,457.68408,95947.08,38.545,1.0721825,1,1
296459571,296436947,6780433,457.73166,95946.53,38.545,1.0721763,1,1
296632787,296610147,6780433,457.53348,95948.805,38.55,1.0721847,1,1
296892654,296869947,6780433,457.59427,95948.125,38.54,1.0722114,1,1
297065780,297043147,6780433,457.6286,95947.72,38.54,1.0722069,1,1
297238984,297216347,6780433,457.59427,95948.125,38.54,1.0722114,1,1
297498783,297476151,6780433,457.5546,95948.56,38.54,1.0722163,1,1
297671967,297649368,6780433,457.60745,95947.95,38.535,1.0722266,1,1
297845177,297822547,6780433,457.7211,95946.66,38.535,1.0722121,1,1
298104972,298082358,6780433,457.43573,95949.92,38.54,1.0722314,1,1
298278226,298255567,6780433,457.766,95946.14,38.53,1.0722237,1,1
298451465,298428746,6780433,457.6339,95947.67,38.53,1.0722407,1,1
298711210,298688568,6780433,457.78717,95945.91,38.53,1.072221,1,1
298884367,298861776,6780433,457.62595,95947.734,38.53,1.0722414,1,1
299057679,299034960,6780433,457.45422,95949.734,38.53,1.0722638,1,1
299230780,299208147,6780433,457.61273,95947.91,38.53,1.0722433,1,1
299490570,299467947,6780433,457.78717,95945.9,38.52,1.0722554,1,1
299663783,299641149,6780433,457.7343,95946.516,38.53,1.0722278,1,1
299836971,299814371,6780433,457.4595,95949.664,38.53,1.072263,1,1
300096775,300074175,6780433,457.58633,95948.2,38.52,1.0722811,1,1
300269972,300247358,6780433,457.64185,95947.56,38.52,1.072274,1,1
300443167,300420550,6780433,457.5467,95948.67,38.52,1.0722864,1,1
300702971,300680349,6780433,457.55725,95948.55,38.52,1.0722849,1,1
300876210,300853568,6780433,457.77393,95946.06,38.515,1.0722744,1,1
301049368,301026776,6780433,457.77127,95946.09,38.51,1.0722919,1,1
301309211,301286568,6780433,457.61273,95947.89,38.51,1.072312,1,1
301482367,301459747,6780433,457.9087,95944.5,38.504997,1.0722913,1,1
301655571,301632947,6780433,457.71582,95946.7,38.51,1.0722988,1,1
301915368,301892747,6780433,457.7607,95946.19,38.504997,1.0723102,1,1
302088623,302065973,6780433,457.72903,95946.56,38.51,1.0722972,1,1
302261776,302239174,6780433,457.76337,95946.18,38.5,1.0723273,1,1
302434976,302412360,6780433,457.83206,95945.375,38.5,1.0723183,1,1
302694770,302672146,6780433,457.766,95946.14,38.5,1.0723269,1,1
302867992,302845375,6780433,457.75015,95946.31,38.495,1.072346,1,1
303041211,303018569,6780433,457.68146,95947.09,38.5,1.0723375,1,1
303301015,303278371,6780433,457.5837,95948.24,38.5,1.0723503,1,1
303474212,303451568,6780433,457.6101,95947.93,38.489998,1.0723814,1,1
303647369,303624748,6780433,457.81622,95945.56,38.489998,1.0723549,1,1
303907168,303884547,6780433,457.82413,95945.46,38.489998,1.0723537,1,1
304080367,304057746,6780433,457.7343,95946.5,38.485,1.0723825,1,1
304253619,304230972,6780433,457.84793,95945.21,38.48,1.0723852,1,1
304513367,304490746,6780433,457.6973,95946.94,38.48,1.0724045,1,1
304686570,304663947,6780433,457.48328,95949.39,38.489998,1.0723976,1,1
304859770,304837147,6780433,457.98267,95943.66,38.48,1.0723679,1,1
305032971,305010349,6780433,457.5837,95948.23,38.48,1.072419,1,1
305292790,305270147,6780433,457.69992,95946.9,38.475,1.0724213,1,1
305466016,305443371,6780433,457.83206,95945.375,38.48,1.0723871,1,1
305639211,305616568,6780433,457.77658,95946.016,38.469997,1.0724287,1,1
305898983,305876364,6780433,457.8294,95945.41,38.475,1.0724047,1,1
306072227,306049576,6780433,457.6154,95947.875,38.469997,1.0724494,1,1
306245368,306222747,6780433,457.69464,95946.97,38.475,1.0724221,1,1
306505179,306482547,6780433,457.84793,95945.2,38.469997,1.0724196,1,1
306678367,306655747,6780433,457.73694,95946.47,38.464996,1.072451,1,1
306851580,306828946,6780433,457.7819,95945.945,38.464996,1.0724452,1,1
307111458,307088746,6780433,457.75015,95946.31,38.464996,1.0724492,1,1
307284566,307261947,6780433,457.79507,95945.8,38.46,1.0724607,1,1
307457778,307435147,6780433,457.71844,95946.68,38.46,1.0724705,1,1
307631019,307608373,6780433,457.7079,95946.81,38.46,1.072472,1,1
307890783,307868147,6780433,457.68674,95947.04,38.45,1.0725089,1,1
308063983,308041346,6780433,457.60217,95948.03,38.455,1.0725029,1,1
308237167,308214547,6780433,457.7581,95946.234,38.455,1.0724828,1,1
308496973,308474368,6780433,457.53085,95948.84,38.455,1.072512,1,1
308670224,308647567,6780433,457.77127,95946.09,38.445,1.0725156,1,1
308843367,308820746,6780433,457.63123,95947.68,38.45,1.0725161,1,1
309103167,309080546,6780433,457.88226,95944.8,38.44,1.0725183,1,1
309276452,309253746,6780433,457.67352,95947.2,38.445,1.072528,1,1
309449567,309426947,6780433,457.6788,95947.14,38.445,1.0725273,1,1
309709369,309686776,6780433,457.72638,95946.59,38.445,1.0725212,1,1
309882674,309859960,6780433,457.86908,95944.95,38.434998,1.0725373,1,1
310055784,310033147,6780433,457.6788,95947.13,38.445,1.0725272,1,1
310315567,310292970,6780433,457.52292,95948.93,38.445,1.0725473,1,1
310488785,310466150,6780433,457.88492,95944.766,38.434998,1.0725353,1,1
310661967,310639368,6780433,457.6788,95947.16,38.434998,1.0725619,1,1
310835200,310812547,6780433,457.7475,95946.34,38.434998,1.0725529,1,1
311094971,311072357,6780433,457.7819,95945.97,38.43,1.0725659,1,1
311268224,311245567,6780433,457.8453,95945.22,38.43,1.0725574,1,1
311441458,311418747,6780433,457.54404,95948.7,38.43,1.0725964,1,1
311701209,311678568,6780433,457.67352,95947.22,38.43,1.0725799,1,1
311874367,311851772,6780433,457.8347,95945.34,38.42,1.0725933,1,1
312047653,312024946,6780433,457.84262,95945.25,38.425,1.0725751,1,1
312307368,312284747,6780433,457.7211,95946.64,38.425,1.0725907,1,1
312480567,312457947,6780433,457.71054,95946.766,38.42,1.0726092,1,1
312653785,312631150,6780433,457.76865,95946.125,38.425,1.0725849,1,1
312913623,312890977,6780433,457.76865,95946.125,38.42,1.072602,1,1
313086792,313064181,6780433,457.6524,95947.445,38.42,1.0726167,1,1
313259980,313237361,6780433,457.92722,95944.29,38.415,1.0725987,1,1
313433225,313410567,6780433,457.65503,95947.41,38.42,1.0726163,1,1
313692975,313670349,6780433,457.6154,95947.88,38.41,1.072656,1,1
313866212,313843568,6780433,457.72375,95946.625,38.415,1.0726248,1,1
314039367,314016776,6780433,457.73694,95946.484,38.41,1.0726404,1,1
314299209,314276567,6780433,457.8109,95945.61,38.405,1.0726479,1,1
314472437,314449781,6780433,457.72638,95946.59,38.41,1.0726416,1,1
314645568,314622947,6780433,457.74487,95946.375,38.405,1.0726564,1,1
314905368,314882747,6780433,457.8453,95945.22,38.405,1.0726435,1,1
315078615,315055971,6780433,457.74222,95946.42,38.41,1.0726398,1,1
315251778,315229175,6780433,457.7607,95946.2,38.405,1.0726546,1,1
315511566,315488947,6780433,457.72375,95946.62,38.405,1.0726591,1,1
315684770,315662148,6780433,457.65768,95947.39,38.399998,1.072685,1,1
315857992,315835357,6780433,457.79773,95945.766,38.399998,1.0726669,1,1
316031209,316008567,6780433,457.88754,95944.74,38.399998,1.0726554,1,1
316291018,316268371,6780433,457.78717,95945.9,38.399998,1.0726684,1,1
316464212,316441569,6780433,457.72903,95946.56,38.39,1.0727103,1,1
316637367,316614747,6780433,457.7898,95945.86,38.394997,1.0726851,1,1
316897168,316874547,6780433,457.766,95946.16,38.39,1.0727056,1,1
317070367,317047747,6780433,457.79773,95945.78,38.39,1.0727016,1,1
317243611,317220968,6780433,457.65503,95947.414,38.39,1.0727198,1,1
317503367,317480746,6780433,457.6392,95947.61,38.39,1.072722,1,1
317676567,317653947,6780433,457.77393,95946.055,38.39,1.0727046,1,1
317849768,317827147,6780433,457.63657,95947.64,38.39,1.0727223,1,1
318109567,318086947,6780433,457.63657,95947.64,38.385,1.0727395,1,1
318282794,318260147,6780433,457.69992,95946.89,38.379997,1.0727483,1,1
318456019,318433371,6780433,457.83206,95945.375,38.385,1.0727141,1,1
318715780,318693147,6780433,457.84793,95945.2,38.379997,1.0727295,1,1
318888986,318866346,6780433,457.69992,95946.89,38.375,1.0727655,1,1
319062207,319039567,6780433,457.79245,95945.836,38.379997,1.0727365,1,1
319235368,319212747,6780433,457.8109,95945.63,38.375,1.0727515,1,1
319495229,319472568,6780433,457.6392,95947.59,38.379997,1.072756,1,1
319668367,319645746,6780433,457.84793,95945.19,38.37,1.0727637,1,1
319841566,319818946,6780433,457.66824,95947.25,38.37,1.0727868,1,1
320101450,320078747,6780433,457.76865,95946.125,38.364998,1.0727915,1,1
320274567,320251947,6780433,457.90604,95944.54,38.364998,1.0727737,1,1
320447787,320425147,6780433,457.75543,95946.26,38.364998,1.0727929,1,1
320707666,320684947,6780433,457.7396,95946.44,38.37,1.0727776,1,1
320880783,320858147,6780433,457.6524,95947.44,38.364998,1.0728061,1,1
321053987,321031363,6780433,457.77127,95946.09,38.364998,1.0727911,1,1
321313781,321291150,6780433,457.66296,95947.31,38.364998,1.0728047,1,1
321486977,321464368,6780433,457.82678,95945.445,38.36,1.072801,1,1
321660228,321637568,6780433,457.83997,95945.28,38.36,1.0727991,1,1
321833367,321810747,6780433,457.84262,95945.266,38.355,1.0728163,1,1
322093170,322070548,6780433,457.72903,95946.56,38.36,1.0728135,1,1
322266455,322243746,6780433,457.7475,95946.36,38.355,1.0728284,1,1
322439568,322416947,6780433,457.8506,95945.164,38.35,1.0728322,1,1
322699367,322676775,6780433,457.8215,95945.5,38.36,1.0728016,1,1
322872652,322849947,6780433,457.66296,95947.336,38.355,1.0728394,1,1
323045781,323023147,6780433,457.803,95945.71,38.355,1.0728211,1,1
323305568,323282947,6780433,457.78717,95945.9,38.35,1.0728405,1,1
323478782,323456147,6780433,457.66296,95947.33,38.35,1.0728564,1,1
323651970,323629367,6780433,457.79507,95945.805,38.35,1.0728394,1,1
323911774,323889174,6780433,457.88226,95944.81,38.34,1.0728629,1,1
324084977,324062361,6780433,457.75543,95946.27,38.345,1.0728619,1,1
324258229,324235568,6780433,457.6973,95946.92,38.345,1.0728692,1,1
324431458,324408747,6780433,457.48062,95949.42,38.345,1.0728971,1,1
324691213,324668568,6780433,457.83997,95945.28,38.34,1.072868,1,1
324864379,324841778,6780433,457.60217,95948.03,38.34,1.0728987,1,1
325037651,325014947,6780433,457.68674,95947.04,38.34,1.0728878,1,1
325297371,325274748,6780433,457.75015,95946.33,38.335,1.0728971,1,1
325470567,325447946,6780433,457.52026,95948.97,38.335,1.0729265,1,1
325643782,325621146,6780433,457.70258,95946.86,38.335,1.072903,1,1
325903619,325880976,6780433,457.6524,95947.44,38.329998,1.0729268,1,1
326076776,326054174,6780433,457.65768,95947.375,38.329998,1.0729259,1,1
326250007,326227356,6780433,457.69464,95946.97,38.329998,1.0729214,1,1
326509767,326487147,6780433,457.74222,95946.42,38.329998,1.0729153,1,1
326682980,326660353,6780433,457.63657,95947.64,38.324997,1.0729462,1,1
326856212,326833568,6780433,457.49652,95949.234,38.324997,1.0729641,1,1
327116148,327093439,6780433,457.60483,95947.98,38.32,1.072967,1,1
327289211,327266567,6780433,457.6603,95947.36,38.324997,1.0729431,1,1
327462368,327439747,6780433,457.57312,95948.34,38.324997,1.072954,1,1
327635567,327612946,6780433,457.7819,95945.97,38.315,1.0729618,1,1
327895368,327872747,6780433,457.68936,95947.01,38.309998,1.0729908,1,1
328068614,328045970,6780433,457.86377,95945.016,38.309998,1.0729685,1,1
328241790,328219182,6780433,457.77658,95946.0,38.309998,1.0729795,1,1
328501568,328478947,6780433,457.7607,95946.19,38.305,1.0729988,1,1
328674790,328652158,6780433,457.82678,95945.45,38.309998,1.0729734,1,1
328847987,328825356,6780433,457.59955,95948.055,38.309998,1.0730025,1,1
329107787,329085147,6780433,457.7607,95946.19,38.305,1.0729988,1,1
329281015,329258371,6780433,457.80563,95945.67,38.3,1.0730102,1,1
329454213,329431567,6780433,457.71054,95946.766,38.305,1.0730053,1,1
329713983,329691346,6780433,457.68146,95947.09,38.295,1.0730432,1,1
329887170,329864546,6780433,457.71054,95946.79,38.3,1.0730228,1,1
330060371,330037747,6780433,457.89282,95944.69,38.3,1.0729992,1,1
330233613,330210972,6780433,457.71844,95946.68,38.29,1.0730559,1,1
330493370,330470746,6780433,457.9536,95944.0,38.29,1.073026,1,1
330666567,330643946,6780433,457.81885,95945.52,38.29,1.073043,1,1
330839767,330817146,6780433,457.7396,95946.44,38.29,1.0730531,1,1
331099567,331076968,6780433,457.65503,95947.42,38.285,1.0730815,1,1
331272787,331250147,6780433,457.66296,95947.32,38.29,1.073063,1,1
331446016,331423371,6780433,457.7581,95946.234,38.285,1.0730681,1,1
331705781,331683147,6780433,457.85587,95945.11,38.29,1.0730383,1,1
331878983,331856347,6780433,457.68146,95947.11,38.285,1.0730779,1,1
332052213,332029567,6780433,457.85587,95945.11,38.28,1.0730729,1,1
332311967,332289367,6780433,457.67618,95947.17,38.28,1.0730959,1,1
332485178,332462547,6780433,457.6788,95947.14,38.285,1.0730784,1,1
332658370,332635747,6780433,457.87964,95944.83,38.28,1.0730697,1,1
332831567,332808947,6780433,457.803,95945.72,38.28,1.0730796,1,1
333091458,333068747,6780433,457.6788,95947.13,38.275,1.0731127,1,1
333264568,333241946,6780433,457.7819,95945.97,38.27,1.0731169,1,1
333437789,333415148,6780433,457.72375,95946.62,38.27,1.0731242,1,1
333697671,333674961,6780433,457.7475,95946.35,38.27,1.0731213,1,1
333870780,333848147,6780433,457.87436,95944.89,38.27,1.0731049,1,1
334043984,334021347,6780433,457.88492,95944.78,38.265,1.0731208,1,1
334303787,334281160,6780433,457.8347,95945.36,38.265,1.0731274,1,1
334476972,334454367,6780433,457.91132,95944.47,38.26,1.0731345,1,1
334650226,334627571,6780433,457.86377,95945.016,38.26,1.0731406,1,1
334909969,334887357,6780433,457.7607,95946.2,38.265,1.0731368,1,1
335083169,335060579,6780433,457.93777,95944.164,38.26,1.0731312,1,1
335256459,335233746,6780433,457.75015,95946.33,38.26,1.0731554,1,1
335516211,335493568,6780433,457.8294,95945.414,38.26,1.0731452,1,1
335689372,335666773,6780433,457.71844,95946.67,38.254997,1.0731764,1,1
335862650,335839947,6780433,457.70258,95946.87,38.254997,1.0731785,1,1
336035780,336013147,6780433,457.69464,95946.97,38.254997,1.0731797,1,1
336295568,336272947,6780433,457.8109,95945.61,38.25,1.0731819,1,1
336468782,336446151,6780433,457.8532,95945.13,38.25,1.0731765,1,1
336641967,336619367,6780433,457.68146,95947.09,38.25,1.0731984,1,1
336901774,336879174,6780433,457.8294,95945.41,38.25,1.0731796,1,1
337074975,337052359,6780433,457.72903,95946.555,38.25,1.0731924,1,1
337248225,337225599,6780433,457.97473,95943.75,38.245,1.0731783,1,1
337507989,337485358,6780433,457.77658,95946.016,38.25,1.0731863,1,1
337681211,337658568,6780433,457.6603,95947.37,38.25,1.0732015,1,1
337854371,337831772,6780433,457.89282,95944.69,38.239998,1.0732061,1,1
338114215,338091566,6780433,457.81885,95945.53,38.245,1.0731982,1,1
338287380,338264751,6780433,457.73694,95946.484,38.245,1.0732089,1,1
338460571,338437947,6780433,457.91928,95944.375,38.239998,1.0732025,1,1
338633781,338611150,6780433,457.79773,95945.766,38.239998,1.0732181,1,1
338893616,338870969,6780433,457.90076,95944.586,38.239998,1.0732049,1,1
339066776,339044175,6780433,457.90076,95944.59,38.23,1.0732393,1,1
339239970,339217359,6780433,457.85587,95945.12,38.235,1.073228,1,1
339499767,339477147,6780433,457.85587,95945.12,38.23,1.0732452,1,1
339672972,339650349,6780433,457.96417,95943.86,38.23,1.0732311,1,1
339846211,339823568,6780433,457.9404,95944.125,38.225,1.0732512,1,1
340106016,340083371,6780433,457.9721,95943.78,38.23,1.0732303,1,1
340279208,340256567,6780433,457.97473,95943.75,38.23,1.0732299,1,1
340452373,340429748,6780433,457.92456,95944.33,38.23,1.0732363,1,1
340712209,340689567,6780433,457.86115,95945.06,38.219997,1.073279,1,1
340885371,340862747,6780433,457.81357,95945.58,38.225,1.0732676,1,1
341058624,341035974,6780433,458.0646,95942.72,38.219997,1.0732529,1,1
341231775,341209175,6780433,457.9721,95943.766,38.219997,1.0732645,1,1
341491570,341468947,6780433,457.8215,95945.5,38.214996,1.0733012,1,1
341664767,341642147,6780433,458.0223,95943.19,38.214996,1.0732753,1,1
341837988,341815357,6780433,457.8717,95944.92,38.214996,1.0732948,1,1
342097787,342075147,6780433,458.0012,95943.42,38.21,1.0732952,1,1
342271015,342248387,6780433,457.94305,95944.1,38.21,1.0733029,1,1
342444210,342421567,6780433,457.85587,95945.11,38.21,1.0733142,1,1
342703984,342681347,6780433,457.9721,95943.766,38.205,1.0733163,1,1
342877167,342854547,6780433,457.92984,95944.266,38.205,1.0733219,1,1
343050367,343027747,6780433,457.9721,95943.78,38.205,1.0733165,1,1
343310174,343287547,6780433,457.86908,95944.97,38.2,1.073347,1,1
343483370,343460747,6780433,457.96945,95943.81,38.2,1.073334,1,1
343656572,343633946,6780433,457.84262,95945.25,38.205,1.0733329,1,1
343916461,343893747,6780433,457.89548,95944.66,38.195,1.0733607,1,1
344089570,344066946,6780433,457.91397,95944.45,38.2,1.0733411,1,1
344262786,344240147,6780433,457.92722,95944.28,38.195,1.0733565,1,1
344436016,344413371,6780433,457.87698,95944.86,38.195,1.073363,1,1
344695780,344673147,6780433,457.79773,95945.766,38.19,1.0733904,1,1
344868984,344846347,6780433,458.07254,95942.61,38.184998,1.0733722,1,1
345042209,345019567,6780433,457.7475,95946.34,38.19,1.0733969,1,1
345301968,345279371,6780433,457.6788,95947.15,38.19,1.0734059,1,1
345475202,345452548,6780433,457.8083,95945.66,38.18,1.0734236,1,1
345648367,345625747,6780433,457.8215,95945.516,38.18,1.0734221,1,1
345908167,345885547,6780433,457.96945,95943.81,38.18,1.073403,1,1
346081457,346058747,6780433,458.01968,95943.234,38.18,1.0733966,1,1
346254571,346231946,6780433,457.8532,95945.14,38.18,1.0734179,1,1
346514367,346491772,6780433,457.82413,95945.48,38.175,1.0734389,1,1
346687655,346664947,6780433,457.87964,95944.83,38.175,1.0734317,1,1
346860784,346838147,6780433,457.92722,95944.29,38.18,1.0734084,1,1
347033984,347011347,6780433,457.91928,95944.375,38.17,1.0734438,1,1
347293784,347271151,6780433,457.803,95945.7,38.17,1.0734587,1,1
347466974,347444368,6780433,458.01703,95943.25,38.165,1.0734484,1,1
347640224,347617567,6780433,457.86642,95944.984,38.165,1.0734679,1,1
347899972,347877358,6780433,458.0144,95943.28,38.16,1.073466,1,1
348073167,348050546,6780433,457.95624,95943.97,38.16,1.0734737,1,1
348246453,348223746,6780433,457.74487,95946.375,38.165,1.0734833,1,1
348506210,348483568,6780433,458.11743,95942.09,38.155,1.07347,1,1
348679368,348656773,6780433,458.06195,95942.75,38.16,1.0734601,1,1
348852672,348829960,6780433,457.94305,95944.09,38.155,1.0734924,1,1
349112368,349089747,6780433,458.01703,95943.25,38.155,1.073483,1,1
349285571,349262947,6780433,457.83206,95945.39,38.155,1.0735068,1,1
349458791,349436160,6780433,457.95624,95943.95,38.155,1.0734907,1,1
349631968,349609367,6780433,458.08572,95942.46,38.149998,1.0734913,1,1
349891778,349869174,6780433,458.0646,95942.695,38.149998,1.073494,1,1
350064973,350042358,6780433,457.8215,95945.49,38.14,1.0735599,1,1
350238228,350215566,6780433,457.77393,95946.05,38.149998,1.0735315,1,1
350497988,350475357,6780433,457.88492,95944.78,38.144997,1.0735345,1,1
350671209,350648567,6780433,457.84793,95945.195,38.144997,1.0735393,1,1
350844368,350821770,6780433,457.79245,95945.84,38.149998,1.0735292,1,1
351104211,351081568,6780433,457.89282,95944.69,38.144997,1.0735335,1,1
351277369,351254747,6780433,457.9034,95944.55,38.14,1.0735493,1,1
351450566,351427947,6780433,457.95624,95943.97,38.14,1.0735427,1,1
351710367,351687747,6780433,457.7475,95946.36,38.14,1.0735694,1,1
351883613,351860970,6780433,457.86908,95944.97,38.135,1.0735711,1,1
352056781,352034175,6780433,457.8453,95945.22,38.135,1.0735738,1,1
352316574,352293947,6780433,457.9774,95943.72,38.129997,1.0735743,1,1
352489770,352467159,6780433,458.19406,95941.21,38.125,1.0735636,1,1
352662972,352640349,6780433,458.05136,95942.86,38.125,1.073582,1,1
352836212,352813568,6780433,457.99063,95943.55,38.12,1.0736068,1,1
353096015,353073370,6780433,458.05933,95942.76,38.125,1.0735809,1,1
353269211,353246567,6780433,457.91663,95944.414,38.125,1.0735993,1,1
353442368,353419747,6780433,458.08572,95942.45,38.12,1.0735948,1,1
353702167,353679547,6780433,457.94568,95944.08,38.12,1.0736129,1,1
353875367,353852747,6780433,457.8532,95945.15,38.114998,1.0736421,1,1
354048624,354025974,6780433,458.165,95941.56,38.11,1.0736191,1,1
354308366,354285747,6780433,458.09366,95942.375,38.114998,1.0736111,1,1
354481567,354458947,6780433,457.97473,95943.75,38.105,1.073661,1,1
354654771,354632147,6780433,457.9589,95943.92,38.105,1.0736628,1,1
354914568,354891946,6780433,457.8506,95945.17,38.105,1.0736768,1,1
355087791,355065147,6780433,458.00647,95943.375,38.105,1.0736567,1,1
355261018,355238371,6780433,458.01175,95943.31,38.105,1.0736561,1,1
355434210,355411567,6780433,458.0091,95943.34,38.1,1.0736736,1,1
355694000,355671356,6780433,457.7475,95946.34,38.1,1.0737072,1,1
355867228,355844576,6780433,458.0012,95943.44,38.1,1.0736747,1,1
356040367,356017747,6780433,457.88492,95944.78,38.095,1.073707,1,1
356300181,356277547,6780433,457.9536,95943.98,38.1,1.0736808,1,1
356473368,356450747,6780433,457.95624,95943.97,38.095,1.0736979,1,1
356646566,356623946,6780433,458.03024,95943.09,38.1,1.0736709,1,1
356906455,356883746,6780433,457.9853,95943.625,38.09,1.0737113,1,1
357079569,357056947,6780433,457.9325,95944.234,38.095,1.0737009,1,1
357252795,357230147,6780433,458.22577,95940.84,38.085,1.0736974,1,1
357512652,357489947,6780433,457.98798,95943.59,38.09,1.0737109,1,1
357685784,357663149,6780433,457.9325,95944.234,38.09,1.0737182,1,1
357858982,357836347,6780433,457.78717,95945.89,38.09,1.0737367,1,1
358032207,358009566,6780433,457.84262,95945.266,38.079998,1.0737642,1,1
358291970,358269368,6780433,457.94833,95944.05,38.079998,1.0737506,1,1
358465178,358442547,6780433,457.80035,95945.75,38.079998,1.0737696,1,1
358638367,358615747,6780433,457.91663,95944.42,38.079998,1.0737547,1,1
358898227,358875568,6780433,457.69202,95946.99,38.079998,1.0737835,1,1
359071450,359048746,6780433,457.82413,95945.47,38.079998,1.0737665,1,1
359244569,359221947,6780433,457.75543,95946.27,38.074997,1.0737928,1,1
359504367,359481772,6780433,457.9404,95944.14,38.07,1.073786,1,1
359677650,359654947,6780433,457.93512,95944.2,38.07,1.0737867,1,1
359850785,359828148,6780433,457.92984,95944.25,38.079998,1.0737529,1,1
360110567,360087947,6780433,457.94305,95944.11,38.07,1.0737857,1,1
360283782,360261149,6780433,457.85587,95945.11,38.07,1.0737969,1,1
360456976,360434371,6780433,457.91397,95944.44,38.07,1.0737894,1,1
360716778,360694176,6780433,457.8506,95945.18,38.07,1.0737977,1,1
360889981,360867360,6780433,457.88226,95944.805,38.065,1.0738107,1,1
361063167,361040550,6780433,457.87964,95944.83,38.065,1.073811,1,1
361236458,361213747,6780433,458.01968,95943.22,38.065,1.0737929,1,1
361496211,361473567,6780433,457.94305,95944.09,38.059998,1.0738201,1,1
361669368,361646778,6780433,457.76865,95946.125,38.059998,1.0738428,1,1
361842649,361819947,6780433,457.79245,95945.84,38.059998,1.0738397,1,1
362102367,362079747,6780433,457.9959,95943.484,38.059998,1.0738132,1,1
362275567,362252947,6780433,457.9034,95944.56,38.059998,1.0738252,1,1
362448782,362426150,6780433,457.77924,95945.984,38.059998,1.0738412,1,1
362708618,362685972,6780433,457.9404,95944.15,38.059998,1.0738207,1,1
362881774,362859174,6780433,458.07254,95942.62,38.05,1.073838,1,1
363054982,363032361,6780433,458.11215,95942.17,38.05,1.0738331,1,1
363314768,363292147,6780433,457.9087,95944.484,38.045,1.0738761,1,1
363487992,363465374,6780433,457.87964,95944.84,38.05,1.073863,1,1
363661209,363638568,6780433,457.88492,95944.78,38.05,1.0738622,1,1
363834368,363811770,6780433,457.89282,95944.67,38.045,1.0738783,1,1
364094213,364071566,6780433,457.9219,95944.36,38.04,1.073892,1,1
364267369,364244747,6780433,457.86908,95944.97,38.04,1.0738988,1,1
364440567,364417947,6780433,458.03815,95943.016,38.045,1.0738597,1,1
364700368,364677747,6780433,457.75278,95946.3,38.04,1.0739137,1,1
364873619,364850973,6780433,458.00647,95943.375,38.035,1.0738983,1,1
365046778,365024176,6780433,458.11215,95942.16,38.035,1.0738846,1,1
365306567,365283946,6780433,457.85587,95945.09,38.035,1.0739175,1,1
365479771,365457146,6780433,457.99326,95943.53,38.03,1.0739173,1,1
365652975,365630349,6780433,457.8453,95945.234,38.03,1.0739363,1,1
365912787,365890147,6780433,458.05933,95942.766,38.035,1.0738914,1,1
366086019,366063371,6780433,458.0012,95943.44,38.035,1.0738989,1,1
366259212,366236567,6780433,457.95624,95943.97,38.03,1.0739222,1,1
366432367,366409747,6780433,458.09894,95942.31,38.025,1.073921,1,1
366692170,366669546,6780433,458.0223,95943.19,38.02,1.0739479,1,1
366865369,366842747,6780433,457.84793,95945.19,38.03,1.0739359,1,1
367038614,367015970,6780433,458.0408,95942.984,38.02,1.0739456,1,1
367298367,367275747,6780433,457.803,95945.73,38.02,1.0739764,1,1
367471566,367448946,6780433,458.05667,95942.81,38.02,1.0739439,1,1
367644767,367622146,6780433,458.05933,95942.78,38.02,1.0739434,1,1
367904568,367881947,6780433,457.92456,95944.33,38.02,1.0739608,1,1
368077775,368055147,6780433,458.03287,95943.08,38.015,1.073964,1,1
368251015,368228371,6780433,457.98798,95943.58,38.015,1.0739696,1,1
368510780,368488147,6780433,457.98,95943.68,38.015,1.0739708,1,1
368683983,368661347,6780433,458.10422,95942.25,38.01,1.0739719,1,1
368857171,368834547,6780433,457.9404,95944.125,38.015,1.0739757,1,1
369116971,369094367,6780433,458.06726,95942.69,38.01,1.0739768,1,1
369290198,369267548,6780433,457.86642,95944.984,38.01,1.0740026,1,1
369463368,369440746,6780433,457.9219,95944.34,38.01,1.0739954,1,1
369636567,369613947,6780433,458.04874,95942.89,38.01,1.0739791,1,1
369896453,369873747,6780433,457.97473,95943.734,38.01,1.0739886,1,1
370069567,370046947,6780433,458.04874,95942.88,38.004997,1.0739963,1,1
370242786,370220147,6780433,457.92456,95944.31,38.01,1.073995,1,1
370502657,370479947,6780433,457.81885,95945.53,38.01,1.0740087,1,1
370675782,370653147,6780433,457.95624,95943.97,38.0,1.0740258,1,1
370849007,370826352,6780433,458.04343,95942.945,38.0,1.0740143,1,1
371108783,371086150,6780433,457.89548,95944.64,38.0,1.0740333,1,1
371281967,371259368,6780433,458.165,95941.555,37.995,1.074016,1,1
371455201,371432547,6780433,457.91132,95944.47,38.0,1.0740314,1,1
371714967,371692355,6780433,457.8294,95945.414,38.0,1.074042,1,1
371888230,371865566,6780433,457.8294,95945.41,37.995,1.0740591,1,1
372061457,372038746,6780433,457.9853,95943.62,37.995,1.0740391,1,1
372234568,372211947,6780433,457.76337,95946.18,37.989998,1.074085,1,1
372494367,372471773,6780433,457.96945,95943.805,37.989998,1.0740584,1,1
372667653,372644947,6780433,457.99854,95943.47,37.985,1.0740719,1,1
372840781,372818147,6780433,458.06726,95942.69,37.985,1.0740631,1,1
373100568,373077947,6780433,457.92456,95944.31,37.985,1.0740813,1,1
373273781,373251151,6780433,457.89548,95944.65,37.989998,1.0740678,1,1
373446971,373424368,6780433,458.06726,95942.68,37.98,1.0740803,1,1
373706791,373684182,6780433,457.79507,95945.8,37.985,1.0740979,1,1
373879976,373857360,6780433,457.8347,95945.36,37.985,1.074093,1,1
374053226,374030566,6780433,457.93512,95944.2,37.98,1.0740973,1,1
374312988,374290357,6780433,457.76865,95946.1,37.985,1.0741013,1,1
374486217,374463568,6780433,457.83734,95945.31,37.975,1.0741271,1,1
374659371,374636774,6780433,457.82413,95945.484,37.98,1.0741117,1,1
374832649,374809948,6780433,457.77658,95946.03,37.98,1.0741178,1,1
375092370,375069746,6780433,457.83206,95945.375,37.975,1.0741277,1,1
375265567,375242947,6780433,458.091,95942.39,37.964996,1.074129,1,1
375438783,375416150,6780433,457.86908,95944.97,37.969997,1.0741405,1,1
375698615,375675970,6780433,457.97473,95943.734,37.964996,1.0741439,1,1
375871776,375849175,6780433,458.1095,95942.18,37.964996,1.0741265,1,1
376044974,376022359,6780433,457.87964,95944.82,37.969997,1.0741389,1,1
376304767,376282147,6780433,457.9034,95944.555,37.964996,1.0741532,1,1
376477988,376455357,6780433,458.03024,95943.09,37.96,1.074154,1,1
376651232,376628568,6780433,457.90076,95944.58,37.96,1.0741706,1,1
376911015,376888371,6780433,458.10687,95942.234,37.96,1.0741445,1,1
377084213,377061567,6780433,458.04343,95942.95,37.96,1.0741525,1,1
377257370,377234746,6780433,457.83734,95945.31,37.96,1.0741789,1,1
377517229,377494578,6780433,458.0223,95943.18,37.955,1.0741724,1,1
377690370,377667747,6780433,457.96155,95943.89,37.955,1.0741802,1,1
377863610,377840969,6780433,458.08838,95942.43,37.95,1.0741811,1,1
378036769,378014171,6780433,458.09628,95942.33,37.95,1.0741799,1,1
378296568,378273947,6780433,458.09628,95942.33,37.95,1.0741799,1,1
378469767,378447147,6780433,457.96417,95943.84,37.95,1.0741968,1,1
378642971,378620366,6780433,458.03024,95943.1,37.95,1.0741886,1,1
378902787,378880147,6780433,457.96945,95943.81,37.945,1.0742139,1,1
379076015,379053371,6780433,457.96945,95943.8,37.94,1.0742309,1,1
379249217,379226567,6780433,458.11743,95942.11,37.94,1.074212,1,1
379508984,379486347,6780433,458.07254,95942.61,37.934998,1.0742348,1,1
379682169,379659546,6780433,458.07254,95942.625,37.93,1.0742524,1,1
379855371,379832747,6780433,458.1227,95942.055,37.93,1.0742459,1,1
380115226,380092568,6780433,458.04874,95942.91,37.934998,1.0742382,1,1
380288371,380265747,6780433,457.87698,95944.87,37.93,1.0742775,1,1
380461566,380438946,6780433,458.03815,95943.0,37.925,1.0742738,1,1
380634767,380612147,6780433,457.94305,95944.09,37.93,1.0742688,1,1
380894570,380871946,6780433,458.18347,95941.336,37.92,1.0742724,1,1
381067790,381045148,6780433,458.07782,95942.56,37.93,1.0742517,1,1
381241016,381218371,6780433,458.01703,95943.24,37.93,1.0742593,1,1
381500782,381478147,6780433,458.12802,95941.984,37.925,1.0742625,1,1
381673983,381651363,6780433,458.18613,95941.3,37.92,1.074272,1,1
381847167,381824547,6780433,457.98798,95943.59,37.92,1.0742977,1,1
382106973,382084368,6780433,458.05933,95942.78,37.92,1.0742886,1,1
382280178,382257547,6780433,458.18347,95941.33,37.92,1.0742723,1,1
382453374,382430748,6780433,458.02496,95943.16,37.92,1.0742928,1,1
382713223,382690598,6780433,458.03024,95943.09,37.92,1.0742921,1,1
382886461,382863746,6780433,458.2205,95940.914,37.915,1.0742849,1,1
383059571,383036947,6780433,458.12006,95942.07,37.92,1.0742806,1,1
383232774,383210147,6780433,457.84262,95945.25,37.92,1.0743163,1,1
383492662,383469948,6780433,458.11743,95942.09,37.915,1.0742983,1,1
383665780,383643147,6780433,458.20465,95941.11,37.905,1.0743217,1,1
383838983,383816347,6780433,458.06726,95942.67,37.915,1.0743047,1,1
384098782,384076150,6780433,458.19406,95941.21,37.91,1.0743055,1,1
384271969,384249367,6780433,458.04874,95942.91,37.91,1.0743245,1,1
384445206,384422546,6780433,457.98267,95943.65,37.91,1.0743328,1,1
384704974,384682361,6780433,457.97473,95943.74,37.905,1.0743512,1,1
384878167,384855546,6780433,458.17557,95941.445,37.905,1.0743256,1,1
385051458,385028746,6780433,458.165,95941.55,37.91,1.0743093,1,1
385311210,385288568,6780433,458.17557,95941.42,37.899998,1.0743425,1,1
385484372,385461775,6780433,457.99854,95943.47,37.899998,1.0743655,1,1
385657680,385634960,6780433,458.07254,95942.62,37.899998,1.0743558,1,1
385830782,385808147,6780433,458.1703,95941.5,37.899998,1.0743434,1,1
386090572,386067946,6780433,458.16763,95941.53,37.899998,1.0743437,1,1
386263782,386241157,6780433,458.11743,95942.11,37.899998,1.0743501,1,1
386436975,386414369,6780433,457.9959,95943.484,37.894997,1.0743829,1,1
386696779,386674176,6780433,458.14386,95941.79,37.89,1.0743812,1,1
386869969,386847356,6780433,458.06195,95942.734,37.89,1.0743918,1,1
387043167,387020580,6780433,458.11215,95942.164,37.894997,1.0743681,1,1
387302975,387280350,6780433,458.0699,95942.64,37.89,1.0743908,1,1
387476214,387453568,6780433,458.3711,95939.19,37.89,1.074352,1,1
387649368,387626773,6780433,458.1465,95941.78,37.89,1.0743811,1,1
387909211,387886568,6780433,458.12802,95941.984,37.885,1.0744005,1,1
388082371,388059748,6780433,458.3632,95939.28,37.885,1.0743704,1,1
388255571,388232959,6780433,458.03815,95943.0,37.89,1.0743947,1,1
388515378,388492746,6780433,458.13858,95941.85,37.89,1.074382,1,1
388688617,388665970,6780433,458.18613,95941.31,37.885,1.074393,1,1
388861790,388839182,6780433,458.1703,95941.484,37.885,1.074395,1,1
389034978,389012360,6780433,458.1782,95941.41,37.879997,1.0744114,1,1
389294768,389272146,6780433,458.165,95941.55,37.879997,1.074413,1,1
389468006,389445359,6780433,458.12802,95941.984,37.885,1.0744005,1,1
389641210,389618568,6780433,458.13596,95941.875,37.879997,1.0744166,1,1
389901016,389878371,6780433,458.12534,95942.01,37.885,1.0744008,1,1
390074210,390051566,6780433,458.17557,95941.43,37.879997,1.0744116,1,1
390247369,390224748,6780433,457.98798,95943.59,37.879997,1.0744358,1,1
390507207,390484566,6780433,458.22314,95940.875,37.875,1.0744227,1,1
390680368,390657747,6780433,458.12534,95942.0,37.879997,1.0744181,1,1
390853621,390830972,6780433,458.0223,95943.19,37.875,1.0744486,1,1
391113367,391090747,6780433,458.0699,95942.63,37.864998,1.074477,1,1
391286570,391263947,6780433,458.23105,95940.8,37.864998,1.0744565,1,1
391459771,391437146,6780433,458.23633,95940.74,37.864998,1.0744557,1,1
391632972,391610349,6780433,458.202,95941.14,37.87,1.074443,1,1
391892791,391870147,6780433,458.2416,95940.67,37.87,1.0744377,1,1
392066016,392043371,6780433,458.3632,95939.266,37.864998,1.0744393,1,1
392239212,392216569,6780433,458.18613,95941.31,37.87,1.0744449,1,1
392498977,392476348,6780433,458.3156,95939.81,37.86,1.0744625,1,1
392672167,392649546,6780433,458.1729,95941.46,37.86,1.074481,1,1
392845369,392822747,6780433,458.37637,95939.125,37.855,1.0744722,1,1
393105224,393082567,6780433,458.3658,95939.26,37.855,1.0744736,1,1
393278367,393255747,6780433,458.23633,95940.75,37.855,1.0744903,1,1
393451571,393428946,6780433,458.276,95940.266,37.85,1.0745022,1,1
393711451,393688746,6780433,458.20465,95941.086,37.86,1.0744768,1,1
393884588,393861947,6780433,458.165,95941.56,37.855,1.0744995,1,1
394057790,394035147,6780433,458.23633,95940.734,37.85,1.0745075,1,1
394231015,394208371,6780433,458.12006,95942.06,37.85,1.0745224,1,1
394490784,394468147,6780433,458.12006,95942.06,37.85,1.0745224,1,1
394663984,394641346,6780433,458.1333,95941.92,37.85,1.0745208,1,1
394837168,394814546,6780433,458.16763,95941.516,37.85,1.0745163,1,1
395096974,395074368,6780433,458.2205,95940.91,37.85,1.0745094,1,1
395270228,395247568,6780433,458.091,95942.4,37.845,1.0745434,1,1
395443367,395420747,6780433,458.2337,95940.766,37.84,1.0745424,1,1
395703225,395680566,6780433,458.276,95940.28,37.84,1.074537,1,1
395876467,395853748,6780433,458.33942,95939.55,37.845,1.0745115,1,1
396049568,396026961,6780433,458.2152,95940.97,37.85,1.0745101,1,1
396309368,396286772,6780433,458.19937,95941.17,37.845,1.0745296,1,1
396482653,396459947,6780433,458.23105,95940.8,37.845,1.0745255,1,1
396655785,396633147,6780433,458.26276,95940.414,37.84,1.0745385,1,1
396915568,396892947,6780433,458.3156,95939.836,37.84,1.074532,1,1
397088786,397066150,6780433,458.30505,95939.94,37.84,1.0745332,1,1
397261967,397239368,6780433,458.27335,95940.31,37.835,1.0745546,1,1
397435199,397412548,6780433,458.11478,95942.14,37.84,1.0745578,1,1
397694975,397672360,6780433,458.14914,95941.734,37.84,1.0745533,1,1
397868177,397845546,6780433,458.13858,95941.87,37.84,1.0745548,1,1
398041459,398018746,6780433,458.18085,95941.36,37.84,1.0745491,1,1
398301212,398278569,6780433,458.1095,95942.2,37.829998,1.0745931,1,1
398474368,398451773,6780433,457.96155,95943.9,37.84,1.0745776,1,1
398647662,398624947,6780433,458.07782,95942.54,37.835,1.0745795,1,1
398907368,398884747,6780433,457.93512,95944.195,37.829998,1.0746155,1,1
399080568,399057947,6780433,458.2337,95940.77,37.829998,1.0745771,1,1
399253784,399231147,6780433,458.2126,95941.016,37.829998,1.0745798,1,1
399513618,399490972,6780433,458.11215,95942.16,37.829998,1.0745926,1,1
399686783,399664177,6780433,458.05402,95942.84,37.835,1.0745829,1,1
399860004,399837358,6780433,458.27072,95940.33,37.824997,1.0745894,1,1
400033167,400010555,6780433,458.18347,95941.34,37.829998,1.0745835,1,1
400292976,400270349,6780433,458.10687,95942.23,37.829998,1.0745934,1,1
400466211,400443567,6780433,458.09366,95942.38,37.824997,1.0746125,1,1
400639368,400616773,6780433,458.18875,95941.266,37.82,1.074617,1,1
400899211,400876568,6780433,458.0223,95943.195,37.82,1.0746387,1,1
401072372,401049749,6780433,458.1782,95941.41,37.824997,1.0746014,1,1
401245567,401222947,6780433,458.2522,95940.555,37.82,1.0746092,1,1
401505368,401482747,6780433,458.08838,95942.44,37.82,1.0746303,1,1
401678613,401655970,6780433,458.06195,95942.75,37.82,1.0746337,1,1
401851778,401829175,6780433,458.20465,95941.09,37.82,1.0746152,1,1
402111567,402088946,6780433,458.1016,95942.28,37.82,1.0746285,1,1
402284770,402262147,6780433,458.29184,95940.1,37.815,1.0746213,1,1
402457994,402435358,6780433,458.2126,95941.016,37.82,1.0746143,1,1
402631209,402608568,6780433,458.09366,95942.375,37.815,1.0746468,1,1
402891018,402868388,6780433,458.12534,95942.0,37.815,1.0746427,1,1
403064210,403041566,6780433,458.13858,95941.87,37.815,1.0746411,1,1
403237368,403214746,6780433,458.08838,95942.44,37.815,1.0746475,1,1
403497209,403474567,6780433,458.45038,95938.266,37.809998,1.0746181,1,1
403670367,403647747,6780433,458.39752,95938.875,37.809998,1.0746249,1,1
403843617,403820974,6780433,458.28918,95940.125,37.809998,1.074639,1,1
404103367,404080746,6780433,458.3711,95939.17,37.805,1.0746455,1,1
404276567,404253947,6780433,458.16235,95941.58,37.805,1.0746725,1,1
404449767,404427146,6780433,458.165,95941.55,37.809998,1.0746548,1,1
404709568,404686946,6780433,458.21786,95940.94,37.805,1.0746653,1,1
404882787,404860147,6780433,458.202,95941.14,37.805,1.0746676,1,1
405056019,405033370,6780433,458.34204,95939.516,37.805,1.0746493,1,1
405315780,405293147,6780433,458.26276,95940.42,37.8,1.0746769,1,1
405488987,405466347,6780433,458.24692,95940.625,37.8,1.0746791,1,1
405662167,405639546,6780433,458.22577,95940.86,37.8,1.0746818,1,1
405835371,405812749,6780433,458.08838,95942.445,37.8,1.0746995,1,1
406095226,406072568,6780433,458.12006,95942.07,37.8,1.0746953,1,1
406268368,406245747,6780433,458.10687,95942.21,37.8,1.0746969,1,1
406441566,406418946,6780433,458.16763,95941.53,37.8,1.0746893,1,1
406701457,406678747,6780433,458.32352,95939.72,37.79,1.0747035,1,1
406874567,406851947,6780433,458.453,95938.234,37.79,1.0746868,1,1
407047787,407025147,6780433,458.2205,95940.91,37.79,1.0747167,1,1
407307651,407284947,6780433,458.36053,95939.3,37.79,1.0746987,1,1
407480791,407458158,6780433,458.13068,95941.96,37.79,1.0747285,1,1
407653988,407631346,6780433,458.15973,95941.61,37.79,1.0747246,1,1
407913781,407891150,6780433,458.33673,95939.58,37.785,1.0747192,1,1
408086975,408064368,6780433,458.32352,95939.72,37.79,1.0747035,1,1
408260178,408237547,6780433,458.0831,95942.5,37.79,1.0747346,1,1
408433368,408410746,6780433,458.22842,95940.83,37.785,1.0747331,1,1
408693226,408670599,6780433,458.2337,95940.766,37.785,1.0747324,1,1
408866453,408843746,6780433,458.0038,95943.41,37.79,1.0747447,1,1
409039568,409016947,6780433,458.1518,95941.72,37.785,1.0747432,1,1
409299368,409276773,6780433,458.28128,95940.22,37.78,1.0747436,1,1
409472653,409449947,6780433,458.3711,95939.17,37.785,1.0747145,1,1
409645781,409623152,6780433,458.1227,95942.05,37.785,1.0747468,1,1
409905567,409882947,6780433,458.2839,95940.18,37.78,1.0747432,1,1
410078788,410056160,6780433,458.0699,95942.64,37.78,1.0747708,1,1
410251971,410229367,6780433,458.0276,95943.125,37.78,1.0747762,1,1
410511768,410489171,6780433,458.07516,95942.58,37.78,1.0747701,1,1
410684981,410662361,6780433,458.04343,95942.94,37.77,1.0748087,1,1
410858170,410835548,6780433,458.10687,95942.234,37.775,1.0747836,1,1
411031459,411008746,6780433,458.091,95942.4,37.77,1.0748026,1,1
411291212,411268568,6780433,458.1703,95941.484,37.77,1.0747924,1,1
411464368,411441772,6780433,458.1465,95941.78,37.77,1.0747957,1,1
411637652,411614965,6780433,458.06726,95942.67,37.77,1.0748057,1,1
411897368,411874747,6780433,458.28128,95940.22,37.765,1.0747956,1,1
412070567,412047947,6780433,458.1333,95941.914,37.765,1.0748146,1,1
412243780,412221150,6780433,458.29977,95940.016,37.765,1.0747932,1,1
412503614,412480970,6780433,458.18875,95941.266,37.765,1.0748073,1,1
412676767,412654170,6780433,458.0699,95942.66,37.76,1.0748401,1,1
412849971,412827357,6780433,458.24426,95940.66,37.76,1.0748177,1,1
413109767,413087147,6780433,458.11478,95942.14,37.76,1.0748342,1,1
413282971,413260349,6780433,458.22577,95940.86,37.76,1.0748199,1,1
413456214,413433568,6780433,458.25482,95940.516,37.76,1.0748161,1,1
413716015,413693371,6780433,458.23633,95940.75,37.76,1.0748186,1,1
413889215,413866573,6780433,458.39752,95938.89,37.754997,1.0748152,1,1
414062367,414039746,6780433,457.94305,95944.11,37.76,1.0748564,1,1
414235567,414212947,6780433,458.15973,95941.625,37.754997,1.0748458,1,1
414495367,414472746,6780433,458.14914,95941.75,37.754997,1.0748471,1,1
414668614,414645970,6780433,458.07254,95942.625,37.75,1.0748743,1,1
414841777,414819176,6780433,458.1465,95941.78,37.75,1.0748649,1,1
415101567,415078947,6780433,458.26276,95940.42,37.75,1.0748496,1,1
415274767,415252146,6780433,458.18875,95941.266,37.75,1.074859,1,1
415447990,415425358,6780433,458.2416,95940.69,37.739998,1.0748872,1,1
415707789,415685147,6780433,458.19937,95941.16,37.745,1.0748752,1,1
415881014,415858371,6780433,457.99326,95943.53,37.739998,1.0749191,1,1
416054213,416031566,6780433,458.02496,95943.16,37.739998,1.0749148,1,1
416313983,416291346,6780433,458.04608,95942.92,37.739998,1.0749122,1,1
416487231,416464577,6780433,458.2839,95940.17,37.739998,1.0748814,1,1
416660370,416637747,6780433,458.29446,95940.06,37.739998,1.0748802,1,1
416833613,416810972,6780433,458.27863,95940.24,37.739998,1.0748821,1,1
417093370,417070747,6780433,458.0831,95942.5,37.739998,1.0749075,1,1
417266567,417243946,6780433,458.3156,95939.83,37.735,1.0748948,1,1
417439768,417417147,6780433,458.19937,95941.17,37.73,1.0749271,1,1
417699568,417676947,6780433,458.04343,95942.94,37.735,1.0749296,1,1
417872787,417850146,6780433,458.24692,95940.625,37.73,1.074921,1,1
418046015,418023387,6780433,458.2205,95940.91,37.73,1.0749241,1,1
418305780,418283147,6780433,458.1729,95941.47,37.725,1.0749477,1,1
418478983,418456347,6780433,458.1914,95941.234,37.719997,1.0749625,1,1
418652170,418629546,6780433,458.24954,95940.58,37.725,1.0749378,1,1
418911967,418889368,6780433,458.0646,95942.72,37.719997,1.0749791,1,1
419085228,419062567,6780433,458.11215,95942.17,37.725,1.0749557,1,1
419258381,419235747,6780433,458.29184,95940.1,37.719997,1.0749497,1,1
419431566,419408946,6780433,458.14386,95941.79,37.719997,1.0749687,1,1
419691457,419668747,6780433,458.05667,95942.81,37.719997,1.0749801,1,1
419864567,419841946,6780433,458.20728,95941.08,37.719997,1.0749607,1,1
420037789,420015147,6780433,458.03287,95943.086,37.719997,1.0749832,1,1
420297649,420274947,6780433,458.10422,95942.25,37.71,1.0750084,1,1
420470781,420448147,6780433,458.18347,95941.34,37.71,1.0749983,1,1
420643983,420621346,6780433,458.11743,95942.09,37.71,1.0750067,1,1
420903783,420881150,6780433,458.22577,95940.86,37.714996,1.0749756,1,1
421076974,421054371,6780433,458.25748,95940.484,37.71,1.0749886,1,1
421250205,421227547,6780433,458.32352,95939.72,37.71,1.0749801,1,1
421509974,421487359,6780433,458.1016,95942.28,37.71,1.0750087,1,1
421683223,421660567,6780433,458.15973,95941.6,37.705,1.0750184,1,1
421856456,421833746,6780433,458.1016,95942.28,37.71,1.0750087,1,1
422116213,422093569,6780433,458.03024,95943.12,37.705,1.0750355,1,1
422289371,422266773,6780433,458.11215,95942.17,37.7,1.0750421,1,1
422462654,422439947,6780433,458.12534,95942.0,37.7,1.0750401,1,1
422635786,422613147,6780433,458.16763,95941.52,37.7,1.0750349,1,1
422895567,422872946,6780433,458.12534,95942.0,37.7,1.0750401,1,1
423068783,423046151,6780433,458.1016,95942.3,37.7,1.0750434,1,1
423241967,423219368,6780433,458.08572,95942.46,37.695,1.0750626,1,1
423501780,423479176,6780433,458.15973,95941.625,37.695,1.0750532,1,1
423674976,423652360,6780433,458.10687,95942.22,37.695,1.0750599,1,1
423848168,423825546,6780433,458.11743,95942.086,37.695,1.0750585,1,1
424107988,424085374,6780433,458.3526,95939.41,37.69,1.0750457,1,1
424281210,424258568,6780433,458.15973,95941.6,37.69,1.0750703,1,1
424454371,424431774,6780433,458.18085,95941.36,37.684998,1.0750849,1,1
424714207,424691566,6780433,458.091,95942.414,37.69,1.0750794,1,1
424887374,424864748,6780433,458.14914,95941.73,37.68,1.0751064,1,1
425060567,425037947,6780433,458.28656,95940.164,37.68,1.0750887,1,1
425233787,425211159,6780433,458.23633,95940.734,37.68,1.0750952,1,1
425493617,425470970,6780433,458.07254,95942.625,37.68,1.0751164,1,1
425666769,425644170,6780433,458.11215,95942.16,37.68,1.0751112,1,1
425839971,425817358,6780433,458.165,95941.55,37.68,1.0751042,1,1
426099768,426077147,6780433,458.09366,95942.36,37.68,1.0751134,1,1
426272972,426250349,6780433,458.0223,95943.195,37.675,1.0751401,1,1
426446210,426423568,6780433,457.99063,95943.56,37.67,1.0751613,1,1
426706016,426683371,6780433,458.0276,95943.125,37.67,1.0751565,1,1
426879211,426856568,6780433,458.16763,95941.53,37.665,1.075156,1,1
427052369,427029746,6780433,458.1465,95941.766,37.67,1.0751413,1,1
427312167,427289547,6780433,458.07254,95942.61,37.665,1.075168,1,1
427485372,427462748,6780433,458.05667,95942.805,37.665,1.0751703,1,1
427658614,427635969,6780433,458.03552,95943.05,37.665,1.0751729,1,1
427831775,427809174,6780433,457.96155,95943.89,37.66,1.0751997,1,1
428091570,428068947,6780433,458.08044,95942.53,37.66,1.0751846,1,1
428264767,428242147,6780433,457.99326,95943.516,37.66,1.0751956,1,1
428437988,428415357,6780433,457.9853,95943.61,37.66,1.0751966,1,1
428697775,428675147,6780433,458.1782,95941.41,37.655,1.0751892,1,1
428871015,428848371,6780433,458.2522,95940.56,37.66,1.0751624,1,1
429044212,429021566,6780433,457.9774,95943.71,37.66,1.0751977,1,1
429303983,429281346,6780433,458.20728,95941.06,37.655,1.0751853,1,1
429477206,429454566,6780433,458.07254,95942.625,37.655,1.0752028,1,1
429650367,429627748,6780433,458.165,95941.56,37.649998,1.0752083,1,1
429910183,429887547,6780433,458.31033,95939.875,37.649998,1.0751894,1,1
430083368,430060747,6780433,458.08044,95942.516,37.655,1.0752016,1,1
430256571,430233946,6780433,458.22842,95940.81,37.649998,1.0751998,1,1
430516459,430493746,6780433,458.1914,95941.25,37.644997,1.075222,1,1
430689572,430666947,6780433,458.1703,95941.484,37.64,1.075242,1,1
430862790,430840147,6780433,458.13858,95941.86,37.644997,1.0752289,1,1
431036016,431013370,6780433,458.16763,95941.516,37.644997,1.0752251,1,1
431295781,431273148,6780433,458.1518,95941.72,37.644997,1.0752274,1,1
431468983,431446347,6780433,458.28128,95940.22,37.64,1.0752279,1,1
431642210,431619567,6780433,458.1518,95941.7,37.635,1.0752617,1,1
431901967,431879368,6780433,458.05402,95942.82,37.635,1.0752742,1,1
432075227,432052566,6780433,457.99326,95943.53,37.64,1.0752649,1,1
432248367,432225746,6780433,458.0223,95943.195,37.635,1.0752784,1,1
432508167,432485550,6780433,457.8981,95944.62,37.64,1.0752772,1,1
432681456,432658747,6780433,457.95624,95943.97,37.635,1.0752871,1,1
432854570,432831948,6780433,457.86908,95944.95,37.635,1.0752981,1,1
433114367,433091778,6780433,457.95624,95943.97,37.629997,1.0753044,1,1
433287654,433264947,6780433,458.05136,95942.875,37.629997,1.0752921,1,1
433460784,433438147,6780433,457.98267,95943.66,37.629997,1.0753009,1,1
433633984,433611347,6780433,457.9589,95943.92,37.629997,1.0753038,1,1
433893781,433871147,6780433,457.79773,95945.77,37.629997,1.0753247,1,1
434066973,434044367,6780433,457.88492,95944.76,37.62,1.0753479,1,1
434240174,434217548,6780433,457.86908,95944.97,37.625,1.0753329,1,1
434499976,434477360,6780433,458.03287,95943.06,37.62,1.0753288,1,1
434673224,434650601,6780433,457.9219,95944.36,37.625,1.0753261,1,1
434846454,434823747,6780433,458.01968,95943.23,37.625,1.0753133,1,1
435106210,435083567,6780433,458.13068,95941.945,37.62,1.0753163,1,1
435279367,435256773,6780433,458.14914,95941.734,37.62,1.075314,1,1
435452659,435429947,6780433,458.20993,95941.03,37.61,1.0753406,1,1
435712371,435689748,6780433,458.0091,95943.35,37.61,1.0753666,1,1
435885571,435862947,6780433,458.07516,95942.57,37.614998,1.0753406,1,1
436058786,436036150,6780433,458.22577,95940.84,37.61,1.0753385,1,1
436231967,436209371,6780433,457.96155,95943.89,37.61,1.0753727,1,1
436491782,436469176,6780433,458.22842,95940.836,37.605,1.0753558,1,1
436664975,436642359,6780433,458.05667,95942.8,37.6,1.0753951,1,1
436838168,436815548,6780433,457.9774,95943.71,37.61,1.0753707,1,1
437097988,437075356,6780433,458.1703,95941.484,37.61,1.0753456,1,1
437271208,437248568,6780433,458.1333,95941.91,37.6,1.0753851,1,1
437444368,437421772,6780433,457.95624,95943.97,37.605,1.0753909,1,1
437704210,437681567,6780433,458.13858,95941.87,37.6,1.0753846,1,1
437877368,437854747,6780433,457.99326,95943.53,37.6,1.0754033,1,1
438050570,438027946,6780433,457.9219,95944.336,37.6,1.0754124,1,1
438310367,438287747,6780433,458.06195,95942.75,37.595,1.0754119,1,1
438483627,438460972,6780433,458.11215,95942.164,37.59,1.0754226,1,1
438656782,438634176,6780433,457.97473,95943.74,37.585,1.0754577,1,1
438916582,438893955,6780433,457.8532,95945.125,37.585,1.0754732,1,1
439089770,439067147,6780433,458.14914,95941.74,37.579998,1.0754526,1,1
439262972,439240366,6780433,457.91663,95944.41,37.585,1.0754651,1,1
439436211,439413567,6780433,457.8717,95944.914,37.579998,1.0754881,1,1
439696016,439673371,6780433,457.89548,95944.64,37.579998,1.075485,1,1
439869210,439846568,6780433,457.99326,95943.53,37.579998,1.0754726,1,1
440042372,440019749,6780433,458.0144,95943.29,37.585,1.0754526,1,1
440302166,440279546,6780433,457.9774,95943.695,37.579998,1.0754744,1,1
440475368,440452747,6780433,457.94568,95944.06,37.579998,1.0754784,1,1
440648624,440625970,6780433,457.83206,95945.375,37.579998,1.0754932,1,1
440908367,440885747,6780433,458.0699,95942.63,37.574997,1.0754797,1,1
441081567,441058947,6780433,457.86908,95944.97,37.574997,1.075506,1,1
441254770,441232146,6780433,457.91928,95944.39,37.574997,1.0754995,1,1
441514567,441491947,6780433,457.92456,95944.33,37.57,1.0755161,1,1
441687791,441665147,6780433,458.18875,95941.266,37.57,1.0754817,1,1
441861015,441838371,6780433,457.96683,95943.836,37.565,1.0755278,1,1
442034211,442011567,6780433,457.7475,95946.34,37.57,1.0755386,1,1
442293984,442271364,6780433,458.03287,95943.086,37.565,1.0755194,1,1
442467207,442444567,6780433,458.15707,95941.63,37.559998,1.0755205,1,1
442640368,442617747,6780433,458.10687,95942.234,37.559998,1.0755273,1,1
442900180,442877547,6780433,457.98,95943.69,37.559998,1.0755435,1,1
443073367,443050747,6780433,458.08572,95942.47,37.559998,1.0755298,1,1
443246567,443223946,6780433,458.09366,95942.375,37.565,1.0755115,1,1
443506454,443483747,6780433,457.93512,95944.195,37.559998,1.0755492,1,1
443679568,443656947,6780433,457.95096,95944.02,37.559998,1.0755473,1,1
443852778,443830147,6780433,457.8532,95945.14,37.559998,1.0755597,1,1
444112651,444089947,6780433,457.90604,95944.516,37.55,1.0755874,1,1
444285785,444263147,6780433,457.8215,95945.5,37.55,1.0755985,1,1
444458987,444436347,6780433,457.76337,95946.18,37.555,1.0755888,1,1
444632184,444609546,6780433,457.63657,95947.625,37.55,1.0756223,1,1
444891970,444869367,6780433,457.9774,95943.7,37.55,1.0755783,1,1
445065225,445042566,6780433,457.78452,95945.93,37.55,1.0756032,1,1
445238367,445215747,6780433,457.92984,95944.266,37.545,1.0756019,1,1
445498167,445475546,6780433,457.8981,95944.61,37.55,1.0755885,1,1
445671458,445648747,6780433,457.90604,95944.54,37.545,1.0756049,1,1
445844569,445821947,6780433,457.93512,95944.2,37.545,1.0756011,1,1
446104367,446081770,6780433,457.9959,95943.484,37.54,1.0756104,1,1
446277671,446254962,6780433,457.87964,95944.83,37.54,1.0756255,1,1
446450786,446428147,6780433,458.00647,95943.375,37.54,1.0756092,1,1
446710567,446687946,6780433,457.99326,95943.516,37.54,1.0756108,1,1
446883785,446861146,6780433,457.7343,95946.516,37.54,1.0756444,1,1
447056975,447034367,6780433,457.88754,95944.75,37.535,1.075642,1,1
447316776,447294175,6780433,457.9034,95944.555,37.54,1.0756224,1,1
447489975,447467358,6780433,458.04608,95942.93,37.54,1.0756042,1,1
447663222,447640599,6780433,457.93512,95944.21,37.535,1.0756359,1,1
447836453,447813747,6780433,458.10687,95942.22,37.535,1.0756136,1,1
448096209,448073567,6780433,457.92722,95944.27,37.53,1.0756539,1,1
448269368,448246774,6780433,457.803,95945.73,37.535,1.0756528,1,1
448442654,448419947,6780433,457.6603,95947.36,37.535,1.0756712,1,1
448702367,448679746,6780433,457.7079,95946.805,37.53,1.0756823,1,1
448875573,448852949,6780433,457.8453,95945.24,37.525,1.0756822,1,1
449048782,449026151,6780433,457.99854,95943.45,37.53,1.0756447,1,1
449308617,449285972,6780433,457.70526,95946.836,37.53,1.0756826,1,1
449481790,449459182,6780433,457.86908,95944.94,37.52,1.075696,1,1
449655014,449632369,6780433,457.94568,95944.06,37.525,1.0756688,1,1
449914774,449892147,6780433,457.96417,95943.84,37.52,1.0756837,1,1
450087991,450065357,6780433,457.803,95945.7,37.52,1.0757047,1,1
450261210,450238568,6780433,458.01175,95943.31,37.525,1.0756605,1,1
450434367,450411772,6780433,458.07782,95942.56,37.52,1.0756694,1,1
450694209,450671567,6780433,457.93512,95944.19,37.52,1.0756876,1,1
450867367,450844746,6780433,457.82413,95945.47,37.52,1.075702,1,1
451040567,451017947,6780433,458.13596,95941.875,37.515,1.0756791,1,1
451300367,451277747,6780433,458.01175,95943.33,37.51,1.0757126,1,1
451473616,451450971,6780433,458.01968,95943.22,37.51,1.0757114,1,1
451646776,451624175,6780433,457.96155,95943.91,37.52,1.0756845,1,1
451906567,451883947,6780433,458.1967,95941.18,37.51,1.0756885,1,1
452079768,452057147,6780433,457.9034,95944.56,37.51,1.0757264,1,1
452252978,452230350,6780433,458.15707,95941.66,37.504997,1.0757111,1,1
452512787,452490147,6780433,457.96155,95943.89,37.51,1.0757189,1,1
452686019,452663371,6780433,457.82413,95945.47,37.5,1.0757712,1,1
452859217,452836571,6780433,458.0831,95942.5,37.504997,1.0757205,1,1
453032367,453009747,6780433,458.0144,95943.28,37.504997,1.0757294,1,1
453292170,453269547,6780433,458.0223,95943.19,37.5,1.0757456,1,1
453465368,453442747,6780433,457.8981,95944.61,37.5,1.0757616,1,1
453638620,453615974,6780433,457.73166,95946.55,37.504997,1.075766,1,1
453898367,453875747,6780433,457.75015,95946.33,37.5,1.0757809,1,1
454071567,454048947,6780433,457.93512,95944.2,37.495,1.0757743,1,1
454244767,454222147,6780433,457.82413,95945.484,37.495,1.0757887,1,1
454504568,454481947,6780433,458.05933,95942.766,37.489998,1.0757755,1,1
454677791,454655147,6780433,457.96945,95943.79,37.489998,1.0757871,1,1
454851019,454828371,6780433,458.01968,95943.234,37.489998,1.0757809,1,1
455110780,455088146,6780433,457.83206,95945.375,37.495,1.0757874,1,1
455283987,455261346,6780433,457.8347,95945.336,37.489998,1.0758045,1,1
455457211,455434566,6780433,457.86115,95945.06,37.489998,1.0758013,1,1
455717000,455694368,6780433,457.63657,95947.64,37.495,1.0758129,1,1
455890229,455867568,6780433,457.67618,95947.17,37.489998,1.075825,1,1
456063367,456040747,6780433,457.80035,95945.734,37.485,1.075826,1,1
456236568,456213946,6780433,457.66824,95947.26,37.489998,1.0758259,1,1
456496453,456473746,6780433,457.7607,95946.2,37.485,1.0758314,1,1
456669567,456646947,6780433,457.77393,95946.06,37.48,1.0758471,1,1
456842787,456820147,6780433,457.80563,95945.69,37.48,1.0758429,1,1
457102650,457079947,6780433,457.6603,95947.34,37.48,1.0758615,1,1
457275784,457253147,6780433,457.90076,95944.58,37.48,1.0758305,1,1
457449054,457426385,6780433,457.7581,95946.234,37.485,1.0758317,1,1
457708782,457686151,6780433,457.803,95945.72,37.475,1.0758605,1,1
457881968,457859368,6780433,457.803,95945.72,37.48,1.0758432,1,1
458055227,458032566,6780433,457.75278,95946.28,37.475,1.0758669,1,1
458314974,458292359,6780433,457.8506,95945.17,37.475,1.0758544,1,1
458488170,458465546,6780433,457.63657,95947.63,37.48,1.0758647,1,1
458661465,458638746,6780433,457.7396,95946.45,37.475,1.0758688,1,1
458834567,458811946,6780433,457.7396,95946.45,37.475,1.0758688,1,1
459094368,459071773,6780433,457.79507,95945.8,37.464996,1.0758961,1,1
459267653,459244947,6780433,457.7898,95945.86,37.464996,1.0758967,1,1
459440781,459418147,6780433,457.91397,95944.445,37.469997,1.0758636,1,1
459700567,459677947,6780433,457.83206,95945.39,37.469997,1.0758742,1,1
459873781,459851150,6780433,457.78452,95945.94,37.469997,1.0758803,1,1
460046972,460024368,6780433,457.91132,95944.47,37.46,1.0758986,1,1
460306778,460284175,6780433,457.99854,95943.47,37.46,1.0758874,1,1
460479979,460457363,6780433,457.86115,95945.05,37.46,1.0759051,1,1
460653227,460630566,6780433,458.0276,95943.15,37.46,1.0758837,1,1
460912973,460890349,6780433,457.79507,95945.8,37.455,1.0759307,1,1
461086212,461063567,6780433,457.64185,95947.56,37.46,1.0759332,1,1
461259372,461236774,6780433,458.0276,95943.13,37.45,1.0759181,1,1
461432670,461409960,6780433,457.73694,95946.484,37.455,1.0759386,1,1
461692370,461669746,6780433,457.6603,95947.34,37.45,1.0759654,1,1
461865567,461842947,6780433,457.86908,95944.95,37.455,1.0759213,1,1
462038783,462016151,6780433,457.9404,95944.14,37.45,1.0759294,1,1
462298612,462275970,6780433,457.8981,95944.61,37.45,1.0759348,1,1
462471782,462449178,6780433,457.9774,95943.72,37.445,1.075942,1,1
462644976,462622359,6780433,457.9325,95944.234,37.45,1.0759305,1,1
462904767,462882147,6780433,457.91663,95944.4,37.445,1.0759497,1,1
463077987,463055357,6780433,457.86642,95945.0,37.44,1.0759737,1,1
463251213,463228568,6780433,457.90604,95944.52,37.44,1.0759684,1,1
463511015,463488387,6780433,457.88226,95944.8,37.44,1.0759715,1,1
463684210,463661566,6780433,457.9959,95943.484,37.445,1.0759394,1,1
463857371,463834747,6780433,457.84262,95945.266,37.44,1.0759767,1,1
464117171,464094547,6780433,458.0038,95943.41,37.44,1.0759559,1,1
464290373,464267749,6780433,457.86377,95945.03,37.44,1.0759741,1,1
464463625,464440975,6780433,457.9087,95944.49,37.44,1.075968,1,1
464636791,464614181,6780433,457.8902,95944.72,37.434998,1.0759879,1,1
464896567,464873947,6780433,457.87698,95944.875,37.434998,1.0759897,1,1
465069768,465047147,6780433,457.88226,95944.81,37.434998,1.075989,1,1
465242973,465220350,6780433,457.95624,95943.96,37.43,1.0759968,1,1
465502787,465480147,6780433,457.81357,95945.59,37.43,1.0760151,1,1
465676015,465653371,6780433,457.87698,95944.875,37.43,1.076007,1,1
465849211,465826568,6780433,457.77658,95946.0,37.43,1.0760196,1,1
466108996,466086359,6780433,457.71844,95946.695,37.43,1.0760275,1,1
466282166,466259546,6780433,457.87964,95944.84,37.43,1.0760068,1,1
466455371,466432746,6780433,457.8506,95945.17,37.43,1.0760103,1,1
466715203,466692547,6780433,457.82413,95945.47,37.42,1.0760483,1,1
466888370,466865747,6780433,457.8109,95945.61,37.42,1.0760498,1,1
467061568,467038946,6780433,457.8294,95945.41,37.425,1.0760304,1,1
467234768,467212147,6780433,457.85587,95945.09,37.425,1.0760268,1,1
467494566,467471946,6780433,457.8902,95944.72,37.42,1.0760398,1,1
467667789,467645146,6780433,457.9536,95944.0,37.42,1.0760318,1,1
467841015,467818371,6780433,457.8717,95944.91,37.415,1.0760593,1,1
468100797,468078146,6780433,458.07516,95942.58,37.415,1.0760332,1,1
468273984,468251347,6780433,457.7898,95945.86,37.415,1.07607,1,1
468447211,468424567,6780433,457.7581,95946.234,37.42,1.0760568,1,1
468706974,468684368,6780433,457.8109,95945.62,37.41,1.0760846,1,1
468880177,468857547,6780433,457.9774,95943.695,37.415,1.0760456,1,1
469053370,469030746,6780433,457.8453,95945.234,37.41,1.0760803,1,1
469313169,469290551,6780433,457.89282,95944.67,37.415,1.0760567,1,1
469486456,469463746,6780433,457.78452,95945.94,37.41,1.0760882,1,1
469659571,469636946,6780433,457.82413,95945.47,37.41,1.076083,1,1
469832787,469810147,6780433,457.96417,95943.875,37.399998,1.0760998,1,1
470092709,470069963,6780433,457.86115,95945.055,37.405,1.0760957,1,1
470265778,470243147,6780433,457.68146,95947.09,37.41,1.0761012,1,1
470438984,470416347,6780433,457.81885,95945.53,37.41,1.0760837,1,1
470698787,470676161,6780433,457.81357,95945.59,37.399998,1.0761191,1,1
470871967,470849368,6780433,457.7607,95946.19,37.394997,1.076143,1,1
471045226,471022568,6780433,457.803,95945.72,37.399998,1.0761204,1,1
471304985,471282356,6780433,457.766,95946.16,37.394997,1.0761427,1,1
471478167,471455546,6780433,457.9087,95944.5,37.394997,1.0761241,1,1
471651459,471628746,6780433,457.803,95945.72,37.394997,1.0761378,1,1
471911217,471888572,6780433,457.68146,95947.125,37.394997,1.0761535,1,1
472084370,472061785,6780433,457.79507,95945.8,37.39,1.076156,1,1
472257656,472234947,6780433,457.8294,95945.42,37.39,1.0761517,1,1
472517371,472494747,6780433,457.8294,95945.42,37.385002,1.076169,1,1
472690570,472667946,6780433,457.85587,95945.11,37.385002,1.0761656,1,1
472863781,472841150,6780433,457.80563,95945.69,37.38,1.0761894,1,1
473036973,473014368,6780433,457.9589,95943.92,37.38,1.0761695,1,1
473296775,473274175,6780433,457.97473,95943.75,37.38,1.0761677,1,1
473469974,473447359,6780433,457.91132,95944.47,37.385002,1.0761584,1,1
473643224,473620598,6780433,457.803,95945.7,37.38,1.0761895,1,1
473902974,473880349,6780433,457.77127,95946.08,37.38,1.0761937,1,1
474076211,474053568,6780433,457.91663,95944.414,37.375,1.0761924,1,1
474249369,474226774,6780433,457.73166,95946.55,37.375,1.0762163,1,1
474509213,474486567,6780433,457.61804,95947.83,37.37,1.076248,1,1
474682369,474659747,6780433,457.7343,95946.516,37.375,1.076216,1,1
474855572,474832947,6780433,457.82678,95945.445,37.364998,1.0762386,1,1
475115367,475092747,6780433,457.8215,95945.516,37.37,1.0762221,1,1
475288616,475265970,6780433,457.87698,95944.875,37.37,1.0762149,1,1
475461774,475439174,6780433,457.85587,95945.1,37.36,1.0762521,1,1
475634974,475612361,6780433,457.81885,95945.54,37.36,1.076257,1,1
475894857,475872150,6780433,457.77658,95946.02,37.364998,1.0762452,1,1
476067991,476045359,6780433,457.8347,95945.336,37.36,1.0762547,1,1
476241209,476218568,6780433,457.7396,95946.45,37.36,1.0762672,1,1
476501015,476478371,6780433,457.92984,95944.25,37.36,1.0762426,1,1
476674208,476651567,6780433,458.08044,95942.52,37.36,1.0762231,1,1
476847369,476824747,6780433,458.03287,95943.06,37.36,1.0762292,1,1
477107211,477084567,6780433,457.79507,95945.8,37.36,1.0762599,1,1
477280367,477257748,6780433,457.99063,95943.56,37.355,1.0762521,1,1
477453615,477430970,6780433,458.0223,95943.19,37.36,1.0762305,1,1
477713367,477690747,6780433,457.8294,95945.42,37.355,1.076273,1,1
477886570,477863947,6780433,457.99063,95943.555,37.35,1.0762694,1,1
478059771,478037146,6780433,457.81622,95945.55,37.355,1.0762744,1,1
478232972,478210349,6780433,457.75278,95946.3,37.355,1.0762827,1,1
478492792,478470147,6780433,457.8215,95945.516,37.355,1.076274,1,1
478666017,478643387,6780433,457.90604,95944.53,37.35,1.0762804,1,1
478839212,478816568,6780433,457.9959,95943.484,37.35,1.0762686,1,1
479098985,479076347,6780433,458.03815,95943.016,37.35,1.0762634,1,1
479272167,479249546,6780433,457.81357,95945.58,37.35,1.076292,1,1
479445367,479422747,6780433,457.91397,95944.45,37.34,1.0763142,1,1
479705205,479682547,6780433,457.92456,95944.31,37.345,1.0762953,1,1
479878367,479855747,6780433,457.96945,95943.805,37.34,1.0763069,1,1
480051572,480028946,6780433,457.97473,95943.734,37.34,1.0763061,1,1
480311457,480288746,6780433,457.8109,95945.625,37.34,1.0763273,1,1
480484569,480461948,6780433,457.94833,95944.03,37.335,1.0763268,1,1
480657790,480635147,6780433,458.03815,95943.016,37.34,1.0762981,1,1
480917662,480894947,6780433,457.8717,95944.91,37.335,1.0763366,1,1
481090788,481068147,6780433,457.93777,95944.16,37.34,1.0763109,1,1
481263983,481241347,6780433,458.0646,95942.7,37.335,1.076312,1,1
481437228,481414577,6780433,457.8717,95944.91,37.335,1.0763366,1,1
481696974,481674371,6780433,457.79507,95945.81,37.335,1.0763468,1,1
481870201,481847547,6780433,457.96155,95943.88,37.329998,1.0763425,1,1
482043367,482020746,6780433,457.87964,95944.84,37.324997,1.0763707,1,1
482303167,482280578,6780433,457.89282,95944.68,37.324997,1.0763688,1,1
482476453,482453747,6780433,457.91132,95944.48,37.324997,1.0763665,1,1
482649566,482626946,6780433,457.86908,95944.95,37.329998,1.0763545,1,1
482909368,482886747,6780433,457.93777,95944.17,37.324997,1.0763631,1,1
483082650,483059948,6780433,457.93512,95944.2,37.324997,1.0763634,1,1
483255794,483233147,6780433,457.86908,95944.94,37.324997,1.0763717,1,1
483515567,483492946,6780433,457.8215,95945.516,37.32,1.0763954,1,1
483688785,483666147,6780433,457.99326,95943.516,37.32,1.076373,1,1
483861967,483839367,6780433,457.92984,95944.25,37.32,1.0763812,1,1
484035224,484012566,6780433,457.82678,95945.44,37.32,1.0763946,1,1
484294980,484272361,6780433,457.83206,95945.37,37.32,1.0763937,1,1
484468195,484445550,6780433,458.0223,95943.195,37.315,1.0763867,1,1
484641456,484618746,6780433,457.98267,95943.64,37.309998,1.0764091,1,1
484901210,484878568,6780433,457.99326,95943.53,37.309998,1.0764079,1,1
485074367,485051770,6780433,457.9959,95943.484,37.305,1.0764246,1,1
485247654,485224946,6780433,457.99063,95943.56,37.305,1.0764256,1,1
485507368,485484747,6780433,458.01968,95943.22,37.305,1.0764217,1,1
485680566,485657946,6780433,457.96683,95943.82,37.305,1.0764284,1,1
485853795,485831162,6780433,458.1729,95941.45,37.3,1.0764192,1,1
486113612,486090970,6780433,458.00647,95943.375,37.3,1.0764408,1,1
486286778,486264174,6780433,457.89548,95944.66,37.3,1.0764551,1,1
486459972,486437356,6780433,457.79245,95945.84,37.3,1.0764686,1,1
486633225,486610598,6780433,457.68146,95947.09,37.3,1.0764825,1,1
486892975,486870349,6780433,458.04343,95942.95,37.295,1.0764533,1,1
487066209,487043568,6780433,457.9853,95943.625,37.295,1.0764608,1,1
487239390,487216786,6780433,457.99326,95943.52,37.29,1.076477,1,1
487499211,487476568,6780433,457.99326,95943.53,37.29,1.0764772,1,1
487672368,487649747,6780433,457.8902,95944.72,37.3,1.0764558,1,1
487845568,487822947,6780433,457.92722,95944.3,37.29,1.0764858,1,1
488105367,488082747,6780433,458.01968,95943.22,37.29,1.0764736,1,1
488278617,488255972,6780433,458.05667,95942.805,37.29,1.0764691,1,1
488451781,488429175,6780433,458.03815,95943.01,37.29,1.0764713,1,1
488711567,488688946,6780433,458.05667,95942.805,37.285,1.0764863,1,1
488884770,488862147,6780433,458.01968,95943.21,37.29,1.0764736,1,1
489057994,489035357,6780433,458.03552,95943.05,37.29,1.0764717,1,1
489231212,489208570,6780433,457.92722,95944.3,37.29,1.0764858,1,1
489491018,489468371,6780433,458.07782,95942.555,37.28,1.0765009,1,1
489664211,489641566,6780433,457.9959,95943.51,37.28,1.0765116,1,1
489837369,489814747,6780433,458.07516,95942.59,37.28,1.0765014,1,1
490097167,490074547,6780433,458.29184,95940.11,37.28,1.0764735,1,1
490270367,490247747,6780433,457.90076,95944.586,37.28,1.0765237,1,1
490443613,490420970,6780433,458.01703,95943.25,37.28,1.0765088,1,1
490703370,490680746,6780433,457.8347,95945.36,37.28,1.0765324,1,1
490876567,490853947,6780433,458.07516,95942.58,37.28,1.0765011,1,1
491049768,491027147,6780433,457.99326,95943.516,37.27,1.0765464,1,1
491309567,491286947,6780433,457.81357,95945.58,37.275,1.0765522,1,1
491482786,491460147,6780433,458.09366,95942.375,37.275,1.0765163,1,1
491656019,491633371,6780433,457.9087,95944.484,37.27,1.0765573,1,1
491915781,491893147,6780433,457.95096,95944.016,37.27,1.076552,1,1
492088987,492066347,6780433,458.03552,95943.03,37.27,1.076541,1,1
492262207,492239566,6780433,457.91928,95944.39,37.269997,1.0765562,1,1
492435367,492412747,6780433,457.91663,95944.42,37.27,1.0765566,1,1
492695213,492672547,6780433,457.8453,95945.234,37.27,1.0765656,1,1
492868368,492845747,6780433,457.86642,95944.99,37.265,1.0765803,1,1
493041567,493018947,6780433,457.91132,95944.48,37.265,1.0765746,1,1
493301460,493278747,6780433,457.76865,95946.1,37.27,1.0765754,1,1
493474567,493451947,6780433,457.94305,95944.11,37.265,1.0765705,1,1
493647789,493625147,6780433,458.03287,95943.08,37.26,1.0765761,1,1
493907656,493884947,6780433,457.91928,95944.375,37.265,1.0765734,1,1
494080780,494058147,6780433,457.97473,95943.734,37.26,1.0765835,1,1
494254046,494231359,6780433,458.11743,95942.09,37.26,1.0765651,1,1
494513781,494491150,6780433,458.31033,95939.9,37.26,1.0765405,1,1
494686977,494664368,6780433,457.98798,95943.59,37.26,1.076582,1,1
494860203,494837547,6780433,457.94305,95944.09,37.26,1.0765876,1,1
495033365,495010746,6780433,458.03024,95943.11,37.26,1.0765765,1,1
495293232,495270570,6780433,458.05933,95942.766,37.26,1.0765725,1,1
495466451,495443747,6780433,458.23105,95940.8,37.254997,1.0765679,1,1
495639568,495616947,6780433,457.9589,95943.92,37.26,1.0765855,1,1
495899368,495876777,6780433,457.99063,95943.55,37.26,1.0765814,1,1
496072651,496049947,6780433,457.83206,95945.38,37.254997,1.0766193,1,1
496245781,496223147,6780433,458.0646,95942.695,37.25,1.0766065,1,1
496505567,496482947,6780433,458.09366,95942.38,37.25,1.076603,1,1
496678783,496656151,6780433,457.9404,95944.15,37.254997,1.0766054,1,1
496851970,496829371,6780433,458.05667,95942.805,37.239998,1.0766425,1,1
497111788,497089181,6780433,457.98,95943.67,37.254997,1.0766002,1,1
497284975,497262358,6780433,457.9219,95944.336,37.245,1.0766424,1,1
497458170,497435546,6780433,458.16235,95941.57,37.25,1.0765939,1,1
497631458,497608746,6780433,457.94833,95944.03,37.25,1.0766215,1,1
497891213,497868568,6780433,458.12534,95942.0,37.245,1.076616,1,1
498064369,498041771,6780433,457.84262,95945.25,37.25,1.0766352,1,1
498237651,498214947,6780433,457.98267,95943.66,37.239998,1.076652,1,1
498497371,498474749,6780433,457.8294,95945.414,37.25,1.076637,1,1
498670567,498647951,6780433,457.88226,95944.805,37.245,1.0766475,1,1
498843782,498821150,6780433,458.08838,95942.42,37.239998,1.0766382,1,1
499103616,499080971,6780433,457.9219,95944.35,37.239998,1.0766598,1,1
499276768,499254171,6780433,458.05667,95942.8,37.239998,1.0766424,1,1
499449973,499427358,6780433,458.0408,95942.99,37.239998,1.0766445,1,1
499709767,499687147,6780433,458.08838,95942.445,37.235,1.0766557,1,1
499882981,499860366,6780433,457.96417,95943.875,37.239998,1.0766544,1,1
500056213,500033568,6780433,457.98,95943.67,37.239998,1.0766522,1,1
500316015,500293370,6780433,457.9536,95944.0,37.239998,1.0766559,1,1
500489212,500466566,6780433,458.0091,95943.36,37.235,1.076666,1,1
500662370,500639748,6780433,458.01175,95943.32,37.23,1.0766829,1,1
500835567,500812947,6780433,457.95624,95943.97,37.235,1.0766728,1,1
501095367,501072746,6780433,458.0646,95942.72,37.235,1.0766587,1,1
501268613,501245970,6780433,458.04343,95942.95,37.235,1.0766615,1,1
501441774,501419174,6780433,458.01175,95943.31,37.235,1.0766654,1,1
501701566,501678947,6780433,458.1703,95941.49,37.23,1.0766623,1,1
501874767,501852147,6780433,458.07254,95942.625,37.225,1.0766925,1,1
502047987,502025357,6780433,457.9959,95943.484,37.23,1.0766847,1,1
502307787,502285147,6780433,458.11743,95942.09,37.23,1.0766691,1,1
502480985,502458357,6780433,458.05667,95942.79,37.219997,1.0767117,1,1
502654211,502631566,6780433,458.14124,95941.82,37.23,1.076666,1,1
502913984,502891364,6780433,457.97473,95943.734,37.225,1.0767049,1,1
503087171,503064547,6780433,458.0646,95942.72,37.219997,1.0767108,1,1
503260367,503237747,6780433,457.90604,95944.516,37.23,1.0766963,1,1
503433615,503410970,6780433,457.86908,95944.95,37.225,1.0767186,1,1
503693368,503670747,6780433,457.8506,95945.16,37.219997,1.0767382,1,1
503866566,503843946,6780433,457.8109,95945.61,37.225,1.076726,1,1
504039768,504017146,6780433,457.81622,95945.55,37.219997,1.0767426,1,1
504299567,504276946,6780433,458.0091,95943.36,37.219997,1.076718,1,1
504472774,504450147,6780433,457.98798,95943.586,37.219997,1.0767206,1,1
504646016,504623371,6780433,457.95096,95944.016,37.219997,1.0767254,1,1
504905781,504883147,6780433,457.66824,95947.25,37.219997,1.0767617,1,1
505078985,505056347,6780433,458.01968,95943.22,37.214996,1.0767338,1,1
505252170,505229547,6780433,457.97473,95943.75,37.214996,1.0767398,1,1
505511968,505489367,6780433,457.88226,95944.8,37.219997,1.0767342,1,1
505685202,505662547,6780433,457.86908,95944.94,37.219997,1.0767357,1,1
505858370,505835747,6780433,458.0091,95943.34,37.21,1.0767525,1,1
506031567,506008947,6780433,457.89282,95944.69,37.21,1.0767677,1,1
506291466,506268746,6780433,457.79507,95945.8,37.21,1.0767801,1,1
506464567,506441946,6780433,457.98267,95943.64,37.21,1.0767559,1,1
506637788,506615147,6780433,457.9034,95944.555,37.21,1.0767663,1,1
506897653,506874947,6780433,457.93512,95944.2,37.21,1.0767622,1,1
507070780,507048147,6780433,458.16235,95941.57,37.205,1.07675,1,1
507243986,507221347,6780433,458.1914,95941.26,37.2,1.0767637,1,1
507503782,507481150,6780433,458.10422,95942.24,37.21,1.0767403,1,1
507676971,507654368,6780433,458.09894,95942.31,37.205,1.0767584,1,1
507850197,507827547,6780433,458.15973,95941.625,37.2,1.0767679,1,1
508109970,508087357,6780433,457.88754,95944.74,37.2,1.076803,1,1
508283169,508260550,6780433,458.13596,95941.89,37.2,1.0767709,1,1
508456456,508433747,6780433,458.12534,95942.016,37.2,1.0767723,1,1
508716208,508693567,6780433,458.04608,95942.92,37.2,1.0767825,1,1
508889371,508866775,6780433,458.03552,95943.03,37.2,1.0767838,1,1
509062650,509039948,6780433,458.14914,95941.75,37.2,1.0767692,1,1
509235781,509213147,6780433,458.09366,95942.36,37.2,1.0767761,1,1
509495567,509472947,6780433,458.08838,95942.42,37.2,1.0767769,1,1
509668782,509646151,6780433,457.96417,95943.875,37.19,1.0768279,1,1
509841967,509819367,6780433,458.03552,95943.03,37.19,1.0768185,1,1
510101793,510079182,6780433,457.83734,95945.31,37.19,1.0768441,1,1
510274984,510252361,6780433,457.67618,95947.17,37.19,1.0768648,1,1
510448223,510425570,6780433,457.65503,95947.41,37.19,1.0768676,1,1
510707987,510685357,6780433,457.52557,95948.9,37.195,1.0768669,1,1
510881227,510858568,6780433,457.5546,95948.56,37.19,1.0768806,1,1
511054371,511031772,6780433,457.50443,95949.13,37.195,1.0768695,1,1
511314209,511291567,6780433,457.5282,95948.87,37.18,1.0769187,1,1
511487383,511464753,6780433,457.227,95952.33,37.184998,1.0769402,1,1
511660567,511637947,6780433,457.1292,95953.47,37.184998,1.0769529,1,1
511833782,511811147,6780433,456.9046,95956.03,37.184998,1.0769817,1,1
512093619,512070973,6780433,456.67474,95958.68,37.184998,1.0770115,1,1
512266768,512244170,6780433,456.46335,95961.11,37.184998,1.0770388,1,1
512439968,512417356,6780433,456.48184,95960.91,37.18,1.0770538,1,1
512699767,512677146,6780433,456.58755,95959.67,37.18,1.07704,1,1
512872972,512850349,6780433,456.64832,95959.0,37.18,1.0770323,1,1
513046211,513023568,6780433,456.5743,95959.84,37.18,1.0770419,1,1
513306016,513283371,6780433,456.6853,95958.57,37.17,1.0770622,1,1
513479211,513456568,6780433,456.5981,95959.56,37.17,1.0770733,1,1
513652370,513629747,6780433,456.73816,95957.97,37.17,1.0770555,1,1
513912210,513889566,6780433,456.8359,95956.83,37.175,1.0770254,1,1
514085371,514062747,6780433,456.61923,95959.33,37.17,1.0770707,1,1
514258620,514235972,6780433,456.48975,95960.81,37.17,1.0770874,1,1
514431768,514409171,6780433,456.52414,95960.4,37.165,1.0771002,1,1
514691570,514668947,6780433,456.3629,95962.266,37.17,1.0771037,1,1
514864767,514842147,6780433,456.64038,95959.08,37.165,1.0770853,1,1
515037988,515015373,6780433,456.4607,95961.16,37.16,1.0771259,1,1
515297787,515275151,6780433,456.57962,95959.78,37.165,1.0770931,1,1
515471015,515448371,6780433,456.38937,95961.96,37.17,1.0771003,1,1
515644205,515621565,6780433,456.56903,95959.88,37.165,1.0770943,1,1
515903984,515881347,6780433,456.59283,95959.61,37.16,1.0771086,1,1
516077168,516054546,6780433,456.5743,95959.84,37.16,1.0771112,1,1
516250371,516227772,6780433,456.37354,95962.16,37.16,1.0771371,1,1
516510227,516487568,6780433,456.3233,95962.72,37.16,1.0771435,1,1
516683370,516660746,6780433,456.4792,95960.914,37.16,1.0771233,1,1
516856570,516833946,6780433,456.39465,95961.89,37.16,1.0771343,1,1
517116470,517093746,6780433,456.70908,95958.29,37.149998,1.0771285,1,1
517289570,517266947,6780433,456.34442,95962.49,37.155,1.0771583,1,1
517462787,517440147,6780433,456.50296,95960.664,37.155,1.0771378,1,1
517636016,517613371,6780433,456.31802,95962.79,37.155,1.0771617,1,1
517895784,517873147,6780433,456.53204,95960.32,37.149998,1.0771513,1,1
518068983,518046364,6780433,456.4528,95961.234,37.149998,1.0771616,1,1
518242167,518219546,6780433,456.38672,95962.0,37.144997,1.0771877,1,1
518501968,518479368,6780433,456.281,95963.22,37.149998,1.077184,1,1
518675199,518652547,6780433,456.51093,95960.56,37.14,1.0771888,1,1
518848398,518825762,6780433,456.52414,95960.42,37.144997,1.0771699,1,1
519108225,519085599,6780433,456.4792,95960.94,37.14,1.077193,1,1
519281458,519258747,6780433,456.48447,95960.87,37.14,1.0771922,1,1
519454570,519431947,6780433,456.56638,95959.92,37.14,1.0771816,1,1
519714368,519691773,6780433,456.7804,95957.45,37.14,1.0771539,1,1
519887657,519864947,6780433,456.42105,95961.6,37.14,1.0772004,1,1
520060781,520038147,6780433,456.43695,95961.41,37.14,1.0771983,1,1
520233983,520211347,6780433,456.38144,95962.05,37.14,1.0772054,1,1
520493781,520471151,6780433,456.50827,95960.59,37.135002,1.0772064,1,1
520666972,520644367,6780433,456.48712,95960.84,37.13,1.0772266,1,1
520840177,520817547,6780433,456.4052,95961.79,37.13,1.0772372,1,1
521099977,521077362,6780433,456.52148,95960.44,37.13,1.077222,1,1
521273167,521250546,6780433,456.4475,95961.3,37.135002,1.0772142,1,1
521446452,521423746,6780433,456.55054,95960.125,37.13,1.0772185,1,1
521706210,521683567,6780433,456.66418,95958.81,37.125,1.0772212,1,1
521879368,521856776,6780433,456.67737,95958.64,37.13,1.0772018,1,1
522052675,522029960,6780433,456.7276,95958.06,37.125,1.0772127,1,1
522312370,522289749,6780433,456.66946,95958.734,37.125,1.0772203,1,1
522485573,522462948,6780433,456.7725,95957.55,37.12,1.0772244,1,1
522658786,522636151,6780433,456.73816,95957.97,37.12,1.0772291,1,1
522831967,522809368,6780433,456.643,95959.055,37.12,1.0772412,1,1
523091779,523069174,6780433,456.643,95959.06,37.12,1.0772413,1,1
523264970,523242357,6780433,456.75665,95957.734,37.11,1.0772611,1,1
523438167,523415549,6780433,456.56903,95959.91,37.114998,1.0772682,1,1
523697988,523675386,6780433,456.59018,95959.65,37.114998,1.0772653,1,1
523871213,523848568,6780433,456.59283,95959.61,37.11,1.0772822,1,1
524044368,524021772,6780433,456.58228,95959.734,37.11,1.0772835,1,1
524304209,524281567,6780433,456.52676,95960.375,37.105,1.077308,1,1
524477369,524454747,6780433,456.4607,95961.16,37.105,1.0773169,1,1
524650570,524627947,6780433,456.40787,95961.734,37.1,1.0773407,1,1
524910371,524887749,6780433,456.429,95961.5,37.1,1.0773382,1,1
525083618,525060971,6780433,456.5056,95960.61,37.1,1.0773282,1,1
525256794,525234182,6780433,456.20175,95964.125,37.1,1.0773675,1,1
525516571,525493947,6780433,456.33386,95962.59,37.1,1.0773504,1,1
525689770,525667152,6780433,456.3233,95962.73,37.1,1.0773519,1,1
525862972,525840349,6780433,456.39993,95961.84,37.1,1.077342,1,1
526036212,526013567,6780433,456.1595,95964.61,37.1,1.077373,1,1
526296016,526273371,6780433,456.4105,95961.73,37.09,1.0773754,1,1
526469212,526446567,6780433,456.25723,95963.484,37.09,1.0773952,1,1
526642372,526619749,6780433,456.37354,95962.16,37.09,1.0773802,1,1
526902211,526879567,6780433,456.2969,95963.01,37.085,1.0774072,1,1
527075368,527052747,6780433,456.26517,95963.4,37.079998,1.0774289,1,1
527248614,527225970,6780433,456.32858,95962.66,37.085,1.0774033,1,1
527508367,527485746,6780433,456.3841,95962.016,37.085,1.077396,1,1
527681567,527658947,6780433,456.57166,95959.875,37.079998,1.0773894,1,1
527854771,527832146,6780433,456.5056,95960.61,37.079998,1.0773977,1,1
528114570,528091946,6780433,456.54788,95960.14,37.079998,1.0773923,1,1
528287791,528265147,6780433,456.4316,95961.48,37.074997,1.0774248,1,1
528461015,528438371,6780433,456.5611,95959.984,37.07,1.0774254,1,1
528634211,528611568,6780433,456.52414,95960.41,37.074997,1.0774128,1,1
528893984,528871347,6780433,456.50296,95960.664,37.07,1.0774329,1,1
529067167,529044546,6780433,456.37616,95962.12,37.07,1.0774492,1,1
529240367,529217747,6780433,456.37088,95962.18,37.07,1.0774499,1,1
529500235,529477566,6780433,456.32596,95962.7,37.059998,1.0774906,1,1
529673366,529650755,6780433,456.26517,95963.375,37.059998,1.0774982,1,1
529846566,529823947,6780433,456.2546,95963.516,37.065,1.0774823,1,1
530106453,530083746,6780433,456.2123,95963.984,37.059998,1.077505,1,1
530279567,530256947,6780433,456.22287,95963.86,37.059998,1.0775036,1,1
530452794,530430147,6780433,456.04587,95965.91,37.059998,1.0775266,1,1
530712650,530689947,6780433,455.97186,95966.75,37.059998,1.0775361,1,1
530885783,530863147,6780433,456.14096,95964.81,37.055,1.0775317,1,1
531058988,531036347,6780433,456.06436,95965.7,37.059998,1.0775243,1,1
531232167,531209547,6780433,455.92432,95967.31,37.059998,1.0775423,1,1
531491969,531469367,6780433,456.05905,95965.75,37.05,1.0775596,1,1
531665226,531642567,6780433,456.1172,95965.08,37.05,1.0775521,1,1
531838367,531815747,6780433,456.07755,95965.55,37.05,1.0775572,1,1
532098228,532075567,6780433,456.2361,95963.72,37.05,1.0775368,1,1
532271457,532248747,6780433,455.97186,95966.766,37.055,1.0775536,1,1
532444567,532421947,6780433,456.0115,95966.31,37.05,1.0775659,1,1
532704367,532681770,6780433,456.27838,95963.234,37.045,1.0775486,1,1
532877675,532854962,6780433,456.09344,95965.36,37.045,1.0775725,1,1
533050797,533028147,6780433,456.10663,95965.2,37.05,1.0775534,1,1
533310569,533287947,6780433,456.09344,95965.35,37.04,1.0775898,1,1
533483789,533461150,6780433,456.0485,95965.89,37.045,1.0775784,1,1
533657003,533634370,6780433,456.05643,95965.78,37.04,1.0775945,1,1
533916786,533894162,6780433,456.14096,95964.805,37.04,1.0775837,1,1
