timestamp,timestamp_sample,roll,pitch,yaw,throttle,flaps,aux1,aux2,aux3,aux4,aux5,aux6,buttons,valid,data_source,sticks_moving
266957287,266956261,0.0,-0.0,0.0,-1.0,0.0,0.0,0.0,0.0,0.0,0.0,0.0,0,1,1,0
267149556,266956261,0.0,-0.0,0.0,-1.0,0.0,0.0,0.0,0.0,0.0,0.0,0.0,0,1,1,0
267258340,267257374,0.0,-0.0,0.0,-1.0,0.0,0.0,0.0,0.0,0.0,0.0,0.0,0,1,1,0
267458357,267257374,0.0,-0.0,0.0,-1.0,0.0,0.0,0.0,0.0,0.0,0.0,0.0,0,1,1,0
267563770,267562786,0.0,-0.0,0.0,-1.0,0.0,0.0,0.0,0.0,0.0,0.0,0.0,0,1,1,0
267870418,267869437,0.0,-0.0,0.0,-1.0,0.0,0.0,0.0,0.0,0.0,0.0,0.0,0,1,1,0
268070433,267869437,0.0,-0.0,0.0,-1.0,0.0,0.0,0.0,0.0,0.0,0.0,0.0,0,1,1,0
268183048,268182085,0.0,-0.0,0.0,-1.0,0.0,0.0,0.0,0.0,0.0,0.0,0.0,0,1,1,0
268488227,268487205,0.0,-0.0,0.0,-1.0,0.0,0.0,0.0,0.0,0.0,0.0,0.0,0,1,1,0
268688244,268487205,0.0,-0.0,0.0,-1.0,0.0,0.0,0.0,0.0,0.0,0.0,0.0,0,1,1,0
268793397,268792422,0.0,-0.0,0.0,-1.0,0.0,0.0,0.0,0.0,0.0,0.0,0.0,0,1,1,0
269098780,269097789,0.0,-0.0,0.0,-1.0,0.0,0.0,0.0,0.0,0.0,0.0,0.0,0,1,1,0
269172118,269097789,0.0,-0.0,0.0,-1.0,0.0,0.0,0.0,0.0,0.0,0.0,0.0,0,1,1,0
269412790,269411749,0.0,-0.0,0.0,-1.0,0.0,0.0,0.0,0.0,0.0,0.0,0.0,0,1,1,0
269612826,269411749,0.0,-0.0,0.0,-1.0,0.0,0.0,0.0,0.0,0.0,0.0,0.0,0,1,1,0
269762025,269760976,0.0,-0.0,0.0,-1.0,0.0,0.0,0.0,0.0,0.0,0.0,0.0,0,1,1,0
270068369,270067406,0.0,-0.0,0.0,-1.0,0.0,0.0,0.0,0.0,0.0,0.0,0.0,0,1,1,0
270185577,270067406,0.0,-0.0,0.0,-1.0,0.0,0.0,0.0,0.0,0.0,0.0,0.0,0,1,1,0
270382027,270380974,0.0,-0.0,0.0,-1.0,0.0,0.0,0.0,0.0,0.0,0.0,0.0,0,1,1,0
270686451,270685336,0.0,-0.0,0.0,-1.0,0.0,0.0,0.0,0.0,0.0,0.0,0.0,0,1,1,0
270886489,270685336,0.0,-0.0,0.0,-1.0,0.0,0.0,0.0,0.0,0.0,0.0,0.0,0,1,1,0
270990338,270989375,0.0,-0.0,0.0,-1.0,0.0,0.0,0.0,0.0,0.0,0.0,0.0,0,1,1,0
271304532,271303074,0.0,-0.0,0.0,-1.0,0.0,0.0,0.0,0.0,0.0,0.0,0.0,0,1,1,0
271504546,271303074,0.0,-0.0,0.0,-1.0,0.0,0.0,0.0,0.0,0.0,0.0,0.0,0,1,1,0
271609612,271608648,0.0,-0.0,0.0,-1.0,0.0,0.0,0.0,0.0,0.0,0.0,0.0,0,1,1,0
271912909,271911931,0.0,-0.0,0.0,-1.0,0.0,0.0,0.0,0.0,0.0,0.0,0.0,0,1,1,0
272112924,271911931,0.0,-0.0,0.0,-1.0,0.0,0.0,0.0,0.0,0.0,0.0,0.0,0,1,1,0
272226131,272225162,0.0,-0.0,0.0,-1.0,0.0,0.0,0.0,0.0,0.0,0.0,0.0,0,1,1,0
272426189,272225162,0.0,-0.0,0.0,-1.0,0.0,0.0,0.0,0.0,0.0,0.0,0.0,0,1,1,0
272531823,272530828,0.0,-0.0,0.0,-1.0,0.0,0.0,0.0,0.0,0.0,0.0,0.0,0,1,1,0
272837853,272836886,0.0,-0.0,0.0,-1.0,0.0,0.0,0.0,0.0,0.0,0.0,0.0,0,1,1,0
273037869,272836886,0.0,-0.0,0.0,-1.0,0.0,0.0,0.0,0.0,0.0,0.0,0.0,0,1,1,0
273215629,273140319,0.0,-0.0,0.0,-1.0,0.0,0.0,0.0,0.0,0.0,0.0,0.0,0,1,1,0
273454900,273453649,0.0,-0.0,0.0,-1.0,0.0,0.0,0.0,0.0,0.0,0.0,0.0,0,1,1,0
273654915,273453649,0.0,-0.0,0.0,-1.0,0.0,0.0,0.0,0.0,0.0,0.0,0.0,0,1,1,0
273759513,273758455,0.0,-0.0,0.0,-1.0,0.0,0.0,0.0,0.0,0.0,0.0,0.0,0,1,1,0
274063674,274062702,0.0,-0.0,0.0,-1.0,0.0,0.0,0.0,0.0,0.0,0.0,0.0,0,1,1,0
274224501,274062702,0.0,-0.0,0.0,-1.0,0.0,0.0,0.0,0.0,0.0,0.0,0.0,0,1,1,0
274377436,274376413,0.0,-0.0,0.0,-1.0,0.0,0.0,0.0,0.0,0.0,0.0,0.0,0,1,1,0
274682376,274681412,0.0,-0.0,0.0,-1.0,0.0,0.0,0.0,0.0,0.0,0.0,0.0,0,1,1,0
274882391,274681412,0.0,-0.0,0.0,-1.0,0.0,0.0,0.0,0.0,0.0,0.0,0.0,0,1,1,0
274987291,274986301,0.0,-0.0,0.0,-1.0,0.0,0.0,0.0,0.0,0.0,0.0,0.0,0,1,1,0
275301815,275300838,0.0,-0.0,0.0,-1.0,0.0,0.0,0.0,0.0,0.0,0.0,0.0,0,1,1,0
275501831,275300838,0.0,-0.0,0.0,-1.0,0.0,0.0,0.0,0.0,0.0,0.0,0.0,0,1,1,0
275607458,275606424,0.0,-0.0,0.0,-1.0,0.0,0.0,0.0,0.0,0.0,0.0,0.0,0,1,1,0
275912375,275911412,0.0,-0.0,0.0,-1.0,0.0,0.0,0.0,0.0,0.0,0.0,0.0,0,1,1,0
276112390,275911412,0.0,-0.0,0.0,-1.0,0.0,0.0,0.0,0.0,0.0,0.0,0.0,0,1,1,0
276246903,276223766,0.0,-0.0,0.0,-1.0,0.0,0.0,0.0,0.0,0.0,0.0,0.0,0,1,1,0
276447020,276223766,0.0,-0.0,0.0,-1.0,0.0,0.0,0.0,0.0,0.0,0.0,0.0,0,1,1,0
276530219,276529233,0.0,-0.0,0.0,-1.0,0.0,0.0,0.0,0.0,0.0,0.0,0.0,0,1,1,0
276834873,276833666,0.0,-0.0,0.0,-1.0,0.0,0.0,0.0,0.0,0.0,0.0,0.0,0,1,1,0
277034888,276833666,0.0,-0.0,0.0,-1.0,0.0,0.0,0.0,0.0,0.0,0.0,0.0,0,1,1,0
277258052,277139286,0.0,-0.0,0.0,-1.0,0.0,0.0,0.0,0.0,0.0,0.0,0.0,0,1,1,0
277453614,277452649,0.0,-0.0,0.0,-1.0,0.0,0.0,0.0,0.0,0.0,0.0,0.0,0,1,1,0
277653629,277452649,0.0,-0.0,0.0,-1.0,0.0,0.0,0.0,0.0,0.0,0.0,0.0,0,1,1,0
277759761,277758798,0.0,-0.0,0.0,-1.0,0.0,0.0,0.0,0.0,0.0,0.0,0.0,0,1,1,0
278063382,278062418,0.0,-0.0,0.0,-1.0,0.0,0.0,0.0,0.0,0.0,0.0,0.0,0,1,1,0
278268242,278062418,0.0,-0.0,0.0,-1.0,0.0,0.0,0.0,0.0,0.0,0.0,0.0,0,1,1,0
278377437,278376427,0.0,-0.0,0.0,-1.0,0.0,0.0,0.0,0.0,0.0,0.0,0.0,0,1,1,0
278682026,278681030,0.0,-0.0,0.0,-1.0,0.0,0.0,0.0,0.0,0.0,0.0,0.0,0,1,1,0
278882041,278681030,0.0,-0.0,0.0,-1.0,0.0,0.0,0.0,0.0,0.0,0.0,0.0,0,1,1,0
278987234,278986260,0.0,-0.0,0.0,-1.0,0.0,0.0,0.0,0.0,0.0,0.0,0.0,0,1,1,0
279299630,279298666,0.0,-0.0,0.0,-1.0,0.0,0.0,0.0,0.0,0.0,0.0,0.0,0,1,1,0
279499644,279298666,0.0,-0.0,0.0,-1.0,0.0,0.0,0.0,0.0,0.0,0.0,0.0,0,1,1,0
279604877,279603347,0.0,-0.0,0.0,-1.0,0.0,0.0,0.0,0.0,0.0,0.0,0.0,0,1,1,0
279910224,279909260,0.0,-0.0,0.0,-1.0,0.0,0.0,0.0,0.0,0.0,0.0,0.0,0,1,1,0
280110274,279909260,0.0,-0.0,0.0,-1.0,0.0,0.0,0.0,0.0,0.0,0.0,0.0,0,1,1,0
280288609,280213508,0.0,-0.0,0.0,-1.0,0.0,0.0,0.0,0.0,0.0,0.0,0.0,0,1,1,0
280488625,280213508,0.0,-0.0,0.0,-1.0,0.0,0.0,0.0,0.0,0.0,0.0,0.0,0,1,1,0
280528626,280527662,0.0,-0.0,0.0,-1.0,0.0,0.0,0.0,0.0,0.0,0.0,0.0,0,1,1,0
280834337,280833006,0.0,-0.0,0.0,-1.0,0.0,0.0,0.0,0.0,0.0,0.0,0.0,0,1,1,0
281034525,280833006,0.0,-0.0,0.0,-1.0,0.0,0.0,0.0,0.0,0.0,0.0,0.0,0,1,1,0
281301233,281139100,0.0,-0.0,0.0,-1.0,0.0,0.0,0.0,0.0,0.0,0.0,0.0,0,1,1,0
281453782,281452786,0.0,-0.0,0.0,-1.0,0.0,0.0,0.0,0.0,0.0,0.0,0.0,0,1,1,0
281653797,281452786,0.0,-0.0,0.0,-1.0,0.0,0.0,0.0,0.0,0.0,0.0,0.0,0,1,1,0
281759108,281758060,0.0,-0.0,0.0,-1.0,0.0,0.0,0.0,0.0,0.0,0.0,0.0,0,1,1,0
282064863,282063272,0.0,-0.0,0.0,-1.0,0.0,0.0,0.0,0.0,0.0,0.0,0.0,0,1,1,0
282312656,282063272,0.0,-0.0,0.0,-1.0,0.0,0.0,0.0,0.0,0.0,0.0,0.0,0,1,1,0
282378613,282377646,0.0,-0.0,0.0,-1.0,0.0,0.0,0.0,0.0,0.0,0.0,0.0,0,1,1,0
282682853,282681891,0.0,-0.0,0.0,-1.0,0.0,0.0,0.0,0.0,0.0,0.0,0.0,0,1,1,0
282882869,282681891,0.0,-0.0,0.0,-1.0,0.0,0.0,0.0,0.0,0.0,0.0,0.0,0,1,1,0
282988049,282987029,0.0,-0.0,0.0,-1.0,0.0,0.0,0.0,0.0,0.0,0.0,0.0,0,1,1,0
283300912,283299940,0.0,-0.0,0.0,-1.0,0.0,0.0,0.0,0.0,0.0,0.0,0.0,0,1,1,0
283322649,283299940,0.0,-0.0,0.0,-1.0,0.0,0.0,0.0,0.0,0.0,0.0,0.0,0,1,1,0
283607437,283606417,0.0,-0.0,0.0,-1.0,0.0,0.0,0.0,0.0,0.0,0.0,0.0,0,1,1,0
283912375,283911411,0.0,-0.0,0.0,-1.0,0.0,0.0,0.0,0.0,0.0,0.0,0.0,0,1,1,0
284112390,283911411,0.0,-0.0,0.0,-1.0,0.0,0.0,0.0,0.0,0.0,0.0,0.0,0,1,1,0
284216933,284215510,0.0,-0.0,0.0,-1.0,0.0,0.0,0.0,0.0,0.0,0.0,0.0,0,1,1,0
284333766,284215510,0.0,-0.0,0.0,-1.0,0.0,0.0,0.0,0.0,0.0,0.0,0.0,0,1,1,0
284530231,284529266,0.0,-0.0,0.0,-1.0,0.0,0.0,0.0,0.0,0.0,0.0,0.0,0,1,1,0
284835556,284834475,0.0,-0.0,0.0,-1.0,0.0,0.0,0.0,0.0,0.0,0.0,0.0,0,1,1,0
285035572,284834475,0.0,-0.0,0.0,-1.0,0.0,0.0,0.0,0.0,0.0,0.0,0.0,0,1,1,0
285140334,285139372,0.0,-0.0,0.0,-1.0,0.0,0.0,0.0,0.0,0.0,0.0,0.0,0,1,1,0
285454360,285452988,0.0,-0.0,0.0,-1.0,0.0,0.0,0.0,0.0,0.0,0.0,0.0,0,1,1,0
285563053,285562033,0.0,-0.0,0.0,-1.0,0.0,0.0,0.0,0.0,0.0,0.0,0.0,0,1,1,0
285868802,285867838,0.0,-0.0,0.0,-1.0,0.0,0.0,0.0,0.0,0.0,0.0,0.0,0,1,1,0
286043402,286042440,0.0,-0.0,0.0,-1.0,0.0,0.0,0.0,0.0,0.0,0.0,0.0,0,1,1,0
286243417,286042440,0.0,-0.0,0.0,-1.0,0.0,0.0,0.0,0.0,0.0,0.0,0.0,0,1,1,0
286358055,286357033,0.0,-0.0,0.0,-1.0,0.0,0.0,0.0,0.0,0.0,0.0,0.0,0,1,1,0
286661858,286660889,0.0,-0.0,0.0,-1.0,0.0,0.0,0.0,0.0,0.0,0.0,0.0,0,1,1,0
286861873,286660889,0.0,-0.0,0.0,-1.0,0.0,0.0,0.0,0.0,0.0,0.0,0.0,0,1,1,0
286967235,286966260,0.0,-0.0,0.0,-1.0,0.0,0.0,0.0,0.0,0.0,0.0,0.0,0,1,1,0
287272848,287271886,0.0,-0.0,0.0,-1.0,0.0,0.0,0.0,0.0,0.0,0.0,0.0,0,1,1,0
287368315,287271886,0.0,-0.0,0.0,-1.0,0.0,0.0,0.0,0.0,0.0,0.0,0.0,0,1,1,0
287585983,287584944,0.0,-0.0,0.0,-1.0,0.0,0.0,0.0,0.0,0.0,0.0,0.0,0,1,1,0
287892026,287890978,0.0,-0.0,0.0,-1.0,0.0,0.0,0.0,0.0,0.0,0.0,0.0,0,1,1,0
288092042,287890978,0.0,-0.0,0.0,-1.0,0.0,0.0,0.0,0.0,0.0,0.0,0.0,0,1,1,0
288197437,288196411,0.0,-0.0,0.0,-1.0,0.0,0.0,0.0,0.0,0.0,0.0,0.0,0,1,1,0
288511815,288510829,0.0,-0.0,0.0,-1.0,0.0,0.0,0.0,0.0,0.0,0.0,0.0,0,1,1,0
288711830,288510829,0.0,-0.0,0.0,-1.0,0.0,0.0,0.0,0.0,0.0,0.0,0.0,0,1,1,0
288816870,288815558,0.0,-0.0,0.0,-1.0,0.0,0.0,0.0,0.0,0.0,0.0,0.0,0,1,1,0
289016913,288815558,0.0,-0.0,0.0,-1.0,0.0,0.0,0.0,0.0,0.0,0.0,0.0,0,1,1,0
289122027,289120987,0.0,-0.0,0.0,-1.0,0.0,0.0,0.0,0.0,0.0,0.0,0.0,0,1,1,0
289436966,289435579,0.0,-0.0,0.0,-1.0,0.0,0.0,0.0,0.0,0.0,0.0,0.0,0,1,1,0
289637026,289435579,0.0,-0.0,0.0,-1.0,0.0,0.0,0.0,0.0,0.0,0.0,0.0,0,1,1,0
289741859,289740887,0.0,-0.0,0.0,-1.0,0.0,0.0,0.0,0.0,0.0,0.0,0.0,0,1,1,0
290047241,290046278,0.0,-0.0,0.0,-1.0,0.0,0.0,0.0,0.0,0.0,0.0,0.0,0,1,1,0
290247255,290046278,0.0,-0.0,0.0,-1.0,0.0,0.0,0.0,0.0,0.0,0.0,0.0,0,1,1,0
290404313,290351422,0.0,-0.0,0.0,-1.0,0.0,0.0,0.0,0.0,0.0,0.0,0.0,0,1,1,0
290665716,290664752,0.0,-0.0,0.0,-1.0,0.0,0.0,0.0,0.0,0.0,0.0,0.0,0,1,1,0
290866114,290664752,0.0,-0.0,0.0,-1.0,0.0,0.0,0.0,0.0,0.0,0.0,0.0,0,1,1,0
290971814,290970830,0.0,-0.0,0.0,-1.0,0.0,0.0,0.0,0.0,0.0,0.0,0.0,0,1,1,0
291277325,291276284,0.0,-0.0,0.0,-1.0,0.0,0.0,0.0,0.0,0.0,0.0,0.0,0,1,1,0
291416139,291276284,0.0,-0.0,0.0,-1.0,0.0,0.0,0.0,0.0,0.0,0.0,0.0,0,1,1,0
291589617,291588653,0.0,-0.0,0.0,-1.0,0.0,0.0,0.0,0.0,0.0,0.0,0.0,0,1,1,0
291830069,291829093,0.0,-0.0,0.0,-1.0,0.0,0.0,0.0,0.0,0.0,0.0,0.0,0,1,1,0
292030149,291829093,0.0,-0.0,0.0,-1.0,0.0,0.0,0.0,0.0,0.0,0.0,0.0,0,1,1,0
292135597,292134617,0.0,-0.0,0.0,-1.0,0.0,0.0,0.0,0.0,0.0,0.0,0.0,0,1,1,0
292449123,292448059,0.0,-0.0,0.0,-1.0,0.0,0.0,0.0,0.0,0.0,0.0,0.0,0,1,1,0
292649224,292448059,0.0,-0.0,0.0,-1.0,0.0,0.0,0.0,0.0,0.0,0.0,0.0,0,1,1,0
292754807,292753650,0.0,-0.0,0.0,-1.0,0.0,0.0,0.0,0.0,0.0,0.0,0.0,0,1,1,0
293060356,293059393,0.0,-0.0,0.0,-1.0,0.0,0.0,0.0,0.0,0.0,0.0,0.0,0,1,1,0
293260371,293059393,0.0,-0.0,0.0,-1.0,0.0,0.0,0.0,0.0,0.0,0.0,0.0,0,1,1,0
293438771,293363666,0.0,-0.0,0.0,-1.0,0.0,0.0,0.0,0.0,0.0,0.0,0.0,0,1,1,0
293678219,293677232,0.0,-0.0,0.0,-1.0,0.0,0.0,0.0,0.0,0.0,0.0,0.0,0,1,1,0
293878238,293677232,0.0,-0.0,0.0,-1.0,0.0,0.0,0.0,0.0,0.0,0.0,0.0,0,1,1,0
293983608,293982645,0.0,-0.0,0.0,-1.0,0.0,0.0,0.0,0.0,0.0,0.0,0.0,0,1,1,0
294289511,294288455,0.0,-0.0,0.0,-1.0,0.0,0.0,0.0,0.0,0.0,0.0,0.0,0,1,1,0
294450552,294288455,0.0,-0.0,0.0,-1.0,0.0,0.0,0.0,0.0,0.0,0.0,0.0,0,1,1,0
294602723,294601742,0.0,-0.0,0.0,-1.0,0.0,0.0,0.0,0.0,0.0,0.0,0.0,0,1,1,0
294908631,294907647,0.0,-0.0,0.0,-1.0,0.0,0.0,0.0,0.0,0.0,0.0,0.0,0,1,1,0
295108647,294907647,0.0,-0.0,0.0,-1.0,0.0,0.0,0.0,0.0,0.0,0.0,0.0,0,1,1,0
295212727,295211746,0.0,-0.0,0.0,-1.0,0.0,0.0,0.0,0.0,0.0,0.0,0.0,0,1,1,0
295460715,295211746,0.0,-0.0,0.0,-1.0,0.0,0.0,0.0,0.0,0.0,0.0,0.0,0,1,1,0
295526891,295525297,0.0,-0.0,0.0,-1.0,0.0,0.0,0.0,0.0,0.0,0.0,0.0,0,1,1,0
295831858,295830893,0.0,-0.0,0.0,-1.0,0.0,0.0,0.0,0.0,0.0,0.0,0.0,0,1,1,0
296031873,295830893,0.0,-0.0,0.0,-1.0,0.0,0.0,0.0,0.0,0.0,0.0,0.0,0,1,1,0
296138145,296137179,0.0,-0.0,0.0,-1.0,0.0,0.0,0.0,0.0,0.0,0.0,0.0,0,1,1,0
296473415,296450843,0.0,-0.0,0.0,-1.0,0.0,0.0,0.0,0.0,0.0,0.0,0.0,0,1,1,0
296673431,296450843,0.0,-0.0,0.0,-1.0,0.0,0.0,0.0,0.0,0.0,0.0,0.0,0,1,1,0
296758140,296757175,0.0,-0.0,0.0,-1.0,0.0,0.0,0.0,0.0,0.0,0.0,0.0,0,1,1,0
297062857,297061894,0.0,-0.0,0.0,-1.0,0.0,0.0,0.0,0.0,0.0,0.0,0.0,0,1,1,0
297262872,297061894,0.0,-0.0,0.0,-1.0,0.0,0.0,0.0,0.0,0.0,0.0,0.0,0,1,1,0
297484320,297366277,0.0,-0.0,0.0,-1.0,0.0,0.0,0.0,0.0,0.0,0.0,0.0,0,1,1,0
297680154,297679102,0.0,-0.0,0.0,-1.0,0.0,0.0,0.0,0.0,0.0,0.0,0.0,0,1,1,0
297880200,297679102,0.0,-0.0,0.0,-1.0,0.0,0.0,0.0,0.0,0.0,0.0,0.0,0,1,1,0
297984892,297983726,0.0,-0.0,0.0,-1.0,0.0,0.0,0.0,0.0,0.0,0.0,0.0,0,1,1,0
298289619,298288655,0.0,-0.0,0.0,-1.0,0.0,0.0,0.0,0.0,0.0,0.0,0.0,0,1,1,0
298494600,298288655,0.0,-0.0,0.0,-1.0,0.0,0.0,0.0,0.0,0.0,0.0,0.0,0,1,1,0
298603619,298602653,0.0,-0.0,0.0,-1.0,0.0,0.0,0.0,0.0,0.0,0.0,0.0,0,1,1,0
298909114,298908055,0.0,-0.0,0.0,-1.0,0.0,0.0,0.0,0.0,0.0,0.0,0.0,0,1,1,0
299109128,298908055,0.0,-0.0,0.0,-1.0,0.0,0.0,0.0,0.0,0.0,0.0,0.0,0,1,1,0
299213447,299212473,0.0,-0.0,0.0,-1.0,0.0,0.0,0.0,0.0,0.0,0.0,0.0,0,1,1,0
299506199,299212473,0.0,-0.0,0.0,-1.0,0.0,0.0,0.0,0.0,0.0,0.0,0.0,0,1,1,0
299528303,299527332,0.0,-0.0,0.0,-1.0,0.0,0.0,0.0,0.0,0.0,0.0,0.0,0,1,1,0
299833051,299832087,0.0,-0.0,0.0,-1.0,0.0,0.0,0.0,0.0,0.0,0.0,0.0,0,1,1,0
300033066,299832087,0.0,-0.0,0.0,-1.0,0.0,0.0,0.0,0.0,0.0,0.0,0.0,0,1,1,0
300139121,300138063,0.0,-0.0,0.0,-1.0,0.0,0.0,0.0,0.0,0.0,0.0,0.0,0,1,1,0
300444931,300443435,0.0,-0.0,0.0,-1.0,0.0,0.0,0.0,0.0,0.0,0.0,0.0,0,1,1,0
300518406,300443435,0.0,-0.0,0.0,-1.0,0.0,0.0,0.0,0.0,0.0,0.0,0.0,0,1,1,0
300758796,300757797,0.0,-0.0,0.0,-1.0,0.0,0.0,0.0,0.0,0.0,0.0,0.0,0,1,1,0
301064730,301063459,0.0,-0.0,0.0,-1.0,0.0,0.0,0.0,0.0,0.0,0.0,0.0,0,1,1,0
301264745,301063459,0.0,-0.0,0.0,-1.0,0.0,0.0,0.0,0.0,0.0,0.0,0.0,0,1,1,0
301370366,301369403,0.0,-0.0,0.0,-1.0,0.0,0.0,0.0,0.0,0.0,0.0,0.0,0,1,1,0
301683380,301682417,0.0,-0.0,0.0,-1.0,0.0,0.0,0.0,0.0,0.0,0.0,0.0,0,1,1,0
301883396,301682417,0.0,-0.0,0.0,-1.0,0.0,0.0,0.0,0.0,0.0,0.0,0.0,0,1,1,0
301988544,301987551,0.0,-0.0,0.0,-1.0,0.0,0.0,0.0,0.0,0.0,0.0,0.0,0,1,1,0
302292905,302291927,0.0,-0.0,0.0,-1.0,0.0,0.0,0.0,0.0,0.0,0.0,0.0,0,1,1,0
302492920,302291927,0.0,-0.0,0.0,-1.0,0.0,0.0,0.0,0.0,0.0,0.0,0.0,0,1,1,0
302606451,302605314,0.0,-0.0,0.0,-1.0,0.0,0.0,0.0,0.0,0.0,0.0,0.0,0,1,1,0
302911454,302910168,0.0,-0.0,0.0,-1.0,0.0,0.0,0.0,0.0,0.0,0.0,0.0,0,1,1,0
303111490,302910168,0.0,-0.0,0.0,-1.0,0.0,0.0,0.0,0.0,0.0,0.0,0.0,0,1,1,0
303216470,303215455,0.0,-0.0,0.0,-1.0,0.0,0.0,0.0,0.0,0.0,0.0,0.0,0,1,1,0
303416489,303215455,0.0,-0.0,0.0,-1.0,0.0,0.0,0.0,0.0,0.0,0.0,0.0,0,1,1,0
303551280,303528652,0.0,-0.0,0.0,-1.0,0.0,0.0,0.0,0.0,0.0,0.0,0.0,0,1,1,0
303834711,303833659,0.0,-0.0,0.0,-1.0,0.0,0.0,0.0,0.0,0.0,0.0,0.0,0,1,1,0
304034732,303833659,0.0,-0.0,0.0,-1.0,0.0,0.0,0.0,0.0,0.0,0.0,0.0,0,1,1,0
304140854,304139792,0.0,-0.0,0.0,-1.0,0.0,0.0,0.0,0.0,0.0,0.0,0.0,0,1,1,0
304446924,304445165,0.0,-0.0,0.0,-1.0,0.0,0.0,0.0,0.0,0.0,0.0,0.0,0,1,1,0
304564314,304445165,0.0,-0.0,0.0,-1.0,0.0,0.0,0.0,0.0,0.0,0.0,0.0,0,1,1,0
304760403,304759406,0.0,-0.0,0.0,-1.0,0.0,0.0,0.0,0.0,0.0,0.0,0.0,0,1,1,0
305066891,305065501,0.0,-0.0,0.0,-1.0,0.0,0.0,0.0,0.0,0.0,0.0,0.0,0,1,1,0
305266908,305065501,0.0,-0.0,0.0,-1.0,0.0,0.0,0.0,0.0,0.0,0.0,0.0,0,1,1,0
305371814,305370830,0.0,-0.0,0.0,-1.0,0.0,0.0,0.0,0.0,0.0,0.0,0.0,0,1,1,0
305685608,305684615,0.0,-0.0,0.0,-1.0,0.0,0.0,0.0,0.0,0.0,0.0,0.0,0,1,1,0
305885623,305684615,0.0,-0.0,0.0,-1.0,0.0,0.0,0.0,0.0,0.0,0.0,0.0,0,1,1,0
305990341,305989379,0.0,-0.0,0.0,-1.0,0.0,0.0,0.0,0.0,0.0,0.0,0.0,0,1,1,0
306294878,306293375,0.0,-0.0,0.0,-1.0,0.0,0.0,0.0,0.0,0.0,0.0,0.0,0,1,1,0
306494893,306293375,0.0,-0.0,0.0,-1.0,0.0,0.0,0.0,0.0,0.0,0.0,0.0,0,1,1,0
306608632,306607653,0.0,-0.0,0.0,-1.0,0.0,0.0,0.0,0.0,0.0,0.0,0.0,0,1,1,0
306914726,306913272,0.0,-0.0,0.0,-1.0,0.0,0.0,0.0,0.0,0.0,0.0,0.0,0,1,1,0
307114742,306913272,0.0,-0.0,0.0,-1.0,0.0,0.0,0.0,0.0,0.0,0.0,0.0,0,1,1,0
307219526,307218349,0.0,-0.0,0.0,-1.0,0.0,0.0,0.0,0.0,0.0,0.0,0.0,0,1,1,0
307419542,307218349,0.0,-0.0,0.0,-1.0,0.0,0.0,0.0,0.0,0.0,0.0,0.0,0,1,1,0
307600051,307524725,0.0,-0.0,0.0,-1.0,0.0,0.0,0.0,0.0,0.0,0.0,0.0,0,1,1,0
307840365,307839401,0.0,-0.0,0.0,-1.0,0.0,0.0,0.0,0.0,0.0,0.0,0.0,0,1,1,0
308040380,307839401,0.0,-0.0,0.0,-1.0,0.0,0.0,0.0,0.0,0.0,0.0,0.0,0,1,1,0
308146024,308144852,0.0,-0.0,0.0,-1.0,0.0,0.0,0.0,0.0,0.0,0.0,0.0,0,1,1,0
308450346,308449384,0.0,-0.0,0.0,-1.0,0.0,0.0,0.0,0.0,0.0,0.0,0.0,0,1,1,0
308611116,308449384,0.0,-0.0,0.0,-1.0,0.0,0.0,0.0,0.0,0.0,0.0,0.0,0,1,1,0
308763455,308762442,0.0,-0.0,0.0,-1.0,0.0,0.0,0.0,0.0,0.0,0.0,0.0,0,1,1,0
309068730,309067669,0.0,-0.0,0.0,-1.0,0.0,0.0,0.0,0.0,0.0,0.0,0.0,0,1,1,0
309268795,309067669,0.0,-0.0,0.0,-1.0,0.0,0.0,0.0,0.0,0.0,0.0,0.0,0,1,1,0
309373623,309372661,0.0,-0.0,0.0,-1.0,0.0,0.0,0.0,0.0,0.0,0.0,0.0,0,1,1,0
309687437,309686415,0.0,-0.0,0.0,-1.0,0.0,0.0,0.0,0.0,0.0,0.0,0.0,0,1,1,0
309887455,309686415,0.0,-0.0,0.0,-1.0,0.0,0.0,0.0,0.0,0.0,0.0,0.0,0,1,1,0
309993054,309992035,0.0,-0.0,0.0,-1.0,0.0,0.0,0.0,0.0,0.0,0.0,0.0,0,1,1,0
310297717,310296739,0.0,-0.0,0.0,-1.0,0.0,0.0,0.0,0.0,0.0,0.0,0.0,0,1,1,0
310497739,310296739,0.0,-0.0,0.0,-1.0,0.0,0.0,0.0,0.0,0.0,0.0,0.0,0,1,1,0
310633222,310610575,0.0,-0.0,0.0,-1.0,0.0,0.0,0.0,0.0,0.0,0.0,0.0,0,1,1,0
310833238,310610575,0.0,-0.0,0.0,-1.0,0.0,0.0,0.0,0.0,0.0,0.0,0.0,0,1,1,0
311117455,310916430,0.0,-0.0,0.0,-1.0,0.0,0.0,0.0,0.0,0.0,0.0,0.0,0,1,1,0
311222006,311220980,0.0,-0.0,0.0,-1.0,0.0,0.0,0.0,0.0,0.0,0.0,0.0,0,1,1,0
311422021,311220980,0.0,-0.0,0.0,-1.0,0.0,0.0,0.0,0.0,0.0,0.0,0.0,0,1,1,0
311644868,311526738,0.0,-0.0,0.0,-1.0,0.0,0.0,0.0,0.0,0.0,0.0,0.0,0,1,1,0
311840716,311839748,0.0,-0.0,0.0,-1.0,0.0,0.0,0.0,0.0,0.0,0.0,0.0,0,1,1,0
312040831,311839748,0.0,-0.0,0.0,-1.0,0.0,0.0,0.0,0.0,0.0,0.0,0.0,0,1,1,0
312145992,312144970,0.0,-0.0,0.0,-1.0,0.0,0.0,0.0,0.0,0.0,0.0,0.0,0,1,1,0
312451822,312450837,0.0,-0.0,0.0,-1.0,0.0,0.0,0.0,0.0,0.0,0.0,0.0,0,1,1,0
312656901,312450837,0.0,-0.0,0.0,-1.0,0.0,0.0,0.0,0.0,0.0,0.0,0.0,0,1,1,0
312765629,312764660,0.0,-0.0,0.0,-1.0,0.0,0.0,0.0,0.0,0.0,0.0,0.0,0,1,1,0
313070341,313069379,0.0,-0.0,0.0,-1.0,0.0,0.0,0.0,0.0,0.0,0.0,0.0,0,1,1,0
313270356,313069379,0.0,-0.0,0.0,-1.0,0.0,0.0,0.0,0.0,0.0,0.0,0.0,0,1,1,0
313375641,313374642,0.0,-0.0,0.0,-1.0,0.0,0.0,0.0,0.0,0.0,0.0,0.0,0,1,1,0
313689167,313688100,0.0,-0.0,0.0,-1.0,0.0,0.0,0.0,0.0,0.0,0.0,0.0,0,1,1,0
313798340,313797377,0.0,-0.0,0.0,-1.0,0.0,0.0,0.0,0.0,0.0,0.0,0.0,0,1,1,0
314102726,314101746,0.0,-0.0,0.0,-1.0,0.0,0.0,0.0,0.0,0.0,0.0,0.0,0,1,1,0
314302742,314101746,0.0,-0.0,0.0,-1.0,0.0,0.0,0.0,0.0,0.0,0.0,0.0,0,1,1,0
314408632,314407646,0.0,-0.0,0.0,-1.0,0.0,0.0,0.0,0.0,0.0,0.0,0.0,0,1,1,0
314678464,314407646,0.0,-0.0,0.0,-1.0,0.0,0.0,0.0,0.0,0.0,0.0,0.0,0,1,1,0
314722024,314720974,0.0,-0.0,0.0,-1.0,0.0,0.0,0.0,0.0,0.0,0.0,0.0,0,1,1,0
315027436,315026415,0.0,-0.0,0.0,-1.0,0.0,0.0,0.0,0.0,0.0,0.0,0.0,0,1,1,0
315227450,315026415,0.0,-0.0,0.0,-1.0,0.0,0.0,0.0,0.0,0.0,0.0,0.0,0,1,1,0
315332025,315330972,0.0,-0.0,0.0,-1.0,0.0,0.0,0.0,0.0,0.0,0.0,0.0,0,1,1,0
315688780,315636421,0.0,-0.0,0.0,-1.0,0.0,0.0,0.0,0.0,0.0,0.0,0.0,0,1,1,0
315888795,315636421,0.0,-0.0,0.0,-1.0,0.0,0.0,0.0,0.0,0.0,0.0,0.0,0,1,1,0
315950348,315949386,0.0,-0.0,0.0,-1.0,0.0,0.0,0.0,0.0,0.0,0.0,0.0,0,1,1,0
316255575,316254609,0.0,-0.0,0.0,-1.0,0.0,0.0,0.0,0.0,0.0,0.0,0.0,0,1,1,0
316455590,316254609,0.0,-0.0,0.0,-1.0,0.0,0.0,0.0,0.0,0.0,0.0,0.0,0,1,1,0
316701429,316560834,0.0,-0.0,0.0,-1.0,0.0,0.0,0.0,0.0,0.0,0.0,0.0,0,1,1,0
316875561,316874500,0.0,-0.0,0.0,-1.0,0.0,0.0,0.0,0.0,0.0,0.0,0.0,0,1,1,0
317075576,316874500,0.0,-0.0,0.0,-1.0,0.0,0.0,0.0,0.0,0.0,0.0,0.0,0,1,1,0
317180648,317179685,0.0,-0.0,0.0,-1.0,0.0,0.0,0.0,0.0,0.0,0.0,0.0,0,1,1,0
317486896,317485295,0.0,-0.0,0.0,-1.0,0.0,0.0,0.0,0.0,0.0,0.0,0.0,0,1,1,0
317713175,317485295,0.0,-0.0,0.0,-1.0,0.0,0.0,0.0,0.0,0.0,0.0,0.0,0,1,1,0
317800704,317799716,0.0,-0.0,0.0,-1.0,0.0,0.0,0.0,0.0,0.0,0.0,0.0,0,1,1,0
318105557,318104508,0.0,-0.0,0.0,-1.0,0.0,0.0,0.0,0.0,0.0,0.0,0.0,0,1,1,0
318305572,318104508,0.0,-0.0,0.0,-1.0,0.0,0.0,0.0,0.0,0.0,0.0,0.0,0,1,1,0
318410699,318409717,0.0,-0.0,0.0,-1.0,0.0,0.0,0.0,0.0,0.0,0.0,0.0,0,1,1,0
318610719,318409717,0.0,-0.0,0.0,-1.0,0.0,0.0,0.0,0.0,0.0,0.0,0.0,0,1,1,0
318724766,318723267,0.0,-0.0,0.0,-1.0,0.0,0.0,0.0,0.0,0.0,0.0,0.0,0,1,1,0
319030353,319029383,0.0,-0.0,0.0,-1.0,0.0,0.0,0.0,0.0,0.0,0.0,0.0,0,1,1,0
319230392,319029383,0.0,-0.0,0.0,-1.0,0.0,0.0,0.0,0.0,0.0,0.0,0.0,0,1,1,0
319335615,319334645,0.0,-0.0,0.0,-1.0,0.0,0.0,0.0,0.0,0.0,0.0,0.0,0,1,1,0
319641451,319640435,0.0,-0.0,0.0,-1.0,0.0,0.0,0.0,0.0,0.0,0.0,0.0,0,1,1,0
319737436,319640435,0.0,-0.0,0.0,-1.0,0.0,0.0,0.0,0.0,0.0,0.0,0.0,0,1,1,0
319954877,319953512,0.0,-0.0,0.0,-1.0,0.0,0.0,0.0,0.0,0.0,0.0,0.0,0,1,1,0
320260698,320259715,0.0,-0.0,0.0,-1.0,0.0,0.0,0.0,0.0,0.0,0.0,0.0,0,1,1,0
320460718,320259715,0.0,-0.0,0.0,-1.0,0.0,0.0,0.0,0.0,0.0,0.0,0.0,0,1,1,0
320566891,320565292,0.0,-0.0,0.0,-1.0,0.0,0.0,0.0,0.0,0.0,0.0,0.0,0,1,1,0
320879763,320878798,0.0,-0.0,0.0,-1.0,0.0,0.0,0.0,0.0,0.0,0.0,0.0,0,1,1,0
321079820,320878798,0.0,-0.0,0.0,-1.0,0.0,0.0,0.0,0.0,0.0,0.0,0.0,0,1,1,0
321185561,321184510,0.0,-0.0,0.0,-1.0,0.0,0.0,0.0,0.0,0.0,0.0,0.0,0,1,1,0
321490374,321489403,0.0,-0.0,0.0,-1.0,0.0,0.0,0.0,0.0,0.0,0.0,0.0,0,1,1,0
321690389,321489403,0.0,-0.0,0.0,-1.0,0.0,0.0,0.0,0.0,0.0,0.0,0.0,0,1,1,0
321803630,321802650,0.0,-0.0,0.0,-1.0,0.0,0.0,0.0,0.0,0.0,0.0,0.0,0,1,1,0
322109536,322108570,0.0,-0.0,0.0,-1.0,0.0,0.0,0.0,0.0,0.0,0.0,0.0,0,1,1,0
322309551,322108570,0.0,-0.0,0.0,-1.0,0.0,0.0,0.0,0.0,0.0,0.0,0.0,0,1,1,0
322414708,322413460,0.0,-0.0,0.0,-1.0,0.0,0.0,0.0,0.0,0.0,0.0,0.0,0,1,1,0
322614723,322413460,0.0,-0.0,0.0,-1.0,0.0,0.0,0.0,0.0,0.0,0.0,0.0,0,1,1,0
322772236,322719095,0.0,-0.0,0.0,-1.0,0.0,0.0,0.0,0.0,0.0,0.0,0.0,0,1,1,0
323034947,323033501,0.0,-0.0,0.0,-1.0,0.0,0.0,0.0,0.0,0.0,0.0,0.0,0,1,1,0
323234962,323033501,0.0,-0.0,0.0,-1.0,0.0,0.0,0.0,0.0,0.0,0.0,0.0,0,1,1,0
323340697,323339716,0.0,-0.0,0.0,-1.0,0.0,0.0,0.0,0.0,0.0,0.0,0.0,0,1,1,0
323644741,323643645,0.0,-0.0,0.0,-1.0,0.0,0.0,0.0,0.0,0.0,0.0,0.0,0,1,1,0
323782676,323643645,0.0,-0.0,0.0,-1.0,0.0,0.0,0.0,0.0,0.0,0.0,0.0,0,1,1,0
323958199,323957218,0.0,-0.0,0.0,-1.0,0.0,0.0,0.0,0.0,0.0,0.0,0.0,0,1,1,0
324263637,324262657,0.0,-0.0,0.0,-1.0,0.0,0.0,0.0,0.0,0.0,0.0,0.0,0,1,1,0
324463653,324262657,0.0,-0.0,0.0,-1.0,0.0,0.0,0.0,0.0,0.0,0.0,0.0,0,1,1,0
324569761,324568797,0.0,-0.0,0.0,-1.0,0.0,0.0,0.0,0.0,0.0,0.0,0.0,0,1,1,0
324883080,324882089,0.0,-0.0,0.0,-1.0,0.0,0.0,0.0,0.0,0.0,0.0,0.0,0,1,1,0
325083095,324882089,0.0,-0.0,0.0,-1.0,0.0,0.0,0.0,0.0,0.0,0.0,0.0,0,1,1,0
325187438,325186454,0.0,-0.0,0.0,-1.0,0.0,0.0,0.0,0.0,0.0,0.0,0.0,0,1,1,0
325491450,325490431,0.0,-0.0,0.0,-1.0,0.0,0.0,0.0,0.0,0.0,0.0,0.0,0,1,1,0
325691489,325490431,0.0,-0.0,0.0,-1.0,0.0,0.0,0.0,0.0,0.0,0.0,0.0,0,1,1,0
325805307,325804340,0.0,-0.0,0.0,-1.0,0.0,0.0,0.0,0.0,0.0,0.0,0.0,0,1,1,0
326110697,326109716,0.0,-0.0,0.0,-1.0,0.0,0.0,0.0,0.0,0.0,0.0,0.0,0,1,1,0
326310715,326109716,0.0,-0.0,0.0,-1.0,0.0,0.0,0.0,0.0,0.0,0.0,0.0,0,1,1,0
326417445,326416454,0.0,-0.0,0.0,-1.0,0.0,0.0,0.0,0.0,0.0,0.0,0.0,0,1,1,0
326617460,326416454,0.0,-0.0,0.0,-1.0,0.0,0.0,0.0,0.0,0.0,0.0,0.0,0,1,1,0
326817856,326721408,0.0,-0.0,0.0,-1.0,0.0,0.0,0.0,0.0,0.0,0.0,0.0,0,1,1,0
327034709,327033659,0.0,-0.0,0.0,-1.0,0.0,0.0,0.0,0.0,0.0,0.0,0.0,0,1,1,0
327234724,327033659,0.0,-0.0,0.0,-1.0,0.0,0.0,0.0,0.0,0.0,0.0,0.0,0,1,1,0
327339653,327338688,0.0,-0.0,0.0,-1.0,0.0,0.0,0.0,0.0,0.0,0.0,0.0,0,1,1,0
327642860,327641895,0.0,-0.0,0.0,-1.0,0.0,0.0,0.0,0.0,0.0,0.0,0.0,0,1,1,0
327826445,327641895,0.0,-0.0,0.0,-1.0,0.0,0.0,0.0,0.0,0.0,0.0,0.0,0,1,1,0
327957437,327956412,0.0,-0.0,0.0,-1.0,0.0,0.0,0.0,0.0,0.0,0.0,0.0,0,1,1,0
328262372,328261409,0.0,-0.0,0.0,-1.0,0.0,0.0,0.0,0.0,0.0,0.0,0.0,0,1,1,0
328462387,328261409,0.0,-0.0,0.0,-1.0,0.0,0.0,0.0,0.0,0.0,0.0,0.0,0,1,1,0
328568201,328567196,0.0,-0.0,0.0,-1.0,0.0,0.0,0.0,0.0,0.0,0.0,0.0,0,1,1,0
328882026,328880970,0.0,-0.0,0.0,-1.0,0.0,0.0,0.0,0.0,0.0,0.0,0.0,0,1,1,0
329082041,328880970,0.0,-0.0,0.0,-1.0,0.0,0.0,0.0,0.0,0.0,0.0,0.0,0,1,1,0
329188058,329186959,0.0,-0.0,0.0,-1.0,0.0,0.0,0.0,0.0,0.0,0.0,0.0,0,1,1,0
329492659,329491610,0.0,-0.0,0.0,-1.0,0.0,0.0,0.0,0.0,0.0,0.0,0.0,0,1,1,0
329692674,329491610,0.0,-0.0,0.0,-1.0,0.0,0.0,0.0,0.0,0.0,0.0,0.0,0,1,1,0
329850923,329797509,0.0,-0.0,0.0,-1.0,0.0,0.0,0.0,0.0,0.0,0.0,0.0,0,1,1,0
330113394,330112428,0.0,-0.0,0.0,-1.0,0.0,0.0,0.0,0.0,0.0,0.0,0.0,0,1,1,0
330313410,330112428,0.0,-0.0,0.0,-1.0,0.0,0.0,0.0,0.0,0.0,0.0,0.0,0,1,1,0
330418786,330417822,0.0,-0.0,0.0,-1.0,0.0,0.0,0.0,0.0,0.0,0.0,0.0,0,1,1,0
330618803,330417822,0.0,-0.0,0.0,-1.0,0.0,0.0,0.0,0.0,0.0,0.0,0.0,0,1,1,0
330862726,330723296,0.0,-0.0,0.0,-1.0,0.0,0.0,0.0,0.0,0.0,0.0,0.0,0,1,1,0
331037310,331036260,0.0,-0.0,0.0,-1.0,0.0,0.0,0.0,0.0,0.0,0.0,0.0,0,1,1,0
331237326,331036260,0.0,-0.0,0.0,-1.0,0.0,0.0,0.0,0.0,0.0,0.0,0.0,0,1,1,0
331342375,331341411,0.0,-0.0,0.0,-1.0,0.0,0.0,0.0,0.0,0.0,0.0,0.0,0,1,1,0
331647269,331646304,0.0,-0.0,0.0,-1.0,0.0,0.0,0.0,0.0,0.0,0.0,0.0,0,1,1,0
331874392,331646304,0.0,-0.0,0.0,-1.0,0.0,0.0,0.0,0.0,0.0,0.0,0.0,0,1,1,0
331961818,331960830,0.0,-0.0,0.0,-1.0,0.0,0.0,0.0,0.0,0.0,0.0,0.0,0,1,1,0
332267856,332266885,0.0,-0.0,0.0,-1.0,0.0,0.0,0.0,0.0,0.0,0.0,0.0,0,1,1,0
332467872,332266885,0.0,-0.0,0.0,-1.0,0.0,0.0,0.0,0.0,0.0,0.0,0.0,0,1,1,0
332572909,332571930,0.0,-0.0,0.0,-1.0,0.0,0.0,0.0,0.0,0.0,0.0,0.0,0,1,1,0
332885575,332884610,0.0,-0.0,0.0,-1.0,0.0,0.0,0.0,0.0,0.0,0.0,0.0,0,1,1,0
333085592,332884610,0.0,-0.0,0.0,-1.0,0.0,0.0,0.0,0.0,0.0,0.0,0.0,0,1,1,0
333189776,333188760,0.0,-0.0,0.0,-1.0,0.0,0.0,0.0,0.0,0.0,0.0,0.0,0,1,1,0
333494842,333493267,0.0,-0.0,0.0,-1.0,0.0,0.0,0.0,0.0,0.0,0.0,0.0,0,1,1,0
333694857,333493267,0.0,-0.0,0.0,-1.0,0.0,0.0,0.0,0.0,0.0,0.0,0.0,0,1,1,0
333894527,333798652,0.0,-0.0,0.0,-1.0,0.0,0.0,0.0,0.0,0.0,0.0,0.0,0,1,1,0
334112400,334111312,0.0,-0.0,0.0,-1.0,0.0,0.0,0.0,0.0,0.0,0.0,0.0,0,1,1,0
334312414,334111312,0.0,-0.0,0.0,-1.0,0.0,0.0,0.0,0.0,0.0,0.0,0.0,0,1,1,0
334418783,334417651,0.0,-0.0,0.0,-1.0,0.0,0.0,0.0,0.0,0.0,0.0,0.0,0,1,1,0
334618798,334417651,0.0,-0.0,0.0,-1.0,0.0,0.0,0.0,0.0,0.0,0.0,0.0,0,1,1,0
334908703,334723048,0.0,-0.0,0.0,-1.0,0.0,0.0,0.0,0.0,0.0,0.0,0.0,0,1,1,0
335040154,335039099,0.0,-0.0,0.0,-1.0,0.0,0.0,0.0,0.0,0.0,0.0,0.0,0,1,1,0
335240202,335039099,0.0,-0.0,0.0,-1.0,0.0,0.0,0.0,0.0,0.0,0.0,0.0,0,1,1,0
335344733,335343501,0.0,-0.0,0.0,-1.0,0.0,0.0,0.0,0.0,0.0,0.0,0.0,0,1,1,0
335650856,335649791,0.0,-0.0,0.0,-1.0,0.0,0.0,0.0,0.0,0.0,0.0,0.0,0,1,1,0
335850872,335649791,0.0,-0.0,0.0,-1.0,0.0,0.0,0.0,0.0,0.0,0.0,0.0,0,1,1,0
335964865,335963368,0.0,-0.0,0.0,-1.0,0.0,0.0,0.0,0.0,0.0,0.0,0.0,0,1,1,0
336269109,336268079,0.0,-0.0,0.0,-1.0,0.0,0.0,0.0,0.0,0.0,0.0,0.0,0,1,1,0
336469124,336268079,0.0,-0.0,0.0,-1.0,0.0,0.0,0.0,0.0,0.0,0.0,0.0,0,1,1,0
336573674,336572674,0.0,-0.0,0.0,-1.0,0.0,0.0,0.0,0.0,0.0,0.0,0.0,0,1,1,0
336879528,336878476,0.0,-0.0,0.0,-1.0,0.0,0.0,0.0,0.0,0.0,0.0,0.0,0,1,1,0
336930947,336878476,0.0,-0.0,0.0,-1.0,0.0,0.0,0.0,0.0,0.0,0.0,0.0,0,1,1,0
337192375,337191412,0.0,-0.0,0.0,-1.0,0.0,0.0,0.0,0.0,0.0,0.0,0.0,0,1,1,0
337498208,337497223,0.0,-0.0,0.0,-1.0,0.0,0.0,0.0,0.0,0.0,0.0,0.0,0,1,1,0
337698238,337497223,0.0,-0.0,0.0,-1.0,0.0,0.0,0.0,0.0,0.0,0.0,0.0,0,1,1,0
337803386,337802423,0.0,-0.0,0.0,-1.0,0.0,0.0,0.0,0.0,0.0,0.0,0.0,0,1,1,0
337942878,337802423,0.0,-0.0,0.0,-1.0,0.0,0.0,0.0,0.0,0.0,0.0,0.0,0,1,1,0
338118061,338117069,0.0,-0.0,0.0,-1.0,0.0,0.0,0.0,0.0,0.0,0.0,0.0,0,1,1,0
338422727,338421752,0.0,-0.0,0.0,-1.0,0.0,0.0,0.0,0.0,0.0,0.0,0.0,0,1,1,0
338622743,338421752,0.0,-0.0,0.0,-1.0,0.0,0.0,0.0,0.0,0.0,0.0,0.0,0,1,1,0
338793472,338792510,0.0,-0.0,0.0,-1.0,0.0,0.0,0.0,0.0,0.0,0.0,0.0,0,1,1,0
339108475,339107509,0.0,-0.0,0.0,-1.0,0.0,0.0,0.0,0.0,0.0,0.0,0.0,0,1,1,0
339308490,339107509,0.0,-0.0,0.0,-1.0,0.0,0.0,0.0,0.0,0.0,0.0,0.0,0,1,1,0
339414561,339413064,0.0,-0.0,0.0,-1.0,0.0,0.0,0.0,0.0,0.0,0.0,0.0,0,1,1,0
339614575,339413064,0.0,-0.0,0.0,-1.0,0.0,0.0,0.0,0.0,0.0,0.0,0.0,0,1,1,0
339720411,339719431,0.0,-0.0,0.0,-1.0,0.0,0.0,0.0,0.0,0.0,0.0,0.0,0,1,1,0
340033396,340032433,0.0,-0.0,0.0,-1.0,0.0,0.0,0.0,0.0,0.0,0.0,0.0,0,1,1,0
340233411,340032433,0.0,-0.0,0.0,-1.0,0.0,0.0,0.0,0.0,0.0,0.0,0.0,0,1,1,0
340339113,340338060,0.0,-0.0,0.0,-1.0,0.0,0.0,0.0,0.0,0.0,0.0,0.0,0,1,1,0
340644535,340642999,0.0,-0.0,0.0,-1.0,0.0,0.0,0.0,0.0,0.0,0.0,0.0,0,1,1,0
340844549,340642999,0.0,-0.0,0.0,-1.0,0.0,0.0,0.0,0.0,0.0,0.0,0.0,0,1,1,0
340979519,340948447,0.0,-0.0,0.0,-1.0,0.0,0.0,0.0,0.0,0.0,0.0,0.0,0,1,1,0
341262026,341261028,0.0,-0.0,0.0,-1.0,0.0,0.0,0.0,0.0,0.0,0.0,0.0,0,1,1,0
341462042,341261028,0.0,-0.0,0.0,-1.0,0.0,0.0,0.0,0.0,0.0,0.0,0.0,0,1,1,0
341567449,341566417,0.0,-0.0,0.0,-1.0,0.0,0.0,0.0,0.0,0.0,0.0,0.0,0,1,1,0
341873735,341872656,0.0,-0.0,0.0,-1.0,0.0,0.0,0.0,0.0,0.0,0.0,0.0,0,1,1,0
341991681,341872656,0.0,-0.0,0.0,-1.0,0.0,0.0,0.0,0.0,0.0,0.0,0.0,0,1,1,0
342188107,342187133,0.0,-0.0,0.0,-1.0,0.0,0.0,0.0,0.0,0.0,0.0,0.0,0,1,1,0
342492400,342491416,0.0,-0.0,0.0,-1.0,0.0,0.0,0.0,0.0,0.0,0.0,0.0,0,1,1,0
342692415,342491416,0.0,-0.0,0.0,-1.0,0.0,0.0,0.0,0.0,0.0,0.0,0.0,0,1,1,0
342797313,342796260,0.0,-0.0,0.0,-1.0,0.0,0.0,0.0,0.0,0.0,0.0,0.0,0,1,1,0
343111814,343110833,0.0,-0.0,0.0,-1.0,0.0,0.0,0.0,0.0,0.0,0.0,0.0,0,1,1,0
343311829,343110833,0.0,-0.0,0.0,-1.0,0.0,0.0,0.0,0.0,0.0,0.0,0.0,0,1,1,0
343418342,343417378,0.0,-0.0,0.0,-1.0,0.0,0.0,0.0,0.0,0.0,0.0,0.0,0,1,1,0
343618357,343417378,0.0,-0.0,0.0,-1.0,0.0,0.0,0.0,0.0,0.0,0.0,0.0,0,1,1,0
343723643,343722677,0.0,-0.0,0.0,-1.0,0.0,0.0,0.0,0.0,0.0,0.0,0.0,0,1,1,0
344036455,344035339,0.0,-0.0,0.0,-1.0,0.0,0.0,0.0,0.0,0.0,0.0,0.0,0,1,1,0
344236491,344035339,0.0,-0.0,0.0,-1.0,0.0,0.0,0.0,0.0,0.0,0.0,0.0,0,1,1,0
344340697,344339718,0.0,-0.0,0.0,-1.0,0.0,0.0,0.0,0.0,0.0,0.0,0.0,0,1,1,0
344646145,344645151,0.0,-0.0,0.0,-1.0,0.0,0.0,0.0,0.0,0.0,0.0,0.0,0,1,1,0
344846188,344645151,0.0,-0.0,0.0,-1.0,0.0,0.0,0.0,0.0,0.0,0.0,0.0,0,1,1,0
345024317,344949376,0.0,-0.0,0.0,-1.0,0.0,0.0,0.0,0.0,0.0,0.0,0.0,0,1,1,0
345263630,345262646,0.0,-0.0,0.0,-1.0,0.0,0.0,0.0,0.0,0.0,0.0,0.0,0,1,1,0
345463646,345262646,0.0,-0.0,0.0,-1.0,0.0,0.0,0.0,0.0,0.0,0.0,0.0,0,1,1,0
345569118,345568056,0.0,-0.0,0.0,-1.0,0.0,0.0,0.0,0.0,0.0,0.0,0.0,0,1,1,0
345874701,345873275,0.0,-0.0,0.0,-1.0,0.0,0.0,0.0,0.0,0.0,0.0,0.0,0,1,1,0
346100146,346099094,0.0,-0.0,0.0,-1.0,0.0,0.0,0.0,0.0,0.0,0.0,0.0,0,1,1,0
346300200,346099094,0.0,-0.0,0.0,-1.0,0.0,0.0,0.0,0.0,0.0,0.0,0.0,0,1,1,0
346405558,346404578,0.0,-0.0,0.0,-1.0,0.0,0.0,0.0,0.0,0.0,0.0,0.0,0,1,1,0
346710704,346709716,0.0,-0.0,0.0,-1.0,0.0,0.0,0.0,0.0,0.0,0.0,0.0,0,1,1,0
346910719,346709716,0.0,-0.0,0.0,-1.0,0.0,0.0,0.0,0.0,0.0,0.0,0.0,0,1,1,0
347046893,347015525,0.0,-0.0,0.0,-1.0,0.0,0.0,0.0,0.0,0.0,0.0,0.0,0,1,1,0
347246926,347015525,0.0,-0.0,0.0,-1.0,0.0,0.0,0.0,0.0,0.0,0.0,0.0,0,1,1,0
347329625,347328662,0.0,-0.0,0.0,-1.0,0.0,0.0,0.0,0.0,0.0,0.0,0.0,0,1,1,0
347634609,347632989,0.0,-0.0,0.0,-1.0,0.0,0.0,0.0,0.0,0.0,0.0,0.0,0,1,1,0
347834622,347632989,0.0,-0.0,0.0,-1.0,0.0,0.0,0.0,0.0,0.0,0.0,0.0,0,1,1,0
348056759,347937847,0.0,-0.0,0.0,-1.0,0.0,0.0,0.0,0.0,0.0,0.0,0.0,0,1,1,0
348252375,348251411,0.0,-0.0,0.0,-1.0,0.0,0.0,0.0,0.0,0.0,0.0,0.0,0,1,1,0
348452390,348251411,0.0,-0.0,0.0,-1.0,0.0,0.0,0.0,0.0,0.0,0.0,0.0,0,1,1,0
348558064,348557035,0.0,-0.0,0.0,-1.0,0.0,0.0,0.0,0.0,0.0,0.0,0.0,0,1,1,0
348861815,348860832,0.0,-0.0,0.0,-1.0,0.0,0.0,0.0,0.0,0.0,0.0,0.0,0,1,1,0
349066450,348860832,0.0,-0.0,0.0,-1.0,0.0,0.0,0.0,0.0,0.0,0.0,0.0,0,1,1,0
349174770,349173660,0.0,-0.0,0.0,-1.0,0.0,0.0,0.0,0.0,0.0,0.0,0.0,0,1,1,0
349479620,349478656,0.0,-0.0,0.0,-1.0,0.0,0.0,0.0,0.0,0.0,0.0,0.0,0,1,1,0
349679635,349478656,0.0,-0.0,0.0,-1.0,0.0,0.0,0.0,0.0,0.0,0.0,0.0,0,1,1,0
349784555,349782808,0.0,-0.0,0.0,-1.0,0.0,0.0,0.0,0.0,0.0,0.0,0.0,0,1,1,0
350098706,350097645,0.0,-0.0,0.0,-1.0,0.0,0.0,0.0,0.0,0.0,0.0,0.0,0,1,1,0
350298720,350097645,0.0,-0.0,0.0,-1.0,0.0,0.0,0.0,0.0,0.0,0.0,0.0,0,1,1,0
350403618,350402655,0.0,-0.0,0.0,-1.0,0.0,0.0,0.0,0.0,0.0,0.0,0.0,0,1,1,0
350709122,350708057,0.0,-0.0,0.0,-1.0,0.0,0.0,0.0,0.0,0.0,0.0,0.0,0,1,1,0
350909187,350708057,0.0,-0.0,0.0,-1.0,0.0,0.0,0.0,0.0,0.0,0.0,0.0,0,1,1,0
351088422,351013252,0.0,-0.0,0.0,-1.0,0.0,0.0,0.0,0.0,0.0,0.0,0.0,0,1,1,0
351288437,351013252,0.0,-0.0,0.0,-1.0,0.0,0.0,0.0,0.0,0.0,0.0,0.0,0,1,1,0
351329514,351328445,0.0,-0.0,0.0,-1.0,0.0,0.0,0.0,0.0,0.0,0.0,0.0,0,1,1,0
351633078,351632085,0.0,-0.0,0.0,-1.0,0.0,0.0,0.0,0.0,0.0,0.0,0.0,0,1,1,0
351833093,351632085,0.0,-0.0,0.0,-1.0,0.0,0.0,0.0,0.0,0.0,0.0,0.0,0,1,1,0
352099181,351937033,0.0,-0.0,0.0,-1.0,0.0,0.0,0.0,0.0,0.0,0.0,0.0,0,1,1,0
352251463,352250480,0.0,-0.0,0.0,-1.0,0.0,0.0,0.0,0.0,0.0,0.0,0.0,0,1,1,0
352451489,352250480,0.0,-0.0,0.0,-1.0,0.0,0.0,0.0,0.0,0.0,0.0,0.0,0,1,1,0
352556452,352555300,0.0,-0.0,0.0,-1.0,0.0,0.0,0.0,0.0,0.0,0.0,0.0,0,1,1,0
352862023,352860989,0.0,-0.0,0.0,-1.0,0.0,0.0,0.0,0.0,0.0,0.0,0.0,0,1,1,0
353109721,352860989,0.0,-0.0,0.0,-1.0,0.0,0.0,0.0,0.0,0.0,0.0,0.0,0,1,1,0
353174952,353173645,0.0,-0.0,0.0,-1.0,0.0,0.0,0.0,0.0,0.0,0.0,0.0,0,1,1,0
353480852,353479851,0.0,-0.0,0.0,-1.0,0.0,0.0,0.0,0.0,0.0,0.0,0.0,0,1,1,0
353680867,353479851,0.0,-0.0,0.0,-1.0,0.0,0.0,0.0,0.0,0.0,0.0,0.0,0,1,1,0
353786899,353785506,0.0,-0.0,0.0,-1.0,0.0,0.0,0.0,0.0,0.0,0.0,0.0,0,1,1,0
354092665,354091604,0.0,-0.0,0.0,-1.0,0.0,0.0,0.0,0.0,0.0,0.0,0.0,0,1,1,0
354123351,354091604,0.0,-0.0,0.0,-1.0,0.0,0.0,0.0,0.0,0.0,0.0,0.0,0,1,1,0
354406898,354405553,0.0,-0.0,0.0,-1.0,0.0,0.0,0.0,0.0,0.0,0.0,0.0,0,1,1,0
354711459,354710434,0.0,-0.0,0.0,-1.0,0.0,0.0,0.0,0.0,0.0,0.0,0.0,0,1,1,0
354911489,354710434,0.0,-0.0,0.0,-1.0,0.0,0.0,0.0,0.0,0.0,0.0,0.0,0,1,1,0
355016941,355015156,0.0,-0.0,0.0,-1.0,0.0,0.0,0.0,0.0,0.0,0.0,0.0,0,1,1,0
355134316,355015156,0.0,-0.0,0.0,-1.0,0.0,0.0,0.0,0.0,0.0,0.0,0.0,0,1,1,0
355330704,355329727,0.0,-0.0,0.0,-1.0,0.0,0.0,0.0,0.0,0.0,0.0,0.0,0,1,1,0
355636743,355635296,0.0,-0.0,0.0,-1.0,0.0,0.0,0.0,0.0,0.0,0.0,0.0,0,1,1,0
355836880,355635296,0.0,-0.0,0.0,-1.0,0.0,0.0,0.0,0.0,0.0,0.0,0.0,0,1,1,0
355941820,355940847,0.0,-0.0,0.0,-1.0,0.0,0.0,0.0,0.0,0.0,0.0,0.0,0,1,1,0
356255716,356254753,0.0,-0.0,0.0,-1.0,0.0,0.0,0.0,0.0,0.0,0.0,0.0,0,1,1,0
356456127,356254753,0.0,-0.0,0.0,-1.0,0.0,0.0,0.0,0.0,0.0,0.0,0.0,0,1,1,0
356561814,356560841,0.0,-0.0,0.0,-1.0,0.0,0.0,0.0,0.0,0.0,0.0,0.0,0,1,1,0
356866898,356865496,0.0,-0.0,0.0,-1.0,0.0,0.0,0.0,0.0,0.0,0.0,0.0,0,1,1,0
357066966,356865496,0.0,-0.0,0.0,-1.0,0.0,0.0,0.0,0.0,0.0,0.0,0.0,0,1,1,0
357180362,357179398,0.0,-0.0,0.0,-1.0,0.0,0.0,0.0,0.0,0.0,0.0,0.0,0,1,1,0
357484931,357483464,0.0,-0.0,0.0,-1.0,0.0,0.0,0.0,0.0,0.0,0.0,0.0,0,1,1,0
357684946,357483464,0.0,-0.0,0.0,-1.0,0.0,0.0,0.0,0.0,0.0,0.0,0.0,0,1,1,0
357790417,357789432,0.0,-0.0,0.0,-1.0,0.0,0.0,0.0,0.0,0.0,0.0,0.0,0,1,1,0
358095577,358094615,0.0,-0.0,0.0,-1.0,0.0,0.0,0.0,0.0,0.0,0.0,0.0,0,1,1,0
358170052,358094615,0.0,-0.0,0.0,-1.0,0.0,0.0,0.0,0.0,0.0,0.0,0.0,0,1,1,0
358410702,358409734,0.0,-0.0,0.0,-1.0,0.0,0.0,0.0,0.0,0.0,0.0,0.0,0,1,1,0
358716967,358715321,0.0,-0.0,0.0,-1.0,0.0,0.0,0.0,0.0,0.0,0.0,0.0,0,1,1,0
358917029,358715321,0.0,-0.0,0.0,-1.0,0.0,0.0,0.0,0.0,0.0,0.0,0.0,0,1,1,0
359022853,359021891,0.0,-0.0,0.0,-1.0,0.0,0.0,0.0,0.0,0.0,0.0,0.0,0,1,1,0
359184466,359021891,0.0,-0.0,0.0,-1.0,0.0,0.0,0.0,0.0,0.0,0.0,0.0,0,1,1,0
359336927,359335568,0.0,-0.0,0.0,-1.0,0.0,0.0,0.0,0.0,0.0,0.0,0.0,0,1,1,0
359642655,359641609,0.0,-0.0,0.0,-1.0,0.0,0.0,0.0,0.0,0.0,0.0,0.0,0,1,1,0
359842671,359641609,0.0,-0.0,0.0,-1.0,0.0,0.0,0.0,0.0,0.0,0.0,0.0,0,1,1,0
359947439,359946413,0.0,-0.0,0.0,-1.0,0.0,0.0,0.0,0.0,0.0,0.0,0.0,0,1,1,0
360260699,360259716,0.0,-0.0,0.0,-1.0,0.0,0.0,0.0,0.0,0.0,0.0,0.0,0,1,1,0
360460715,360259716,0.0,-0.0,0.0,-1.0,0.0,0.0,0.0,0.0,0.0,0.0,0.0,0,1,1,0
360566835,360565555,0.0,-0.0,0.0,-1.0,0.0,0.0,0.0,0.0,0.0,0.0,0.0,0,1,1,0
360872026,360871001,0.0,-0.0,0.0,-1.0,0.0,0.0,0.0,0.0,0.0,0.0,0.0,0,1,1,0
361072041,360871001,0.0,-0.0,0.0,-1.0,0.0,0.0,0.0,0.0,0.0,0.0,0.0,0,1,1,0
361208055,361176883,0.0,-0.0,0.0,-1.0,0.0,0.0,0.0,0.0,0.0,0.0,0.0,0,1,1,0
361491287,361490153,0.0,-0.0,0.0,-1.0,0.0,0.0,0.0,0.0,0.0,0.0,0.0,0,1,1,0
361691302,361490153,0.0,-0.0,0.0,-1.0,0.0,0.0,0.0,0.0,0.0,0.0,0.0,0,1,1,0
361862026,361860996,0.0,-0.0,0.0,-1.0,0.0,0.0,0.0,0.0,0.0,0.0,0.0,0,1,1,0
362062041,361860996,0.0,-0.0,0.0,-1.0,0.0,0.0,0.0,0.0,0.0,0.0,0.0,0,1,1,0
362220623,362167186,0.0,-0.0,0.0,-1.0,0.0,0.0,0.0,0.0,0.0,0.0,0.0,0,1,1,0
362481818,362480828,0.0,-0.0,0.0,-1.0,0.0,0.0,0.0,0.0,0.0,0.0,0.0,0,1,1,0
362681833,362480828,0.0,-0.0,0.0,-1.0,0.0,0.0,0.0,0.0,0.0,0.0,0.0,0,1,1,0
362786493,362785530,0.0,-0.0,0.0,-1.0,0.0,0.0,0.0,0.0,0.0,0.0,0.0,0,1,1,0
363091274,363090295,0.0,-0.0,0.0,-1.0,0.0,0.0,0.0,0.0,0.0,0.0,0.0,0,1,1,0
363230724,363090295,0.0,-0.0,0.0,-1.0,0.0,0.0,0.0,0.0,0.0,0.0,0.0,0,1,1,0
363405579,363404615,0.0,-0.0,0.0,-1.0,0.0,0.0,0.0,0.0,0.0,0.0,0.0,0,1,1,0
363710713,363709750,0.0,-0.0,0.0,-1.0,0.0,0.0,0.0,0.0,0.0,0.0,0.0,0,1,1,0
363910824,363709750,0.0,-0.0,0.0,-1.0,0.0,0.0,0.0,0.0,0.0,0.0,0.0,0,1,1,0
364016164,364014865,0.0,-0.0,0.0,-1.0,0.0,0.0,0.0,0.0,0.0,0.0,0.0,0,1,1,0
364241825,364014865,0.0,-0.0,0.0,-1.0,0.0,0.0,0.0,0.0,0.0,0.0,0.0,0,1,1,0
364329116,364328064,0.0,-0.0,0.0,-1.0,0.0,0.0,0.0,0.0,0.0,0.0,0.0,0,1,1,0
364632910,364631890,0.0,-0.0,0.0,-1.0,0.0,0.0,0.0,0.0,0.0,0.0,0.0,0,1,1,0
364832925,364631890,0.0,-0.0,0.0,-1.0,0.0,0.0,0.0,0.0,0.0,0.0,0.0,0,1,1,0
364938474,364937510,0.0,-0.0,0.0,-1.0,0.0,0.0,0.0,0.0,0.0,0.0,0.0,0,1,1,0
365252111,365251144,0.0,-0.0,0.0,-1.0,0.0,0.0,0.0,0.0,0.0,0.0,0.0,0,1,1,0
365448612,365447647,0.0,-0.0,0.0,-1.0,0.0,0.0,0.0,0.0,0.0,0.0,0.0,0,1,1,0
365648627,365447647,0.0,-0.0,0.0,-1.0,0.0,0.0,0.0,0.0,0.0,0.0,0.0,0,1,1,0
365754906,365753513,0.0,-0.0,0.0,-1.0,0.0,0.0,0.0,0.0,0.0,0.0,0.0,0,1,1,0
366060154,366059100,0.0,-0.0,0.0,-1.0,0.0,0.0,0.0,0.0,0.0,0.0,0.0,0,1,1,0
366264772,366059100,0.0,-0.0,0.0,-1.0,0.0,0.0,0.0,0.0,0.0,0.0,0.0,0,1,1,0
366373384,366372420,0.0,-0.0,0.0,-1.0,0.0,0.0,0.0,0.0,0.0,0.0,0.0,0,1,1,0
366678057,366677087,0.0,-0.0,0.0,-1.0,0.0,0.0,0.0,0.0,0.0,0.0,0.0,0,1,1,0
366878072,366677087,0.0,-0.0,0.0,-1.0,0.0,0.0,0.0,0.0,0.0,0.0,0.0,0,1,1,0
366982727,366981751,0.0,-0.0,0.0,-1.0,0.0,0.0,0.0,0.0,0.0,0.0,0.0,0,1,1,0
367295561,367294507,0.0,-0.0,0.0,-1.0,0.0,0.0,0.0,0.0,0.0,0.0,0.0,0,1,1,0
367495576,367294507,0.0,-0.0,0.0,-1.0,0.0,0.0,0.0,0.0,0.0,0.0,0.0,0,1,1,0
367601933,367600827,0.0,-0.0,0.0,-1.0,0.0,0.0,0.0,0.0,0.0,0.0,0.0,0,1,1,0
367909113,367908057,0.0,-0.0,0.0,-1.0,0.0,0.0,0.0,0.0,0.0,0.0,0.0,0,1,1,0
368109144,367908057,0.0,-0.0,0.0,-1.0,0.0,0.0,0.0,0.0,0.0,0.0,0.0,0,1,1,0
368287789,368212414,0.0,-0.0,0.0,-1.0,0.0,0.0,0.0,0.0,0.0,0.0,0.0,0,1,1,0
368487806,368212414,0.0,-0.0,0.0,-1.0,0.0,0.0,0.0,0.0,0.0,0.0,0.0,0,1,1,0
368527869,368526889,0.0,-0.0,0.0,-1.0,0.0,0.0,0.0,0.0,0.0,0.0,0.0,0,1,1,0
368833388,368832425,0.0,-0.0,0.0,-1.0,0.0,0.0,0.0,0.0,0.0,0.0,0.0,0,1,1,0
369033404,368832425,0.0,-0.0,0.0,-1.0,0.0,0.0,0.0,0.0,0.0,0.0,0.0,0,1,1,0
369300696,369137652,0.0,-0.0,0.0,-1.0,0.0,0.0,0.0,0.0,0.0,0.0,0.0,0,1,1,0
369453694,369452654,0.0,-0.0,0.0,-1.0,0.0,0.0,0.0,0.0,0.0,0.0,0.0,0,1,1,0
369653709,369452654,0.0,-0.0,0.0,-1.0,0.0,0.0,0.0,0.0,0.0,0.0,0.0,0,1,1,0
369760340,369759377,0.0,-0.0,0.0,-1.0,0.0,0.0,0.0,0.0,0.0,0.0,0.0,0,1,1,0
370064764,370063665,0.0,-0.0,0.0,-1.0,0.0,0.0,0.0,0.0,0.0,0.0,0.0,0,1,1,0
370312657,370063665,0.0,-0.0,0.0,-1.0,0.0,0.0,0.0,0.0,0.0,0.0,0.0,0,1,1,0
370378637,370377668,0.0,-0.0,0.0,-1.0,0.0,0.0,0.0,0.0,0.0,0.0,0.0,0,1,1,0
370683078,370682085,0.0,-0.0,0.0,-1.0,0.0,0.0,0.0,0.0,0.0,0.0,0.0,0,1,1,0
370883094,370682085,0.0,-0.0,0.0,-1.0,0.0,0.0,0.0,0.0,0.0,0.0,0.0,0,1,1,0
370986928,370985517,0.0,-0.0,0.0,-1.0,0.0,0.0,0.0,0.0,0.0,0.0,0.0,0,1,1,0
371291456,371290434,0.0,-0.0,0.0,-1.0,0.0,0.0,0.0,0.0,0.0,0.0,0.0,0,1,1,0
371321824,371290434,0.0,-0.0,0.0,-1.0,0.0,0.0,0.0,0.0,0.0,0.0,0.0,0,1,1,0
371605559,371604577,0.0,-0.0,0.0,-1.0,0.0,0.0,0.0,0.0,0.0,0.0,0.0,0,1,1,0
371910356,371909394,0.0,-0.0,0.0,-1.0,0.0,0.0,0.0,0.0,0.0,0.0,0.0,0,1,1,0
372110371,371909394,0.0,-0.0,0.0,-1.0,0.0,0.0,0.0,0.0,0.0,0.0,0.0,0,1,1,0
372216021,372215055,0.0,-0.0,0.0,-1.0,0.0,0.0,0.0,0.0,0.0,0.0,0.0,0,1,1,0
372333348,372215055,0.0,-0.0,0.0,-1.0,0.0,0.0,0.0,0.0,0.0,0.0,0.0,0,1,1,0
372530349,372529381,0.0,-0.0,0.0,-1.0,0.0,0.0,0.0,0.0,0.0,0.0,0.0,0,1,1,0
372835013,372833509,0.0,-0.0,0.0,-1.0,0.0,0.0,0.0,0.0,0.0,0.0,0.0,0,1,1,0
373035045,372833509,0.0,-0.0,0.0,-1.0,0.0,0.0,0.0,0.0,0.0,0.0,0.0,0,1,1,0
373140857,373139806,0.0,-0.0,0.0,-1.0,0.0,0.0,0.0,0.0,0.0,0.0,0.0,0,1,1,0
373454539,373453002,0.0,-0.0,0.0,-1.0,0.0,0.0,0.0,0.0,0.0,0.0,0.0,0,1,1,0
373654553,373453002,0.0,-0.0,0.0,-1.0,0.0,0.0,0.0,0.0,0.0,0.0,0.0,0,1,1,0
373761262,373760234,0.0,-0.0,0.0,-1.0,0.0,0.0,0.0,0.0,0.0,0.0,0.0,0,1,1,0
374066453,374065447,0.0,-0.0,0.0,-1.0,0.0,0.0,0.0,0.0,0.0,0.0,0.0,0,1,1,0
374266489,374065447,0.0,-0.0,0.0,-1.0,0.0,0.0,0.0,0.0,0.0,0.0,0.0,0,1,1,0
374379125,374377956,0.0,-0.0,0.0,-1.0,0.0,0.0,0.0,0.0,0.0,0.0,0.0,0,1,1,0
374683716,374682704,0.0,-0.0,0.0,-1.0,0.0,0.0,0.0,0.0,0.0,0.0,0.0,0,1,1,0
374883731,374682704,0.0,-0.0,0.0,-1.0,0.0,0.0,0.0,0.0,0.0,0.0,0.0,0,1,1,0
374989513,374988447,0.0,-0.0,0.0,-1.0,0.0,0.0,0.0,0.0,0.0,0.0,0.0,0,1,1,0
375294329,375292989,0.0,-0.0,0.0,-1.0,0.0,0.0,0.0,0.0,0.0,0.0,0.0,0,1,1,0
375368353,375292989,0.0,-0.0,0.0,-1.0,0.0,0.0,0.0,0.0,0.0,0.0,0.0,0,1,1,0
375608486,375607509,0.0,-0.0,0.0,-1.0,0.0,0.0,0.0,0.0,0.0,0.0,0.0,0,1,1,0
375913050,375912087,0.0,-0.0,0.0,-1.0,0.0,0.0,0.0,0.0,0.0,0.0,0.0,0,1,1,0
376113065,375912087,0.0,-0.0,0.0,-1.0,0.0,0.0,0.0,0.0,0.0,0.0,0.0,0,1,1,0
376218056,376217038,0.0,-0.0,0.0,-1.0,0.0,0.0,0.0,0.0,0.0,0.0,0.0,0,1,1,0
376378380,376217038,0.0,-0.0,0.0,-1.0,0.0,0.0,0.0,0.0,0.0,0.0,0.0,0,1,1,0
376530703,376529719,0.0,-0.0,0.0,-1.0,0.0,0.0,0.0,0.0,0.0,0.0,0.0,0,1,1,0
376836894,376835225,0.0,-0.0,0.0,-1.0,0.0,0.0,0.0,0.0,0.0,0.0,0.0,0,1,1,0
377036947,376835225,0.0,-0.0,0.0,-1.0,0.0,0.0,0.0,0.0,0.0,0.0,0.0,0,1,1,0
377142026,377140968,0.0,-0.0,0.0,-1.0,0.0,0.0,0.0,0.0,0.0,0.0,0.0,0,1,1,0
377456124,377455159,0.0,-0.0,0.0,-1.0,0.0,0.0,0.0,0.0,0.0,0.0,0.0,0,1,1,0
377656184,377455159,0.0,-0.0,0.0,-1.0,0.0,0.0,0.0,0.0,0.0,0.0,0.0,0,1,1,0
377759760,377758797,0.0,-0.0,0.0,-1.0,0.0,0.0,0.0,0.0,0.0,0.0,0.0,0,1,1,0
378064865,378063578,0.0,-0.0,0.0,-1.0,0.0,0.0,0.0,0.0,0.0,0.0,0.0,0,1,1,0
378264879,378063578,0.0,-0.0,0.0,-1.0,0.0,0.0,0.0,0.0,0.0,0.0,0.0,0,1,1,0
378400848,378369374,0.0,-0.0,0.0,-1.0,0.0,0.0,0.0,0.0,0.0,0.0,0.0,0,1,1,0
378685601,378684619,0.0,-0.0,0.0,-1.0,0.0,0.0,0.0,0.0,0.0,0.0,0.0,0,1,1,0
378885617,378684619,0.0,-0.0,0.0,-1.0,0.0,0.0,0.0,0.0,0.0,0.0,0.0,0,1,1,0
378991298,378990167,0.0,-0.0,0.0,-1.0,0.0,0.0,0.0,0.0,0.0,0.0,0.0,0,1,1,0
379296152,379294786,0.0,-0.0,0.0,-1.0,0.0,0.0,0.0,0.0,0.0,0.0,0.0,0,1,1,0
379413781,379294786,0.0,-0.0,0.0,-1.0,0.0,0.0,0.0,0.0,0.0,0.0,0.0,0,1,1,0
379612025,379610980,0.0,-0.0,0.0,-1.0,0.0,0.0,0.0,0.0,0.0,0.0,0.0,0,1,1,0
379917448,379916455,0.0,-0.0,0.0,-1.0,0.0,0.0,0.0,0.0,0.0,0.0,0.0,0,1,1,0
380117463,379916455,0.0,-0.0,0.0,-1.0,0.0,0.0,0.0,0.0,0.0,0.0,0.0,0,1,1,0
380221282,380220299,0.0,-0.0,0.0,-1.0,0.0,0.0,0.0,0.0,0.0,0.0,0.0,0,1,1,0
380426452,380220299,0.0,-0.0,0.0,-1.0,0.0,0.0,0.0,0.0,0.0,0.0,0.0,0,1,1,0
380534801,380533486,0.0,-0.0,0.0,-1.0,0.0,0.0,0.0,0.0,0.0,0.0,0.0,0,1,1,0
380839181,380838068,0.0,-0.0,0.0,-1.0,0.0,0.0,0.0,0.0,0.0,0.0,0.0,0,1,1,0
381039195,380838068,0.0,-0.0,0.0,-1.0,0.0,0.0,0.0,0.0,0.0,0.0,0.0,0,1,1,0
381144932,381143458,0.0,-0.0,0.0,-1.0,0.0,0.0,0.0,0.0,0.0,0.0,0.0,0,1,1,0
381458542,381457525,0.0,-0.0,0.0,-1.0,0.0,0.0,0.0,0.0,0.0,0.0,0.0,0,1,1,0
381658557,381457525,0.0,-0.0,0.0,-1.0,0.0,0.0,0.0,0.0,0.0,0.0,0.0,0,1,1,0
381764353,381763049,0.0,-0.0,0.0,-1.0,0.0,0.0,0.0,0.0,0.0,0.0,0.0,0,1,1,0
382070702,382069716,0.0,-0.0,0.0,-1.0,0.0,0.0,0.0,0.0,0.0,0.0,0.0,0,1,1,0
382270723,382069716,0.0,-0.0,0.0,-1.0,0.0,0.0,0.0,0.0,0.0,0.0,0.0,0,1,1,0
382450227,382375297,0.0,-0.0,0.0,-1.0,0.0,0.0,0.0,0.0,0.0,0.0,0.0,0,1,1,0
382690051,382689089,0.0,-0.0,0.0,-1.0,0.0,0.0,0.0,0.0,0.0,0.0,0.0,0,1,1,0
382890183,382689089,0.0,-0.0,0.0,-1.0,0.0,0.0,0.0,0.0,0.0,0.0,0.0,0,1,1,0
382995629,382994665,0.0,-0.0,0.0,-1.0,0.0,0.0,0.0,0.0,0.0,0.0,0.0,0,1,1,0
383300173,383299091,0.0,-0.0,0.0,-1.0,0.0,0.0,0.0,0.0,0.0,0.0,0.0,0,1,1,0
383460853,383299091,0.0,-0.0,0.0,-1.0,0.0,0.0,0.0,0.0,0.0,0.0,0.0,0,1,1,0
383613610,383612648,0.0,-0.0,0.0,-1.0,0.0,0.0,0.0,0.0,0.0,0.0,0.0,0,1,1,0
383813625,383612648,0.0,-0.0,0.0,-1.0,0.0,0.0,0.0,0.0,0.0,0.0,0.0,0,1,1,0
383919510,383918109,0.0,-0.0,0.0,-1.0,0.0,0.0,0.0,0.0,0.0,0.0,0.0,0,1,1,0
384224780,384223431,0.0,-0.0,0.0,-1.0,0.0,0.0,0.0,0.0,0.0,0.0,0.0,0,1,1,0
384472405,384223431,0.0,-0.0,0.0,-1.0,0.0,0.0,0.0,0.0,0.0,0.0,0.0,0,1,1,0
384537843,384536880,0.0,-0.0,0.0,-1.0,0.0,0.0,0.0,0.0,0.0,0.0,0.0,0,1,1,0
384842024,384840974,0.0,-0.0,0.0,-1.0,0.0,0.0,0.0,0.0,0.0,0.0,0.0,0,1,1,0
385042039,384840974,0.0,-0.0,0.0,-1.0,0.0,0.0,0.0,0.0,0.0,0.0,0.0,0,1,1,0
385147438,385146430,0.0,-0.0,0.0,-1.0,0.0,0.0,0.0,0.0,0.0,0.0,0.0,0,1,1,0
385483316,385452085,0.0,-0.0,0.0,-1.0,0.0,0.0,0.0,0.0,0.0,0.0,0.0,0,1,1,0
385683333,385452085,0.0,-0.0,0.0,-1.0,0.0,0.0,0.0,0.0,0.0,0.0,0.0,0,1,1,0
385767238,385766272,0.0,-0.0,0.0,-1.0,0.0,0.0,0.0,0.0,0.0,0.0,0.0,0,1,1,0
386071817,386070829,0.0,-0.0,0.0,-1.0,0.0,0.0,0.0,0.0,0.0,0.0,0.0,0,1,1,0
386271832,386070829,0.0,-0.0,0.0,-1.0,0.0,0.0,0.0,0.0,0.0,0.0,0.0,0,1,1,0
386494510,386376413,0.0,-0.0,0.0,-1.0,0.0,0.0,0.0,0.0,0.0,0.0,0.0,0,1,1,0
386691864,386690899,0.0,-0.0,0.0,-1.0,0.0,0.0,0.0,0.0,0.0,0.0,0.0,0,1,1,0
386891879,386690899,0.0,-0.0,0.0,-1.0,0.0,0.0,0.0,0.0,0.0,0.0,0.0,0,1,1,0
386998049,386997034,0.0,-0.0,0.0,-1.0,0.0,0.0,0.0,0.0,0.0,0.0,0.0,0,1,1,0
387302036,387300970,0.0,-0.0,0.0,-1.0,0.0,0.0,0.0,0.0,0.0,0.0,0.0,0,1,1,0
387506140,387300970,0.0,-0.0,0.0,-1.0,0.0,0.0,0.0,0.0,0.0,0.0,0.0,0,1,1,0
387615631,387614665,0.0,-0.0,0.0,-1.0,0.0,0.0,0.0,0.0,0.0,0.0,0.0,0,1,1,0
387815646,387614665,0.0,-0.0,0.0,-1.0,0.0,0.0,0.0,0.0,0.0,0.0,0.0,0,1,1,0
387920052,387919088,0.0,-0.0,0.0,-1.0,0.0,0.0,0.0,0.0,0.0,0.0,0.0,0,1,1,0
388224695,388223387,0.0,-0.0,0.0,-1.0,0.0,0.0,0.0,0.0,0.0,0.0,0.0,0,1,1,0
388516195,388223387,0.0,-0.0,0.0,-1.0,0.0,0.0,0.0,0.0,0.0,0.0,0.0,0,1,1,0
388538145,388537180,0.0,-0.0,0.0,-1.0,0.0,0.0,0.0,0.0,0.0,0.0,0.0,0,1,1,0
388842373,388841410,0.0,-0.0,0.0,-1.0,0.0,0.0,0.0,0.0,0.0,0.0,0.0,0,1,1,0
389042388,388841410,0.0,-0.0,0.0,-1.0,0.0,0.0,0.0,0.0,0.0,0.0,0.0,0,1,1,0
389147787,389146736,0.0,-0.0,0.0,-1.0,0.0,0.0,0.0,0.0,0.0,0.0,0.0,0,1,1,0
389452407,389451425,0.0,-0.0,0.0,-1.0,0.0,0.0,0.0,0.0,0.0,0.0,0.0,0,1,1,0
389527292,389451425,0.0,-0.0,0.0,-1.0,0.0,0.0,0.0,0.0,0.0,0.0,0.0,0,1,1,0
389766483,389765520,0.0,-0.0,0.0,-1.0,0.0,0.0,0.0,0.0,0.0,0.0,0.0,0,1,1,0
390115615,390114652,0.0,-0.0,0.0,-1.0,0.0,0.0,0.0,0.0,0.0,0.0,0.0,0,1,1,0
390137438,390136450,0.0,-0.0,0.0,-1.0,0.0,0.0,0.0,0.0,0.0,0.0,0.0,0,1,1,0
390443422,390442425,0.0,-0.0,0.0,-1.0,0.0,0.0,0.0,0.0,0.0,0.0,0.0,0,1,1,0
390538616,390442425,0.0,-0.0,0.0,-1.0,0.0,0.0,0.0,0.0,0.0,0.0,0.0,0,1,1,0
390757818,390756771,0.0,-0.0,0.0,-1.0,0.0,0.0,0.0,0.0,0.0,0.0,0.0,0,1,1,0
391062727,391061748,0.0,-0.0,0.0,-1.0,0.0,0.0,0.0,0.0,0.0,0.0,0.0,0,1,1,0
391262743,391061748,0.0,-0.0,0.0,-1.0,0.0,0.0,0.0,0.0,0.0,0.0,0.0,0,1,1,0
391368063,391367046,0.0,-0.0,0.0,-1.0,0.0,0.0,0.0,0.0,0.0,0.0,0.0,0,1,1,0
391681115,391680150,0.0,-0.0,0.0,-1.0,0.0,0.0,0.0,0.0,0.0,0.0,0.0,0,1,1,0
391881132,391680150,0.0,-0.0,0.0,-1.0,0.0,0.0,0.0,0.0,0.0,0.0,0.0,0,1,1,0
391986487,391985523,0.0,-0.0,0.0,-1.0,0.0,0.0,0.0,0.0,0.0,0.0,0.0,0,1,1,0
392292027,392291036,0.0,-0.0,0.0,-1.0,0.0,0.0,0.0,0.0,0.0,0.0,0.0,0,1,1,0
392492042,392291036,0.0,-0.0,0.0,-1.0,0.0,0.0,0.0,0.0,0.0,0.0,0.0,0,1,1,0
392605414,392604436,0.0,-0.0,0.0,-1.0,0.0,0.0,0.0,0.0,0.0,0.0,0.0,0,1,1,0
392910851,392909809,0.0,-0.0,0.0,-1.0,0.0,0.0,0.0,0.0,0.0,0.0,0.0,0,1,1,0
393110867,392909809,0.0,-0.0,0.0,-1.0,0.0,0.0,0.0,0.0,0.0,0.0,0.0,0,1,1,0
393215730,393214751,0.0,-0.0,0.0,-1.0,0.0,0.0,0.0,0.0,0.0,0.0,0.0,0,1,1,0
393416185,393214751,0.0,-0.0,0.0,-1.0,0.0,0.0,0.0,0.0,0.0,0.0,0.0,0,1,1,0
393573058,393519720,0.0,-0.0,0.0,-1.0,0.0,0.0,0.0,0.0,0.0,0.0,0.0,0,1,1,0
393833378,393832415,0.0,-0.0,0.0,-1.0,0.0,0.0,0.0,0.0,0.0,0.0,0.0,0,1,1,0
394033393,393832415,0.0,-0.0,0.0,-1.0,0.0,0.0,0.0,0.0,0.0,0.0,0.0,0,1,1,0
394138610,394137647,0.0,-0.0,0.0,-1.0,0.0,0.0,0.0,0.0,0.0,0.0,0.0,0,1,1,0
394443385,394442421,0.0,-0.0,0.0,-1.0,0.0,0.0,0.0,0.0,0.0,0.0,0.0,0,1,1,0
394582652,394442421,0.0,-0.0,0.0,-1.0,0.0,0.0,0.0,0.0,0.0,0.0,0.0,0,1,1,0
394757233,394756258,0.0,-0.0,0.0,-1.0,0.0,0.0,0.0,0.0,0.0,0.0,0.0,0,1,1,0
395061827,395060835,0.0,-0.0,0.0,-1.0,0.0,0.0,0.0,0.0,0.0,0.0,0.0,0,1,1,0
395261843,395060835,0.0,-0.0,0.0,-1.0,0.0,0.0,0.0,0.0,0.0,0.0,0.0,0,1,1,0
395367292,395366283,0.0,-0.0,0.0,-1.0,0.0,0.0,0.0,0.0,0.0,0.0,0.0,0,1,1,0
395680845,395679789,0.0,-0.0,0.0,-1.0,0.0,0.0,0.0,0.0,0.0,0.0,0.0,0,1,1,0
395880861,395679789,0.0,-0.0,0.0,-1.0,0.0,0.0,0.0,0.0,0.0,0.0,0.0,0,1,1,0
395986830,395985582,0.0,-0.0,0.0,-1.0,0.0,0.0,0.0,0.0,0.0,0.0,0.0,0,1,1,0
396291297,396290294,0.0,-0.0,0.0,-1.0,0.0,0.0,0.0,0.0,0.0,0.0,0.0,0,1,1,0
396491423,396290294,0.0,-0.0,0.0,-1.0,0.0,0.0,0.0,0.0,0.0,0.0,0.0,0,1,1,0
396604557,396603077,0.0,-0.0,0.0,-1.0,0.0,0.0,0.0,0.0,0.0,0.0,0.0,0,1,1,0
396910149,396909091,0.0,-0.0,0.0,-1.0,0.0,0.0,0.0,0.0,0.0,0.0,0.0,0,1,1,0
397110202,396909091,0.0,-0.0,0.0,-1.0,0.0,0.0,0.0,0.0,0.0,0.0,0.0,0,1,1,0
397215715,397214663,0.0,-0.0,0.0,-1.0,0.0,0.0,0.0,0.0,0.0,0.0,0.0,0,1,1,0
397415963,397214663,0.0,-0.0,0.0,-1.0,0.0,0.0,0.0,0.0,0.0,0.0,0.0,0,1,1,0
397615711,397519241,0.0,-0.0,0.0,-1.0,0.0,0.0,0.0,0.0,0.0,0.0,0.0,0,1,1,0
397833610,397832649,0.0,-0.0,0.0,-1.0,0.0,0.0,0.0,0.0,0.0,0.0,0.0,0,1,1,0
398033626,397832649,0.0,-0.0,0.0,-1.0,0.0,0.0,0.0,0.0,0.0,0.0,0.0,0,1,1,0
398139521,398138518,0.0,-0.0,0.0,-1.0,0.0,0.0,0.0,0.0,0.0,0.0,0.0,0,1,1,0
398444349,398442989,0.0,-0.0,0.0,-1.0,0.0,0.0,0.0,0.0,0.0,0.0,0.0,0,1,1,0
398627138,398442989,0.0,-0.0,0.0,-1.0,0.0,0.0,0.0,0.0,0.0,0.0,0.0,0,1,1,0
398758143,398757176,0.0,-0.0,0.0,-1.0,0.0,0.0,0.0,0.0,0.0,0.0,0.0,0,1,1,0
399061814,399060837,0.0,-0.0,0.0,-1.0,0.0,0.0,0.0,0.0,0.0,0.0,0.0,0,1,1,0
399261830,399060837,0.0,-0.0,0.0,-1.0,0.0,0.0,0.0,0.0,0.0,0.0,0.0,0,1,1,0
399366967,399365436,0.0,-0.0,0.0,-1.0,0.0,0.0,0.0,0.0,0.0,0.0,0.0,0,1,1,0
399680377,399679401,0.0,-0.0,0.0,-1.0,0.0,0.0,0.0,0.0,0.0,0.0,0.0,0,1,1,0
399880392,399679401,0.0,-0.0,0.0,-1.0,0.0,0.0,0.0,0.0,0.0,0.0,0.0,0,1,1,0
399986888,399985300,0.0,-0.0,0.0,-1.0,0.0,0.0,0.0,0.0,0.0,0.0,0.0,0,1,1,0
400291113,400290150,0.0,-0.0,0.0,-1.0,0.0,0.0,0.0,0.0,0.0,0.0,0.0,0,1,1,0
400491130,400290150,0.0,-0.0,0.0,-1.0,0.0,0.0,0.0,0.0,0.0,0.0,0.0,0,1,1,0
400649134,400595542,0.0,-0.0,0.0,-1.0,0.0,0.0,0.0,0.0,0.0,0.0,0.0,0,1,1,0
400911301,400910298,0.0,-0.0,0.0,-1.0,0.0,0.0,0.0,0.0,0.0,0.0,0.0,0,1,1,0
401111422,400910298,0.0,-0.0,0.0,-1.0,0.0,0.0,0.0,0.0,0.0,0.0,0.0,0,1,1,0
401216477,401215483,0.0,-0.0,0.0,-1.0,0.0,0.0,0.0,0.0,0.0,0.0,0.0,0,1,1,0
401416493,401215483,0.0,-0.0,0.0,-1.0,0.0,0.0,0.0,0.0,0.0,0.0,0.0,0,1,1,0
401660851,401520833,0.0,-0.0,0.0,-1.0,0.0,0.0,0.0,0.0,0.0,0.0,0.0,0,1,1,0
401835708,401834663,0.0,-0.0,0.0,-1.0,0.0,0.0,0.0,0.0,0.0,0.0,0.0,0,1,1,0
402035724,401834663,0.0,-0.0,0.0,-1.0,0.0,0.0,0.0,0.0,0.0,0.0,0.0,0,1,1,0
402141278,402140295,0.0,-0.0,0.0,-1.0,0.0,0.0,0.0,0.0,0.0,0.0,0.0,0,1,1,0
402446953,402445342,0.0,-0.0,0.0,-1.0,0.0,0.0,0.0,0.0,0.0,0.0,0.0,0,1,1,0
402672726,402445342,0.0,-0.0,0.0,-1.0,0.0,0.0,0.0,0.0,0.0,0.0,0.0,0,1,1,0
402760386,402759405,0.0,-0.0,0.0,-1.0,0.0,0.0,0.0,0.0,0.0,0.0,0.0,0,1,1,0
403066461,403065480,0.0,-0.0,0.0,-1.0,0.0,0.0,0.0,0.0,0.0,0.0,0.0,0,1,1,0
403266489,403065480,0.0,-0.0,0.0,-1.0,0.0,0.0,0.0,0.0,0.0,0.0,0.0,0,1,1,0
403371276,403370297,0.0,-0.0,0.0,-1.0,0.0,0.0,0.0,0.0,0.0,0.0,0.0,0,1,1,0
403684552,403683093,0.0,-0.0,0.0,-1.0,0.0,0.0,0.0,0.0,0.0,0.0,0.0,0,1,1,0
403884568,403683093,0.0,-0.0,0.0,-1.0,0.0,0.0,0.0,0.0,0.0,0.0,0.0,0,1,1,0
403990148,403989096,0.0,-0.0,0.0,-1.0,0.0,0.0,0.0,0.0,0.0,0.0,0.0,0,1,1,0
404295608,404294641,0.0,-0.0,0.0,-1.0,0.0,0.0,0.0,0.0,0.0,0.0,0.0,0,1,1,0
404495623,404294641,0.0,-0.0,0.0,-1.0,0.0,0.0,0.0,0.0,0.0,0.0,0.0,0,1,1,0
404697171,404600158,0.0,-0.0,0.0,-1.0,0.0,0.0,0.0,0.0,0.0,0.0,0.0,0,1,1,0
404916151,404914645,0.0,-0.0,0.0,-1.0,0.0,0.0,0.0,0.0,0.0,0.0,0.0,0,1,1,0
405116186,404914645,0.0,-0.0,0.0,-1.0,0.0,0.0,0.0,0.0,0.0,0.0,0.0,0,1,1,0
405220711,405219748,0.0,-0.0,0.0,-1.0,0.0,0.0,0.0,0.0,0.0,0.0,0.0,0,1,1,0
405420821,405219748,0.0,-0.0,0.0,-1.0,0.0,0.0,0.0,0.0,0.0,0.0,0.0,0,1,1,0
405709116,405525480,0.0,-0.0,0.0,-1.0,0.0,0.0,0.0,0.0,0.0,0.0,0.0,0,1,1,0
405839800,405838798,0.0,-0.0,0.0,-1.0,0.0,0.0,0.0,0.0,0.0,0.0,0.0,0,1,1,0
406039815,405838798,0.0,-0.0,0.0,-1.0,0.0,0.0,0.0,0.0,0.0,0.0,0.0,0,1,1,0
406144515,406142989,0.0,-0.0,0.0,-1.0,0.0,0.0,0.0,0.0,0.0,0.0,0.0,0,1,1,0
406449137,406448055,0.0,-0.0,0.0,-1.0,0.0,0.0,0.0,0.0,0.0,0.0,0.0,0,1,1,0
406649187,406448055,0.0,-0.0,0.0,-1.0,0.0,0.0,0.0,0.0,0.0,0.0,0.0,0,1,1,0
406762745,406761781,0.0,-0.0,0.0,-1.0,0.0,0.0,0.0,0.0,0.0,0.0,0.0,0,1,1,0
407069111,407068079,0.0,-0.0,0.0,-1.0,0.0,0.0,0.0,0.0,0.0,0.0,0.0,0,1,1,0
407269124,407068079,0.0,-0.0,0.0,-1.0,0.0,0.0,0.0,0.0,0.0,0.0,0.0,0,1,1,0
407374703,407373343,0.0,-0.0,0.0,-1.0,0.0,0.0,0.0,0.0,0.0,0.0,0.0,0,1,1,0
407679628,407678664,0.0,-0.0,0.0,-1.0,0.0,0.0,0.0,0.0,0.0,0.0,0.0,0,1,1,0
407731625,407678664,0.0,-0.0,0.0,-1.0,0.0,0.0,0.0,0.0,0.0,0.0,0.0,0,1,1,0
407992933,407991932,0.0,-0.0,0.0,-1.0,0.0,0.0,0.0,0.0,0.0,0.0,0.0,0,1,1,0
408298774,408297795,0.0,-0.0,0.0,-1.0,0.0,0.0,0.0,0.0,0.0,0.0,0.0,0,1,1,0
408498795,408297795,0.0,-0.0,0.0,-1.0,0.0,0.0,0.0,0.0,0.0,0.0,0.0,0,1,1,0
408603051,408602086,0.0,-0.0,0.0,-1.0,0.0,0.0,0.0,0.0,0.0,0.0,0.0,0,1,1,0
408742647,408602086,0.0,-0.0,0.0,-1.0,0.0,0.0,0.0,0.0,0.0,0.0,0.0,0,1,1,0
409116948,408915471,0.0,-0.0,0.0,-1.0,0.0,0.0,0.0,0.0,0.0,0.0,0.0,0,1,1,0
409222026,409220974,0.0,-0.0,0.0,-1.0,0.0,0.0,0.0,0.0,0.0,0.0,0.0,0,1,1,0
409422041,409220974,0.0,-0.0,0.0,-1.0,0.0,0.0,0.0,0.0,0.0,0.0,0.0,0,1,1,0
409528170,409527175,0.0,-0.0,0.0,-1.0,0.0,0.0,0.0,0.0,0.0,0.0,0.0,0,1,1,0
409842025,409840976,0.0,-0.0,0.0,-1.0,0.0,0.0,0.0,0.0,0.0,0.0,0.0,0,1,1,0
410042041,409840976,0.0,-0.0,0.0,-1.0,0.0,0.0,0.0,0.0,0.0,0.0,0.0,0,1,1,0
410147436,410146422,0.0,-0.0,0.0,-1.0,0.0,0.0,0.0,0.0,0.0,0.0,0.0,0,1,1,0
410452397,410451414,0.0,-0.0,0.0,-1.0,0.0,0.0,0.0,0.0,0.0,0.0,0.0,0,1,1,0
410652412,410451414,0.0,-0.0,0.0,-1.0,0.0,0.0,0.0,0.0,0.0,0.0,0.0,0,1,1,0
410766455,410765223,0.0,-0.0,0.0,-1.0,0.0,0.0,0.0,0.0,0.0,0.0,0.0,0,1,1,0
411070845,411069790,0.0,-0.0,0.0,-1.0,0.0,0.0,0.0,0.0,0.0,0.0,0.0,0,1,1,0
411270860,411069790,0.0,-0.0,0.0,-1.0,0.0,0.0,0.0,0.0,0.0,0.0,0.0,0,1,1,0
411354712,411353278,0.0,-0.0,0.0,-1.0,0.0,0.0,0.0,0.0,0.0,0.0,0.0,0,1,1,0
411660712,411659749,0.0,-0.0,0.0,-1.0,0.0,0.0,0.0,0.0,0.0,0.0,0.0,0,1,1,0
411778429,411659749,0.0,-0.0,0.0,-1.0,0.0,0.0,0.0,0.0,0.0,0.0,0.0,0,1,1,0
411974579,411973096,0.0,-0.0,0.0,-1.0,0.0,0.0,0.0,0.0,0.0,0.0,0.0,0,1,1,0
412280161,412279101,0.0,-0.0,0.0,-1.0,0.0,0.0,0.0,0.0,0.0,0.0,0.0,0,1,1,0
412480200,412279101,0.0,-0.0,0.0,-1.0,0.0,0.0,0.0,0.0,0.0,0.0,0.0,0,1,1,0
412586015,412584929,0.0,-0.0,0.0,-1.0,0.0,0.0,0.0,0.0,0.0,0.0,0.0,0,1,1,0
412900172,412899095,0.0,-0.0,0.0,-1.0,0.0,0.0,0.0,0.0,0.0,0.0,0.0,0,1,1,0
413100239,412899095,0.0,-0.0,0.0,-1.0,0.0,0.0,0.0,0.0,0.0,0.0,0.0,0,1,1,0
413206121,413205156,0.0,-0.0,0.0,-1.0,0.0,0.0,0.0,0.0,0.0,0.0,0.0,0,1,1,0
413511859,413510891,0.0,-0.0,0.0,-1.0,0.0,0.0,0.0,0.0,0.0,0.0,0.0,0,1,1,0
413711874,413510891,0.0,-0.0,0.0,-1.0,0.0,0.0,0.0,0.0,0.0,0.0,0.0,0,1,1,0
413825276,413824291,0.0,-0.0,0.0,-1.0,0.0,0.0,0.0,0.0,0.0,0.0,0.0,0,1,1,0
414025291,413824291,0.0,-0.0,0.0,-1.0,0.0,0.0,0.0,0.0,0.0,0.0,0.0,0,1,1,0
414130907,414129782,0.0,-0.0,0.0,-1.0,0.0,0.0,0.0,0.0,0.0,0.0,0.0,0,1,1,0
414437870,414436882,0.0,-0.0,0.0,-1.0,0.0,0.0,0.0,0.0,0.0,0.0,0.0,0,1,1,0
414637885,414436882,0.0,-0.0,0.0,-1.0,0.0,0.0,0.0,0.0,0.0,0.0,0.0,0,1,1,0
414814706,414740294,0.0,-0.0,0.0,-1.0,0.0,0.0,0.0,0.0,0.0,0.0,0.0,0,1,1,0
415055568,415054605,0.0,-0.0,0.0,-1.0,0.0,0.0,0.0,0.0,0.0,0.0,0.0,0,1,1,0
415255584,415054605,0.0,-0.0,0.0,-1.0,0.0,0.0,0.0,0.0,0.0,0.0,0.0,0,1,1,0
415360696,415359716,0.0,-0.0,0.0,-1.0,0.0,0.0,0.0,0.0,0.0,0.0,0.0,0,1,1,0
415666450,415665298,0.0,-0.0,0.0,-1.0,0.0,0.0,0.0,0.0,0.0,0.0,0.0,0,1,1,0
415827142,415665298,0.0,-0.0,0.0,-1.0,0.0,0.0,0.0,0.0,0.0,0.0,0.0,0,1,1,0
415957277,415956293,0.0,-0.0,0.0,-1.0,0.0,0.0,0.0,0.0,0.0,0.0,0.0,0,1,1,0
416262727,416261761,0.0,-0.0,0.0,-1.0,0.0,0.0,0.0,0.0,0.0,0.0,0.0,0,1,1,0
416462742,416261761,0.0,-0.0,0.0,-1.0,0.0,0.0,0.0,0.0,0.0,0.0,0.0,0,1,1,0
416568688,416567704,0.0,-0.0,0.0,-1.0,0.0,0.0,0.0,0.0,0.0,0.0,0.0,0,1,1,0
416881274,416880295,0.0,-0.0,0.0,-1.0,0.0,0.0,0.0,0.0,0.0,0.0,0.0,0,1,1,0
417081296,416880295,0.0,-0.0,0.0,-1.0,0.0,0.0,0.0,0.0,0.0,0.0,0.0,0,1,1,0
417186891,417185512,0.0,-0.0,0.0,-1.0,0.0,0.0,0.0,0.0,0.0,0.0,0.0,0,1,1,0
417492855,417491892,0.0,-0.0,0.0,-1.0,0.0,0.0,0.0,0.0,0.0,0.0,0.0,0,1,1,0
417692870,417491892,0.0,-0.0,0.0,-1.0,0.0,0.0,0.0,0.0,0.0,0.0,0.0,0,1,1,0
417850216,417797669,0.0,-0.0,0.0,-1.0,0.0,0.0,0.0,0.0,0.0,0.0,0.0,0,1,1,0
418111282,418110307,0.0,-0.0,0.0,-1.0,0.0,0.0,0.0,0.0,0.0,0.0,0.0,0,1,1,0
418311297,418110307,0.0,-0.0,0.0,-1.0,0.0,0.0,0.0,0.0,0.0,0.0,0.0,0,1,1,0
418417339,418416273,0.0,-0.0,0.0,-1.0,0.0,0.0,0.0,0.0,0.0,0.0,0.0,0,1,1,0
418617353,418416273,0.0,-0.0,0.0,-1.0,0.0,0.0,0.0,0.0,0.0,0.0,0.0,0,1,1,0
418862668,418721412,0.0,-0.0,0.0,-1.0,0.0,0.0,0.0,0.0,0.0,0.0,0.0,0,1,1,0
419036889,419035339,0.0,-0.0,0.0,-1.0,0.0,0.0,0.0,0.0,0.0,0.0,0.0,0,1,1,0
419236905,419035339,0.0,-0.0,0.0,-1.0,0.0,0.0,0.0,0.0,0.0,0.0,0.0,0,1,1,0
419342397,419341413,0.0,-0.0,0.0,-1.0,0.0,0.0,0.0,0.0,0.0,0.0,0.0,0,1,1,0
419648379,419647403,0.0,-0.0,0.0,-1.0,0.0,0.0,0.0,0.0,0.0,0.0,0.0,0,1,1,0
419874977,419647403,0.0,-0.0,0.0,-1.0,0.0,0.0,0.0,0.0,0.0,0.0,0.0,0,1,1,0
419962027,419960974,0.0,-0.0,0.0,-1.0,0.0,0.0,0.0,0.0,0.0,0.0,0.0,0,1,1,0
420268053,420267045,0.0,-0.0,0.0,-1.0,0.0,0.0,0.0,0.0,0.0,0.0,0.0,0,1,1,0
420468068,420267045,0.0,-0.0,0.0,-1.0,0.0,0.0,0.0,0.0,0.0,0.0,0.0,0,1,1,0
420572650,420571604,0.0,-0.0,0.0,-1.0,0.0,0.0,0.0,0.0,0.0,0.0,0.0,0,1,1,0
420885566,420884507,0.0,-0.0,0.0,-1.0,0.0,0.0,0.0,0.0,0.0,0.0,0.0,0,1,1,0
421085583,420884507,0.0,-0.0,0.0,-1.0,0.0,0.0,0.0,0.0,0.0,0.0,0.0,0,1,1,0
421190725,421189716,0.0,-0.0,0.0,-1.0,0.0,0.0,0.0,0.0,0.0,0.0,0.0,0,1,1,0
421495561,421494508,0.0,-0.0,0.0,-1.0,0.0,0.0,0.0,0.0,0.0,0.0,0.0,0,1,1,0
421695576,421494508,0.0,-0.0,0.0,-1.0,0.0,0.0,0.0,0.0,0.0,0.0,0.0,0,1,1,0
421894901,421798703,0.0,-0.0,0.0,-1.0,0.0,0.0,0.0,0.0,0.0,0.0,0.0,0,1,1,0
422112662,422111610,0.0,-0.0,0.0,-1.0,0.0,0.0,0.0,0.0,0.0,0.0,0.0,0,1,1,0
422312677,422111610,0.0,-0.0,0.0,-1.0,0.0,0.0,0.0,0.0,0.0,0.0,0.0,0,1,1,0
422418474,422417510,0.0,-0.0,0.0,-1.0,0.0,0.0,0.0,0.0,0.0,0.0,0.0,0,1,1,0
422618489,422417510,0.0,-0.0,0.0,-1.0,0.0,0.0,0.0,0.0,0.0,0.0,0.0,0,1,1,0
422907435,422723062,0.0,-0.0,0.0,-1.0,0.0,0.0,0.0,0.0,0.0,0.0,0.0,0,1,1,0
423038055,423037034,0.0,-0.0,0.0,-1.0,0.0,0.0,0.0,0.0,0.0,0.0,0.0,0,1,1,0
423238071,423037034,0.0,-0.0,0.0,-1.0,0.0,0.0,0.0,0.0,0.0,0.0,0.0,0,1,1,0
423342396,423341412,0.0,-0.0,0.0,-1.0,0.0,0.0,0.0,0.0,0.0,0.0,0.0,0,1,1,0
423648251,423647178,0.0,-0.0,0.0,-1.0,0.0,0.0,0.0,0.0,0.0,0.0,0.0,0,1,1,0
423848289,423647178,0.0,-0.0,0.0,-1.0,0.0,0.0,0.0,0.0,0.0,0.0,0.0,0,1,1,0
423963057,423962042,0.0,-0.0,0.0,-1.0,0.0,0.0,0.0,0.0,0.0,0.0,0.0,0,1,1,0
424268200,424267202,0.0,-0.0,0.0,-1.0,0.0,0.0,0.0,0.0,0.0,0.0,0.0,0,1,1,0
424468236,424267202,0.0,-0.0,0.0,-1.0,0.0,0.0,0.0,0.0,0.0,0.0,0.0,0,1,1,0
424573614,424572653,0.0,-0.0,0.0,-1.0,0.0,0.0,0.0,0.0,0.0,0.0,0.0,0,1,1,0
424879525,424878346,0.0,-0.0,0.0,-1.0,0.0,0.0,0.0,0.0,0.0,0.0,0.0,0,1,1,0
424931463,424878346,0.0,-0.0,0.0,-1.0,0.0,0.0,0.0,0.0,0.0,0.0,0.0,0,1,1,0
425192669,425191619,0.0,-0.0,0.0,-1.0,0.0,0.0,0.0,0.0,0.0,0.0,0.0,0,1,1,0
425498141,425497175,0.0,-0.0,0.0,-1.0,0.0,0.0,0.0,0.0,0.0,0.0,0.0,0,1,1,0
425698205,425497175,0.0,-0.0,0.0,-1.0,0.0,0.0,0.0,0.0,0.0,0.0,0.0,0,1,1,0
425802402,425801417,0.0,-0.0,0.0,-1.0,0.0,0.0,0.0,0.0,0.0,0.0,0.0,0,1,1,0
426116448,426115355,0.0,-0.0,0.0,-1.0,0.0,0.0,0.0,0.0,0.0,0.0,0.0,0,1,1,0
426316489,426115355,0.0,-0.0,0.0,-1.0,0.0,0.0,0.0,0.0,0.0,0.0,0.0,0,1,1,0
426421277,426420297,0.0,-0.0,0.0,-1.0,0.0,0.0,0.0,0.0,0.0,0.0,0.0,0,1,1,0
426621295,426420297,0.0,-0.0,0.0,-1.0,0.0,0.0,0.0,0.0,0.0,0.0,0.0,0,1,1,0
426725990,426724965,0.0,-0.0,0.0,-1.0,0.0,0.0,0.0,0.0,0.0,0.0,0.0,0,1,1,0
427040356,427039393,0.0,-0.0,0.0,-1.0,0.0,0.0,0.0,0.0,0.0,0.0,0.0,0,1,1,0
427240371,427039393,0.0,-0.0,0.0,-1.0,0.0,0.0,0.0,0.0,0.0,0.0,0.0,0,1,1,0
427345713,427344750,0.0,-0.0,0.0,-1.0,0.0,0.0,0.0,0.0,0.0,0.0,0.0,0,1,1,0
427650177,427649115,0.0,-0.0,0.0,-1.0,0.0,0.0,0.0,0.0,0.0,0.0,0.0,0,1,1,0
427850239,427649115,0.0,-0.0,0.0,-1.0,0.0,0.0,0.0,0.0,0.0,0.0,0.0,0,1,1,0
427964541,427962956,0.0,-0.0,0.0,-1.0,0.0,0.0,0.0,0.0,0.0,0.0,0.0,0,1,1,0
428269121,428268074,0.0,-0.0,0.0,-1.0,0.0,0.0,0.0,0.0,0.0,0.0,0.0,0,1,1,0
428469185,428268074,0.0,-0.0,0.0,-1.0,0.0,0.0,0.0,0.0,0.0,0.0,0.0,0,1,1,0
428573634,428572652,0.0,-0.0,0.0,-1.0,0.0,0.0,0.0,0.0,0.0,0.0,0.0,0,1,1,0
428879119,428878055,0.0,-0.0,0.0,-1.0,0.0,0.0,0.0,0.0,0.0,0.0,0.0,0,1,1,0
428975008,428878055,0.0,-0.0,0.0,-1.0,0.0,0.0,0.0,0.0,0.0,0.0,0.0,0,1,1,0
429192658,429191607,0.0,-0.0,0.0,-1.0,0.0,0.0,0.0,0.0,0.0,0.0,0.0,0,1,1,0
429498314,429497351,0.0,-0.0,0.0,-1.0,0.0,0.0,0.0,0.0,0.0,0.0,0.0,0,1,1,0
429698331,429497351,0.0,-0.0,0.0,-1.0,0.0,0.0,0.0,0.0,0.0,0.0,0.0,0,1,1,0
429803630,429802652,0.0,-0.0,0.0,-1.0,0.0,0.0,0.0,0.0,0.0,0.0,0.0,0,1,1,0
430116949,430115637,0.0,-0.0,0.0,-1.0,0.0,0.0,0.0,0.0,0.0,0.0,0.0,0,1,1,0
430317042,430115637,0.0,-0.0,0.0,-1.0,0.0,0.0,0.0,0.0,0.0,0.0,0.0,0,1,1,0
430421116,430420152,0.0,-0.0,0.0,-1.0,0.0,0.0,0.0,0.0,0.0,0.0,0.0,0,1,1,0
430621133,430420152,0.0,-0.0,0.0,-1.0,0.0,0.0,0.0,0.0,0.0,0.0,0.0,0,1,1,0
430725703,430724737,0.0,-0.0,0.0,-1.0,0.0,0.0,0.0,0.0,0.0,0.0,0.0,0,1,1,0
431040053,431039089,0.0,-0.0,0.0,-1.0,0.0,0.0,0.0,0.0,0.0,0.0,0.0,0,1,1,0
431240204,431039089,0.0,-0.0,0.0,-1.0,0.0,0.0,0.0,0.0,0.0,0.0,0.0,0,1,1,0
431346147,431345015,0.0,-0.0,0.0,-1.0,0.0,0.0,0.0,0.0,0.0,0.0,0.0,0,1,1,0
431651624,431650641,0.0,-0.0,0.0,-1.0,0.0,0.0,0.0,0.0,0.0,0.0,0.0,0,1,1,0
431851639,431650641,0.0,-0.0,0.0,-1.0,0.0,0.0,0.0,0.0,0.0,0.0,0.0,0,1,1,0
432009119,431956430,0.0,-0.0,0.0,-1.0,0.0,0.0,0.0,0.0,0.0,0.0,0.0,0,1,1,0
432270854,432269804,0.0,-0.0,0.0,-1.0,0.0,0.0,0.0,0.0,0.0,0.0,0.0,0,1,1,0
432470869,432269804,0.0,-0.0,0.0,-1.0,0.0,0.0,0.0,0.0,0.0,0.0,0.0,0,1,1,0
432576933,432575156,0.0,-0.0,0.0,-1.0,0.0,0.0,0.0,0.0,0.0,0.0,0.0,0,1,1,0
432882404,432881411,0.0,-0.0,0.0,-1.0,0.0,0.0,0.0,0.0,0.0,0.0,0.0,0,1,1,0
433022123,432881411,0.0,-0.0,0.0,-1.0,0.0,0.0,0.0,0.0,0.0,0.0,0.0,0,1,1,0
433196964,433195601,0.0,-0.0,0.0,-1.0,0.0,0.0,0.0,0.0,0.0,0.0,0.0,0,1,1,0
433501816,433500829,0.0,-0.0,0.0,-1.0,0.0,0.0,0.0,0.0,0.0,0.0,0.0,0,1,1,0
433701831,433500829,0.0,-0.0,0.0,-1.0,0.0,0.0,0.0,0.0,0.0,0.0,0.0,0,1,1,0
433807437,433806449,0.0,-0.0,0.0,-1.0,0.0,0.0,0.0,0.0,0.0,0.0,0.0,0,1,1,0
434033316,433806449,0.0,-0.0,0.0,-1.0,0.0,0.0,0.0,0.0,0.0,0.0,0.0,0,1,1,0
434121236,434120227,0.0,-0.0,0.0,-1.0,0.0,0.0,0.0,0.0,0.0,0.0,0.0,0,1,1,0
434427283,434426260,0.0,-0.0,0.0,-1.0,0.0,0.0,0.0,0.0,0.0,0.0,0.0,0,1,1,0
434627297,434426260,0.0,-0.0,0.0,-1.0,0.0,0.0,0.0,0.0,0.0,0.0,0.0,0,1,1,0
434732921,434731931,0.0,-0.0,0.0,-1.0,0.0,0.0,0.0,0.0,0.0,0.0,0.0,0,1,1,0
435045991,435044964,0.0,-0.0,0.0,-1.0,0.0,0.0,0.0,0.0,0.0,0.0,0.0,0,1,1,0
435246120,435044964,0.0,-0.0,0.0,-1.0,0.0,0.0,0.0,0.0,0.0,0.0,0.0,0,1,1,0
435351121,435350157,0.0,-0.0,0.0,-1.0,0.0,0.0,0.0,0.0,0.0,0.0,0.0,0,1,1,0
435655555,435654587,0.0,-0.0,0.0,-1.0,0.0,0.0,0.0,0.0,0.0,0.0,0.0,0,1,1,0
435855570,435654587,0.0,-0.0,0.0,-1.0,0.0,0.0,0.0,0.0,0.0,0.0,0.0,0,1,1,0
436056455,435959377,0.0,-0.0,0.0,-1.0,0.0,0.0,0.0,0.0,0.0,0.0,0.0,0,1,1,0
436275177,436273273,0.0,-0.0,0.0,-1.0,0.0,0.0,0.0,0.0,0.0,0.0,0.0,0,1,1,0
436475239,436273273,0.0,-0.0,0.0,-1.0,0.0,0.0,0.0,0.0,0.0,0.0,0.0,0,1,1,0
436581123,436580159,0.0,-0.0,0.0,-1.0,0.0,0.0,0.0,0.0,0.0,0.0,0.0,0,1,1,0
436887141,436886105,0.0,-0.0,0.0,-1.0,0.0,0.0,0.0,0.0,0.0,0.0,0.0,0,1,1,0
437070405,436886105,0.0,-0.0,0.0,-1.0,0.0,0.0,0.0,0.0,0.0,0.0,0.0,0,1,1,0
437200699,437199718,0.0,-0.0,0.0,-1.0,0.0,0.0,0.0,0.0,0.0,0.0,0.0,0,1,1,0
437505578,437504615,0.0,-0.0,0.0,-1.0,0.0,0.0,0.0,0.0,0.0,0.0,0.0,0,1,1,0
437705593,437504615,0.0,-0.0,0.0,-1.0,0.0,0.0,0.0,0.0,0.0,0.0,0.0,0,1,1,0
437810703,437809734,0.0,-0.0,0.0,-1.0,0.0,0.0,0.0,0.0,0.0,0.0,0.0,0,1,1,0
438080716,437809734,0.0,-0.0,0.0,-1.0,0.0,0.0,0.0,0.0,0.0,0.0,0.0,0,1,1,0
438124547,438123017,0.0,-0.0,0.0,-1.0,0.0,0.0,0.0,0.0,0.0,0.0,0.0,0,1,1,0
438430824,438429740,0.0,-0.0,0.0,-1.0,0.0,0.0,0.0,0.0,0.0,0.0,0.0,0,1,1,0
438630839,438429740,0.0,-0.0,0.0,-1.0,0.0,0.0,0.0,0.0,0.0,0.0,0.0,0,1,1,0
438736958,438735441,0.0,-0.0,0.0,-1.0,0.0,0.0,0.0,0.0,0.0,0.0,0.0,0,1,1,0
439092852,439040150,0.0,-0.0,0.0,-1.0,0.0,0.0,0.0,0.0,0.0,0.0,0.0,0,1,1,0
439223634,439222655,0.0,-0.0,0.0,-1.0,0.0,0.0,0.0,0.0,0.0,0.0,0.0,0,1,1,0
439423649,439222655,0.0,-0.0,0.0,-1.0,0.0,0.0,0.0,0.0,0.0,0.0,0.0,0,1,1,0
439530413,439529432,0.0,-0.0,0.0,-1.0,0.0,0.0,0.0,0.0,0.0,0.0,0.0,0,1,1,0
439834902,439833548,0.0,-0.0,0.0,-1.0,0.0,0.0,0.0,0.0,0.0,0.0,0.0,0,1,1,0
440104579,440008144,0.0,-0.0,0.0,-1.0,0.0,0.0,0.0,0.0,0.0,0.0,0.0,0,1,1,0
440304593,440008144,0.0,-0.0,0.0,-1.0,0.0,0.0,0.0,0.0,0.0,0.0,0.0,0,1,1,0
440322727,440321763,0.0,-0.0,0.0,-1.0,0.0,0.0,0.0,0.0,0.0,0.0,0.0,0,1,1,0
440628050,440627034,0.0,-0.0,0.0,-1.0,0.0,0.0,0.0,0.0,0.0,0.0,0.0,0,1,1,0
440910723,440909740,0.0,-0.0,0.0,-1.0,0.0,0.0,0.0,0.0,0.0,0.0,0.0,0,1,1,0
441115597,440909740,0.0,-0.0,0.0,-1.0,0.0,0.0,0.0,0.0,0.0,0.0,0.0,0,1,1,0
441224439,441223007,0.0,-0.0,0.0,-1.0,0.0,0.0,0.0,0.0,0.0,0.0,0.0,0,1,1,0
441424519,441223007,0.0,-0.0,0.0,-1.0,0.0,0.0,0.0,0.0,0.0,0.0,0.0,0,1,1,0
441529529,441528560,0.0,-0.0,0.0,-1.0,0.0,0.0,0.0,0.0,0.0,0.0,0.0,0,1,1,0
441834876,441833465,0.0,-0.0,0.0,-1.0,0.0,0.0,0.0,0.0,0.0,0.0,0.0,0,1,1,0
442008472,442007509,0.0,-0.0,0.0,-1.0,0.0,0.0,0.0,0.0,0.0,0.0,0.0,0,1,1,0
442126452,442007509,0.0,-0.0,0.0,-1.0,0.0,0.0,0.0,0.0,0.0,0.0,0.0,0,1,1,0
442322026,442320976,0.0,-0.0,0.0,-1.0,0.0,0.0,0.0,0.0,0.0,0.0,0.0,0,1,1,0
442670851,442669790,0.0,-0.0,0.0,-1.0,0.0,0.0,0.0,0.0,0.0,0.0,0.0,0,1,1,0
442911120,442910156,0.0,-0.0,0.0,-1.0,0.0,0.0,0.0,0.0,0.0,0.0,0.0,0,1,1,0
442954904,442953463,0.0,-0.0,0.0,-1.0,0.0,0.0,0.0,0.0,0.0,0.0,0.0,0,1,1,0
443267454,443266413,0.0,-0.0,0.0,-1.0,0.0,0.0,0.0,0.0,0.0,0.0,0.0,0,1,1,0
443467469,443266413,0.0,-0.0,0.0,-1.0,0.0,0.0,0.0,0.0,0.0,0.0,0.0,0,1,1,0
443703050,443702085,0.0,-0.0,0.0,-1.0,0.0,0.0,0.0,0.0,0.0,0.0,0.0,0,1,1,0
443903065,443702085,0.0,-0.0,0.0,-1.0,0.0,0.0,0.0,0.0,0.0,0.0,0.0,0,1,1,0
443986453,443985160,0.0,-0.0,0.0,-1.0,0.0,0.0,0.0,0.0,0.0,0.0,0.0,0,1,1,0
444299519,444298347,0.0,-0.0,0.0,-1.0,0.0,0.0,0.0,0.0,0.0,0.0,0.0,0,1,1,0
444499534,444298347,0.0,-0.0,0.0,-1.0,0.0,0.0,0.0,0.0,0.0,0.0,0.0,0,1,1,0
444605572,444604608,0.0,-0.0,0.0,-1.0,0.0,0.0,0.0,0.0,0.0,0.0,0.0,0,1,1,0
444910870,444909751,0.0,-0.0,0.0,-1.0,0.0,0.0,0.0,0.0,0.0,0.0,0.0,0,1,1,0
445110886,444909751,0.0,-0.0,0.0,-1.0,0.0,0.0,0.0,0.0,0.0,0.0,0.0,0,1,1,0
445223633,445222644,0.0,-0.0,0.0,-1.0,0.0,0.0,0.0,0.0,0.0,0.0,0.0,0,1,1,0
445423649,445222644,0.0,-0.0,0.0,-1.0,0.0,0.0,0.0,0.0,0.0,0.0,0.0,0,1,1,0
445551450,445550457,0.0,-0.0,0.0,-1.0,0.0,0.0,0.0,0.0,0.0,0.0,0.0,0,1,1,0
445857444,445856449,0.0,-0.0,0.0,-1.0,0.0,0.0,0.0,0.0,0.0,0.0,0.0,0,1,1,0
446057459,445856449,0.0,-0.0,0.0,-1.0,0.0,0.0,0.0,0.0,0.0,0.0,0.0,0,1,1,0
446171882,446170861,0.0,-0.0,0.0,-1.0,0.0,0.0,0.0,0.0,0.0,0.0,0.0,0,1,1,0
446476452,446475342,0.0,-0.0,0.0,-1.0,0.0,0.0,0.0,0.0,0.0,0.0,0.0,0,1,1,0
446676489,446475342,0.0,-0.0,0.0,-1.0,0.0,0.0,0.0,0.0,0.0,0.0,0.0,0,1,1,0
446780699,446779716,0.0,-0.0,0.0,-1.0,0.0,0.0,0.0,0.0,0.0,0.0,0.0,0,1,1,0
447084872,447083683,0.0,-0.0,0.0,-1.0,0.0,0.0,0.0,0.0,0.0,0.0,0.0,0,1,1,0
447200851,447083683,0.0,-0.0,0.0,-1.0,0.0,0.0,0.0,0.0,0.0,0.0,0.0,0,1,1,0
447397905,447396925,0.0,-0.0,0.0,-1.0,0.0,0.0,0.0,0.0,0.0,0.0,0.0,0,1,1,0
447702913,447701927,0.0,-0.0,0.0,-1.0,0.0,0.0,0.0,0.0,0.0,0.0,0.0,0,1,1,0
447902928,447701927,0.0,-0.0,0.0,-1.0,0.0,0.0,0.0,0.0,0.0,0.0,0.0,0,1,1,0
448008622,448007647,0.0,-0.0,0.0,-1.0,0.0,0.0,0.0,0.0,0.0,0.0,0.0,0,1,1,0
448213093,448007647,0.0,-0.0,0.0,-1.0,0.0,0.0,0.0,0.0,0.0,0.0,0.0,0,1,1,0
448321865,448320900,0.0,-0.0,0.0,-1.0,0.0,0.0,0.0,0.0,0.0,0.0,0.0,0,1,1,0
448628174,448627175,0.0,-0.0,0.0,-1.0,0.0,0.0,0.0,0.0,0.0,0.0,0.0,0,1,1,0
448828239,448627175,0.0,-0.0,0.0,-1.0,0.0,0.0,0.0,0.0,0.0,0.0,0.0,0,1,1,0
449107447,449106419,0.0,-0.0,0.0,-1.0,0.0,0.0,0.0,0.0,0.0,0.0,0.0,0,1,1,0
449225352,449128064,0.0,-0.0,0.0,-1.0,0.0,0.0,0.0,0.0,0.0,0.0,0.0,0,1,1,0
449443507,449442541,0.0,-0.0,0.0,-1.0,0.0,0.0,0.0,0.0,0.0,0.0,0.0,0,1,1,0
449643524,449442541,0.0,-0.0,0.0,-1.0,0.0,0.0,0.0,0.0,0.0,0.0,0.0,0,1,1,0
449749789,449748797,0.0,-0.0,0.0,-1.0,0.0,0.0,0.0,0.0,0.0,0.0,0.0,0,1,1,0
450053679,450052666,0.0,-0.0,0.0,-1.0,0.0,0.0,0.0,0.0,0.0,0.0,0.0,0,1,1,0
450237435,450052666,0.0,-0.0,0.0,-1.0,0.0,0.0,0.0,0.0,0.0,0.0,0.0,0,1,1,0
450368198,450367188,0.0,-0.0,0.0,-1.0,0.0,0.0,0.0,0.0,0.0,0.0,0.0,0,1,1,0
450673170,450672090,0.0,-0.0,0.0,-1.0,0.0,0.0,0.0,0.0,0.0,0.0,0.0,0,1,1,0
450873237,450672090,0.0,-0.0,0.0,-1.0,0.0,0.0,0.0,0.0,0.0,0.0,0.0,0,1,1,0
450978050,450977087,0.0,-0.0,0.0,-1.0,0.0,0.0,0.0,0.0,0.0,0.0,0.0,0,1,1,0
451290422,451289438,0.0,-0.0,0.0,-1.0,0.0,0.0,0.0,0.0,0.0,0.0,0.0,0,1,1,0
451490437,451289438,0.0,-0.0,0.0,-1.0,0.0,0.0,0.0,0.0,0.0,0.0,0.0,0,1,1,0
451594773,451593476,0.0,-0.0,0.0,-1.0,0.0,0.0,0.0,0.0,0.0,0.0,0.0,0,1,1,0
451899663,451898653,0.0,-0.0,0.0,-1.0,0.0,0.0,0.0,0.0,0.0,0.0,0.0,0,1,1,0
452099678,451898653,0.0,-0.0,0.0,-1.0,0.0,0.0,0.0,0.0,0.0,0.0,0.0,0,1,1,0
452256480,452203413,0.0,-0.0,0.0,-1.0,0.0,0.0,0.0,0.0,0.0,0.0,0.0,0,1,1,0
452518472,452517509,0.0,-0.0,0.0,-1.0,0.0,0.0,0.0,0.0,0.0,0.0,0.0,0,1,1,0
452718487,452517509,0.0,-0.0,0.0,-1.0,0.0,0.0,0.0,0.0,0.0,0.0,0.0,0,1,1,0
452823696,452822645,0.0,-0.0,0.0,-1.0,0.0,0.0,0.0,0.0,0.0,0.0,0.0,0,1,1,0
453023711,452822645,0.0,-0.0,0.0,-1.0,0.0,0.0,0.0,0.0,0.0,0.0,0.0,0,1,1,0
453269107,453129089,0.0,-0.0,0.0,-1.0,0.0,0.0,0.0,0.0,0.0,0.0,0.0,0,1,1,0
453443683,453442650,0.0,-0.0,0.0,-1.0,0.0,0.0,0.0,0.0,0.0,0.0,0.0,0,1,1,0
453643698,453442650,0.0,-0.0,0.0,-1.0,0.0,0.0,0.0,0.0,0.0,0.0,0.0,0,1,1,0
453749146,453748095,0.0,-0.0,0.0,-1.0,0.0,0.0,0.0,0.0,0.0,0.0,0.0,0,1,1,0
454054714,454053275,0.0,-0.0,0.0,-1.0,0.0,0.0,0.0,0.0,0.0,0.0,0.0,0,1,1,0
454281460,454053275,0.0,-0.0,0.0,-1.0,0.0,0.0,0.0,0.0,0.0,0.0,0.0,0,1,1,0
454368641,454367663,0.0,-0.0,0.0,-1.0,0.0,0.0,0.0,0.0,0.0,0.0,0.0,0,1,1,0
454673047,454672010,0.0,-0.0,0.0,-1.0,0.0,0.0,0.0,0.0,0.0,0.0,0.0,0,1,1,0
454873062,454672010,0.0,-0.0,0.0,-1.0,0.0,0.0,0.0,0.0,0.0,0.0,0.0,0,1,1,0
454979688,454978670,0.0,-0.0,0.0,-1.0,0.0,0.0,0.0,0.0,0.0,0.0,0.0,0,1,1,0
455292140,455291172,0.0,-0.0,0.0,-1.0,0.0,0.0,0.0,0.0,0.0,0.0,0.0,0,1,1,0
455488683,455487719,0.0,-0.0,0.0,-1.0,0.0,0.0,0.0,0.0,0.0,0.0,0.0,0,1,1,0
455688698,455487719,0.0,-0.0,0.0,-1.0,0.0,0.0,0.0,0.0,0.0,0.0,0.0,0,1,1,0
455793628,455792666,0.0,-0.0,0.0,-1.0,0.0,0.0,0.0,0.0,0.0,0.0,0.0,0,1,1,0
456099519,456098452,0.0,-0.0,0.0,-1.0,0.0,0.0,0.0,0.0,0.0,0.0,0.0,0,1,1,0
456303422,456098452,0.0,-0.0,0.0,-1.0,0.0,0.0,0.0,0.0,0.0,0.0,0.0,0,1,1,0
456412661,456411613,0.0,-0.0,0.0,-1.0,0.0,0.0,0.0,0.0,0.0,0.0,0.0,0,1,1,0
456718197,456717208,0.0,-0.0,0.0,-1.0,0.0,0.0,0.0,0.0,0.0,0.0,0.0,0,1,1,0
456918242,456717208,0.0,-0.0,0.0,-1.0,0.0,0.0,0.0,0.0,0.0,0.0,0.0,0,1,1,0
457023055,457022085,0.0,-0.0,0.0,-1.0,0.0,0.0,0.0,0.0,0.0,0.0,0.0,0,1,1,0
457314721,457022085,0.0,-0.0,0.0,-1.0,0.0,0.0,0.0,0.0,0.0,0.0,0.0,0,1,1,0
457336746,457335465,0.0,-0.0,0.0,-1.0,0.0,0.0,0.0,0.0,0.0,0.0,0.0,0,1,1,0
457641270,457640291,0.0,-0.0,0.0,-1.0,0.0,0.0,0.0,0.0,0.0,0.0,0.0,0,1,1,0
457841295,457640291,0.0,-0.0,0.0,-1.0,0.0,0.0,0.0,0.0,0.0,0.0,0.0,0,1,1,0
457946122,457945155,0.0,-0.0,0.0,-1.0,0.0,0.0,0.0,0.0,0.0,0.0,0.0,0,1,1,0
458251465,458250329,0.0,-0.0,0.0,-1.0,0.0,0.0,0.0,0.0,0.0,0.0,0.0,0,1,1,0
458325351,458250329,0.0,-0.0,0.0,-1.0,0.0,0.0,0.0,0.0,0.0,0.0,0.0,0,1,1,0
458566175,458564835,0.0,-0.0,0.0,-1.0,0.0,0.0,0.0,0.0,0.0,0.0,0.0,0,1,1,0
458871829,458870833,0.0,-0.0,0.0,-1.0,0.0,0.0,0.0,0.0,0.0,0.0,0.0,0,1,1,0
459071844,458870833,0.0,-0.0,0.0,-1.0,0.0,0.0,0.0,0.0,0.0,0.0,0.0,0,1,1,0
459199116,459198061,0.0,-0.0,0.0,-1.0,0.0,0.0,0.0,0.0,0.0,0.0,0.0,0,1,1,0
459468622,459467660,0.0,-0.0,0.0,-1.0,0.0,0.0,0.0,0.0,0.0,0.0,0.0,0,1,1,0
459668637,459467660,0.0,-0.0,0.0,-1.0,0.0,0.0,0.0,0.0,0.0,0.0,0.0,0,1,1,0
459773678,459772678,0.0,-0.0,0.0,-1.0,0.0,0.0,0.0,0.0,0.0,0.0,0.0,0,1,1,0
460080153,460079091,0.0,-0.0,0.0,-1.0,0.0,0.0,0.0,0.0,0.0,0.0,0.0,0,1,1,0
460280204,460079091,0.0,-0.0,0.0,-1.0,0.0,0.0,0.0,0.0,0.0,0.0,0.0,0,1,1,0
460392909,460391931,0.0,-0.0,0.0,-1.0,0.0,0.0,0.0,0.0,0.0,0.0,0.0,0,1,1,0
460699112,460697951,0.0,-0.0,0.0,-1.0,0.0,0.0,0.0,0.0,0.0,0.0,0.0,0,1,1,0
460899126,460697951,0.0,-0.0,0.0,-1.0,0.0,0.0,0.0,0.0,0.0,0.0,0.0,0,1,1,0
461005576,461004611,0.0,-0.0,0.0,-1.0,0.0,0.0,0.0,0.0,0.0,0.0,0.0,0,1,1,0
461311858,461310892,0.0,-0.0,0.0,-1.0,0.0,0.0,0.0,0.0,0.0,0.0,0.0,0,1,1,0
461363785,461310892,0.0,-0.0,0.0,-1.0,0.0,0.0,0.0,0.0,0.0,0.0,0.0,0,1,1,0
461625630,461624623,0.0,-0.0,0.0,-1.0,0.0,0.0,0.0,0.0,0.0,0.0,0.0,0,1,1,0
461887286,461886259,0.0,-0.0,0.0,-1.0,0.0,0.0,0.0,0.0,0.0,0.0,0.0,0,1,1,0
462087300,461886259,0.0,-0.0,0.0,-1.0,0.0,0.0,0.0,0.0,0.0,0.0,0.0,0,1,1,0
462192154,462191131,0.0,-0.0,0.0,-1.0,0.0,0.0,0.0,0.0,0.0,0.0,0.0,0,1,1,0
462505697,462504701,0.0,-0.0,0.0,-1.0,0.0,0.0,0.0,0.0,0.0,0.0,0.0,0,1,1,0
462705715,462504701,0.0,-0.0,0.0,-1.0,0.0,0.0,0.0,0.0,0.0,0.0,0.0,0,1,1,0
462810413,462809436,0.0,-0.0,0.0,-1.0,0.0,0.0,0.0,0.0,0.0,0.0,0.0,0,1,1,0
463115561,463114583,0.0,-0.0,0.0,-1.0,0.0,0.0,0.0,0.0,0.0,0.0,0.0,0,1,1,0
463315576,463114583,0.0,-0.0,0.0,-1.0,0.0,0.0,0.0,0.0,0.0,0.0,0.0,0,1,1,0
463430151,463429100,0.0,-0.0,0.0,-1.0,0.0,0.0,0.0,0.0,0.0,0.0,0.0,0,1,1,0
463630199,463429100,0.0,-0.0,0.0,-1.0,0.0,0.0,0.0,0.0,0.0,0.0,0.0,0,1,1,0
463735575,463734593,0.0,-0.0,0.0,-1.0,0.0,0.0,0.0,0.0,0.0,0.0,0.0,0,1,1,0
464041628,464040653,0.0,-0.0,0.0,-1.0,0.0,0.0,0.0,0.0,0.0,0.0,0.0,0,1,1,0
464241643,464040653,0.0,-0.0,0.0,-1.0,0.0,0.0,0.0,0.0,0.0,0.0,0.0,0,1,1,0
464398608,464345463,0.0,-0.0,0.0,-1.0,0.0,0.0,0.0,0.0,0.0,0.0,0.0,0,1,1,0
464660341,464659374,0.0,-0.0,0.0,-1.0,0.0,0.0,0.0,0.0,0.0,0.0,0.0,0,1,1,0
464900361,464899397,0.0,-0.0,0.0,-1.0,0.0,0.0,0.0,0.0,0.0,0.0,0.0,0,1,1,0
464922026,464920980,0.0,-0.0,0.0,-1.0,0.0,0.0,0.0,0.0,0.0,0.0,0.0,0,1,1,0
465226466,465225485,0.0,-0.0,0.0,-1.0,0.0,0.0,0.0,0.0,0.0,0.0,0.0,0,1,1,0
465409759,465225485,0.0,-0.0,0.0,-1.0,0.0,0.0,0.0,0.0,0.0,0.0,0.0,0,1,1,0
465540359,465539397,0.0,-0.0,0.0,-1.0,0.0,0.0,0.0,0.0,0.0,0.0,0.0,0,1,1,0
465844736,465843652,0.0,-0.0,0.0,-1.0,0.0,0.0,0.0,0.0,0.0,0.0,0.0,0,1,1,0
466044751,465843652,0.0,-0.0,0.0,-1.0,0.0,0.0,0.0,0.0,0.0,0.0,0.0,0,1,1,0
466149644,466148680,0.0,-0.0,0.0,-1.0,0.0,0.0,0.0,0.0,0.0,0.0,0.0,0,1,1,0
466462656,466461603,0.0,-0.0,0.0,-1.0,0.0,0.0,0.0,0.0,0.0,0.0,0.0,0,1,1,0
466662672,466461603,0.0,-0.0,0.0,-1.0,0.0,0.0,0.0,0.0,0.0,0.0,0.0,0,1,1,0
466767449,466766420,0.0,-0.0,0.0,-1.0,0.0,0.0,0.0,0.0,0.0,0.0,0.0,0,1,1,0
466985637,466984675,0.0,-0.0,0.0,-1.0,0.0,0.0,0.0,0.0,0.0,0.0,0.0,0,1,1,0
467291815,467290831,0.0,-0.0,0.0,-1.0,0.0,0.0,0.0,0.0,0.0,0.0,0.0,0,1,1,0
467430556,467290831,0.0,-0.0,0.0,-1.0,0.0,0.0,0.0,0.0,0.0,0.0,0.0,0,1,1,0
467604750,467603410,0.0,-0.0,0.0,-1.0,0.0,0.0,0.0,0.0,0.0,0.0,0.0,0,1,1,0
467910153,467909095,0.0,-0.0,0.0,-1.0,0.0,0.0,0.0,0.0,0.0,0.0,0.0,0,1,1,0
468019115,468018061,0.0,-0.0,0.0,-1.0,0.0,0.0,0.0,0.0,0.0,0.0,0.0,0,1,1,0
468219131,468018061,0.0,-0.0,0.0,-1.0,0.0,0.0,0.0,0.0,0.0,0.0,0.0,0,1,1,0
468442726,468322989,0.0,-0.0,0.0,-1.0,0.0,0.0,0.0,0.0,0.0,0.0,0.0,0,1,1,0
468640151,468639090,0.0,-0.0,0.0,-1.0,0.0,0.0,0.0,0.0,0.0,0.0,0.0,0,1,1,0
468840200,468639090,0.0,-0.0,0.0,-1.0,0.0,0.0,0.0,0.0,0.0,0.0,0.0,0,1,1,0
469097231,469096260,0.0,-0.0,0.0,-1.0,0.0,0.0,0.0,0.0,0.0,0.0,0.0,0,1,1,0
469162650,469161605,0.0,-0.0,0.0,-1.0,0.0,0.0,0.0,0.0,0.0,0.0,0.0,0,1,1,0
469476954,469475446,0.0,-0.0,0.0,-1.0,0.0,0.0,0.0,0.0,0.0,0.0,0.0,0,1,1,0
469677027,469475446,0.0,-0.0,0.0,-1.0,0.0,0.0,0.0,0.0,0.0,0.0,0.0,0,1,1,0
469890871,469889907,0.0,-0.0,0.0,-1.0,0.0,0.0,0.0,0.0,0.0,0.0,0.0,0,1,1,0
470087909,470086931,0.0,-0.0,0.0,-1.0,0.0,0.0,0.0,0.0,0.0,0.0,0.0,0,1,1,0
470287925,470086931,0.0,-0.0,0.0,-1.0,0.0,0.0,0.0,0.0,0.0,0.0,0.0,0,1,1,0
470466121,470391606,0.0,-0.0,0.0,-1.0,0.0,0.0,0.0,0.0,0.0,0.0,0.0,0,1,1,0
470705716,470704752,0.0,-0.0,0.0,-1.0,0.0,0.0,0.0,0.0,0.0,0.0,0.0,0,1,1,0
470771459,470770433,0.0,-0.0,0.0,-1.0,0.0,0.0,0.0,0.0,0.0,0.0,0.0,0,1,1,0
471076944,471075157,0.0,-0.0,0.0,-1.0,0.0,0.0,0.0,0.0,0.0,0.0,0.0,0,1,1,0
471277021,471075157,0.0,-0.0,0.0,-1.0,0.0,0.0,0.0,0.0,0.0,0.0,0.0,0,1,1,0
471477294,471380980,0.0,-0.0,0.0,-1.0,0.0,0.0,0.0,0.0,0.0,0.0,0.0,0,1,1,0
471694758,471693792,0.0,-0.0,0.0,-1.0,0.0,0.0,0.0,0.0,0.0,0.0,0.0,0,1,1,0
471894773,471693792,0.0,-0.0,0.0,-1.0,0.0,0.0,0.0,0.0,0.0,0.0,0.0,0,1,1,0
472000712,471999749,0.0,-0.0,0.0,-1.0,0.0,0.0,0.0,0.0,0.0,0.0,0.0,0,1,1,0
472306891,472305489,0.0,-0.0,0.0,-1.0,0.0,0.0,0.0,0.0,0.0,0.0,0.0,0,1,1,0
472489611,472305489,0.0,-0.0,0.0,-1.0,0.0,0.0,0.0,0.0,0.0,0.0,0.0,0,1,1,0
472619740,472618760,0.0,-0.0,0.0,-1.0,0.0,0.0,0.0,0.0,0.0,0.0,0.0,0,1,1,0
472819755,472618760,0.0,-0.0,0.0,-1.0,0.0,0.0,0.0,0.0,0.0,0.0,0.0,0,1,1,0
472924870,472923410,0.0,-0.0,0.0,-1.0,0.0,0.0,0.0,0.0,0.0,0.0,0.0,0,1,1,0
473229623,473228660,0.0,-0.0,0.0,-1.0,0.0,0.0,0.0,0.0,0.0,0.0,0.0,0,1,1,0
473499620,473228660,0.0,-0.0,0.0,-1.0,0.0,0.0,0.0,0.0,0.0,0.0,0.0,0,1,1,0
473542852,473541890,0.0,-0.0,0.0,-1.0,0.0,0.0,0.0,0.0,0.0,0.0,0.0,0,1,1,0
473846474,473845493,0.0,-0.0,0.0,-1.0,0.0,0.0,0.0,0.0,0.0,0.0,0.0,0,1,1,0
474042854,474041892,0.0,-0.0,0.0,-1.0,0.0,0.0,0.0,0.0,0.0,0.0,0.0,0,1,1,0
474242869,474041892,0.0,-0.0,0.0,-1.0,0.0,0.0,0.0,0.0,0.0,0.0,0.0,0,1,1,0
474509122,474507929,0.0,-0.0,0.0,-1.0,0.0,0.0,0.0,0.0,0.0,0.0,0.0,0,1,1,0
474530847,474529789,0.0,-0.0,0.0,-1.0,0.0,0.0,0.0,0.0,0.0,0.0,0.0,0,1,1,0
474836930,474835577,0.0,-0.0,0.0,-1.0,0.0,0.0,0.0,0.0,0.0,0.0,0.0,0,1,1,0
475037021,474835577,0.0,-0.0,0.0,-1.0,0.0,0.0,0.0,0.0,0.0,0.0,0.0,0,1,1,0
475142788,475141746,0.0,-0.0,0.0,-1.0,0.0,0.0,0.0,0.0,0.0,0.0,0.0,0,1,1,0
475448645,475447653,0.0,-0.0,0.0,-1.0,0.0,0.0,0.0,0.0,0.0,0.0,0.0,0,1,1,0
475522725,475447653,0.0,-0.0,0.0,-1.0,0.0,0.0,0.0,0.0,0.0,0.0,0.0,0,1,1,0
475740855,475739805,0.0,-0.0,0.0,-1.0,0.0,0.0,0.0,0.0,0.0,0.0,0.0,0,1,1,0
476048047,476047034,0.0,-0.0,0.0,-1.0,0.0,0.0,0.0,0.0,0.0,0.0,0.0,0,1,1,0
476248062,476047034,0.0,-0.0,0.0,-1.0,0.0,0.0,0.0,0.0,0.0,0.0,0.0,0,1,1,0
476352854,476351892,0.0,-0.0,0.0,-1.0,0.0,0.0,0.0,0.0,0.0,0.0,0.0,0,1,1,0
476709638,476708674,0.0,-0.0,0.0,-1.0,0.0,0.0,0.0,0.0,0.0,0.0,0.0,0,1,1,0
476909653,476708674,0.0,-0.0,0.0,-1.0,0.0,0.0,0.0,0.0,0.0,0.0,0.0,0,1,1,0
477014763,477013476,0.0,-0.0,0.0,-1.0,0.0,0.0,0.0,0.0,0.0,0.0,0.0,0,1,1,0
477214778,477013476,0.0,-0.0,0.0,-1.0,0.0,0.0,0.0,0.0,0.0,0.0,0.0,0,1,1,0
477320329,477319364,0.0,-0.0,0.0,-1.0,0.0,0.0,0.0,0.0,0.0,0.0,0.0,0,1,1,0
477633616,477632654,0.0,-0.0,0.0,-1.0,0.0,0.0,0.0,0.0,0.0,0.0,0.0,0,1,1,0
477833632,477632654,0.0,-0.0,0.0,-1.0,0.0,0.0,0.0,0.0,0.0,0.0,0.0,0,1,1,0
478047443,478046430,0.0,-0.0,0.0,-1.0,0.0,0.0,0.0,0.0,0.0,0.0,0.0,0,1,1,0
478247458,478046430,0.0,-0.0,0.0,-1.0,0.0,0.0,0.0,0.0,0.0,0.0,0.0,0,1,1,0
478352661,478351602,0.0,-0.0,0.0,-1.0,0.0,0.0,0.0,0.0,0.0,0.0,0.0,0,1,1,0
478666191,478664922,0.0,-0.0,0.0,-1.0,0.0,0.0,0.0,0.0,0.0,0.0,0.0,0,1,1,0
478866229,478664922,0.0,-0.0,0.0,-1.0,0.0,0.0,0.0,0.0,0.0,0.0,0.0,0,1,1,0
478972025,478970970,0.0,-0.0,0.0,-1.0,0.0,0.0,0.0,0.0,0.0,0.0,0.0,0,1,1,0
479277851,479276888,0.0,-0.0,0.0,-1.0,0.0,0.0,0.0,0.0,0.0,0.0,0.0,0,1,1,0
479477866,479276888,0.0,-0.0,0.0,-1.0,0.0,0.0,0.0,0.0,0.0,0.0,0.0,0,1,1,0
479591420,479590157,0.0,-0.0,0.0,-1.0,0.0,0.0,0.0,0.0,0.0,0.0,0.0,0,1,1,0
479895612,479894613,0.0,-0.0,0.0,-1.0,0.0,0.0,0.0,0.0,0.0,0.0,0.0,0,1,1,0
480095653,479894613,0.0,-0.0,0.0,-1.0,0.0,0.0,0.0,0.0,0.0,0.0,0.0,0,1,1,0
480200724,480199716,0.0,-0.0,0.0,-1.0,0.0,0.0,0.0,0.0,0.0,0.0,0.0,0,1,1,0
480505986,480504928,0.0,-0.0,0.0,-1.0,0.0,0.0,0.0,0.0,0.0,0.0,0.0,0,1,1,0
480580173,480504928,0.0,-0.0,0.0,-1.0,0.0,0.0,0.0,0.0,0.0,0.0,0.0,0,1,1,0
480820054,480819090,0.0,-0.0,0.0,-1.0,0.0,0.0,0.0,0.0,0.0,0.0,0.0,0,1,1,0
481020200,480819090,0.0,-0.0,0.0,-1.0,0.0,0.0,0.0,0.0,0.0,0.0,0.0,0,1,1,0
481125564,481124600,0.0,-0.0,0.0,-1.0,0.0,0.0,0.0,0.0,0.0,0.0,0.0,0,1,1,0
481430269,481429243,0.0,-0.0,0.0,-1.0,0.0,0.0,0.0,0.0,0.0,0.0,0.0,0,1,1,0
481591813,481429243,0.0,-0.0,0.0,-1.0,0.0,0.0,0.0,0.0,0.0,0.0,0.0,0,1,1,0
481744517,481743010,0.0,-0.0,0.0,-1.0,0.0,0.0,0.0,0.0,0.0,0.0,0.0,0,1,1,0
482048052,482047089,0.0,-0.0,0.0,-1.0,0.0,0.0,0.0,0.0,0.0,0.0,0.0,0,1,1,0
482248068,482047089,0.0,-0.0,0.0,-1.0,0.0,0.0,0.0,0.0,0.0,0.0,0.0,0,1,1,0
482351272,482350293,0.0,-0.0,0.0,-1.0,0.0,0.0,0.0,0.0,0.0,0.0,0.0,0,1,1,0
482664973,482663279,0.0,-0.0,0.0,-1.0,0.0,0.0,0.0,0.0,0.0,0.0,0.0,0,1,1,0
482864988,482663279,0.0,-0.0,0.0,-1.0,0.0,0.0,0.0,0.0,0.0,0.0,0.0,0,1,1,0
482969618,482968653,0.0,-0.0,0.0,-1.0,0.0,0.0,0.0,0.0,0.0,0.0,0.0,0,1,1,0
483274529,483273020,0.0,-0.0,0.0,-1.0,0.0,0.0,0.0,0.0,0.0,0.0,0.0,0,1,1,0
483474543,483273020,0.0,-0.0,0.0,-1.0,0.0,0.0,0.0,0.0,0.0,0.0,0.0,0,1,1,0
483631684,483579235,0.0,-0.0,0.0,-1.0,0.0,0.0,0.0,0.0,0.0,0.0,0.0,0,1,1,0
483893649,483892652,0.0,-0.0,0.0,-1.0,0.0,0.0,0.0,0.0,0.0,0.0,0.0,0,1,1,0
484093665,483892652,0.0,-0.0,0.0,-1.0,0.0,0.0,0.0,0.0,0.0,0.0,0.0,0,1,1,0
484200354,484199385,0.0,-0.0,0.0,-1.0,0.0,0.0,0.0,0.0,0.0,0.0,0.0,0,1,1,0
484504692,484503343,0.0,-0.0,0.0,-1.0,0.0,0.0,0.0,0.0,0.0,0.0,0.0,0,1,1,0
484643480,484503343,0.0,-0.0,0.0,-1.0,0.0,0.0,0.0,0.0,0.0,0.0,0.0,0,1,1,0
484905986,484904772,0.0,-0.0,0.0,-1.0,0.0,0.0,0.0,0.0,0.0,0.0,0.0,0,1,1,0
485106120,484904772,0.0,-0.0,0.0,-1.0,0.0,0.0,0.0,0.0,0.0,0.0,0.0,0,1,1,0
485211277,485210297,0.0,-0.0,0.0,-1.0,0.0,0.0,0.0,0.0,0.0,0.0,0.0,0,1,1,0
485516467,485515432,0.0,-0.0,0.0,-1.0,0.0,0.0,0.0,0.0,0.0,0.0,0.0,0,1,1,0
485654745,485515432,0.0,-0.0,0.0,-1.0,0.0,0.0,0.0,0.0,0.0,0.0,0.0,0,1,1,0
485828472,485827509,0.0,-0.0,0.0,-1.0,0.0,0.0,0.0,0.0,0.0,0.0,0.0,0,1,1,0
486028488,485827509,0.0,-0.0,0.0,-1.0,0.0,0.0,0.0,0.0,0.0,0.0,0.0,0,1,1,0
486134345,486133049,0.0,-0.0,0.0,-1.0,0.0,0.0,0.0,0.0,0.0,0.0,0.0,0,1,1,0
486439620,486438657,0.0,-0.0,0.0,-1.0,0.0,0.0,0.0,0.0,0.0,0.0,0.0,0,1,1,0
486664774,486438657,0.0,-0.0,0.0,-1.0,0.0,0.0,0.0,0.0,0.0,0.0,0.0,0,1,1,0
486751813,486750833,0.0,-0.0,0.0,-1.0,0.0,0.0,0.0,0.0,0.0,0.0,0.0,0,1,1,0
487058144,487057176,0.0,-0.0,0.0,-1.0,0.0,0.0,0.0,0.0,0.0,0.0,0.0,0,1,1,0
487258200,487057176,0.0,-0.0,0.0,-1.0,0.0,0.0,0.0,0.0,0.0,0.0,0.0,0,1,1,0
487362652,487361609,0.0,-0.0,0.0,-1.0,0.0,0.0,0.0,0.0,0.0,0.0,0.0,0,1,1,0
487676928,487675301,0.0,-0.0,0.0,-1.0,0.0,0.0,0.0,0.0,0.0,0.0,0.0,0,1,1,0
487877021,487675301,0.0,-0.0,0.0,-1.0,0.0,0.0,0.0,0.0,0.0,0.0,0.0,0,1,1,0
487981295,487980299,0.0,-0.0,0.0,-1.0,0.0,0.0,0.0,0.0,0.0,0.0,0.0,0,1,1,0
488286118,488285152,0.0,-0.0,0.0,-1.0,0.0,0.0,0.0,0.0,0.0,0.0,0.0,0,1,1,0
488486186,488285152,0.0,-0.0,0.0,-1.0,0.0,0.0,0.0,0.0,0.0,0.0,0.0,0,1,1,0
488686905,488589749,0.0,-0.0,0.0,-1.0,0.0,0.0,0.0,0.0,0.0,0.0,0.0,0,1,1,0
488904312,488903012,0.0,-0.0,0.0,-1.0,0.0,0.0,0.0,0.0,0.0,0.0,0.0,0,1,1,0
489104461,488903012,0.0,-0.0,0.0,-1.0,0.0,0.0,0.0,0.0,0.0,0.0,0.0,0,1,1,0
489209103,489207862,0.0,-0.0,0.0,-1.0,0.0,0.0,0.0,0.0,0.0,0.0,0.0,0,1,1,0
489514910,489513273,0.0,-0.0,0.0,-1.0,0.0,0.0,0.0,0.0,0.0,0.0,0.0,0,1,1,0
489698047,489513273,0.0,-0.0,0.0,-1.0,0.0,0.0,0.0,0.0,0.0,0.0,0.0,0,1,1,0
489828053,489827087,0.0,-0.0,0.0,-1.0,0.0,0.0,0.0,0.0,0.0,0.0,0.0,0,1,1,0
490028068,489827087,0.0,-0.0,0.0,-1.0,0.0,0.0,0.0,0.0,0.0,0.0,0.0,0,1,1,0
490132885,490131892,0.0,-0.0,0.0,-1.0,0.0,0.0,0.0,0.0,0.0,0.0,0.0,0,1,1,0
490438057,490437072,0.0,-0.0,0.0,-1.0,0.0,0.0,0.0,0.0,0.0,0.0,0.0,0,1,1,0
490708299,490437072,0.0,-0.0,0.0,-1.0,0.0,0.0,0.0,0.0,0.0,0.0,0.0,0,1,1,0
490751821,490750836,0.0,-0.0,0.0,-1.0,0.0,0.0,0.0,0.0,0.0,0.0,0.0,0,1,1,0
491056905,491055305,0.0,-0.0,0.0,-1.0,0.0,0.0,0.0,0.0,0.0,0.0,0.0,0,1,1,0
491257023,491055305,0.0,-0.0,0.0,-1.0,0.0,0.0,0.0,0.0,0.0,0.0,0.0,0,1,1,0
491361814,491360835,0.0,-0.0,0.0,-1.0,0.0,0.0,0.0,0.0,0.0,0.0,0.0,0,1,1,0
491718474,491665347,0.0,-0.0,0.0,-1.0,0.0,0.0,0.0,0.0,0.0,0.0,0.0,0,1,1,0
491918491,491665347,0.0,-0.0,0.0,-1.0,0.0,0.0,0.0,0.0,0.0,0.0,0.0,0,1,1,0
491980053,491979089,0.0,-0.0,0.0,-1.0,0.0,0.0,0.0,0.0,0.0,0.0,0.0,0,1,1,0
492285571,492284601,0.0,-0.0,0.0,-1.0,0.0,0.0,0.0,0.0,0.0,0.0,0.0,0,1,1,0
492485587,492284601,0.0,-0.0,0.0,-1.0,0.0,0.0,0.0,0.0,0.0,0.0,0.0,0,1,1,0
492590848,492589709,0.0,-0.0,0.0,-1.0,0.0,0.0,0.0,0.0,0.0,0.0,0.0,0,1,1,0
492904862,492903371,0.0,-0.0,0.0,-1.0,0.0,0.0,0.0,0.0,0.0,0.0,0.0,0,1,1,0
493104877,492903371,0.0,-0.0,0.0,-1.0,0.0,0.0,0.0,0.0,0.0,0.0,0.0,0,1,1,0
493209113,493208060,0.0,-0.0,0.0,-1.0,0.0,0.0,0.0,0.0,0.0,0.0,0.0,0,1,1,0
493514627,493512998,0.0,-0.0,0.0,-1.0,0.0,0.0,0.0,0.0,0.0,0.0,0.0,0,1,1,0
493714641,493512998,0.0,-0.0,0.0,-1.0,0.0,0.0,0.0,0.0,0.0,0.0,0.0,0,1,1,0
493829097,493827846,0.0,-0.0,0.0,-1.0,0.0,0.0,0.0,0.0,0.0,0.0,0.0,0,1,1,0
494029112,493827846,0.0,-0.0,0.0,-1.0,0.0,0.0,0.0,0.0,0.0,0.0,0.0,0,1,1,0
494134381,494133018,0.0,-0.0,0.0,-1.0,0.0,0.0,0.0,0.0,0.0,0.0,0.0,0,1,1,0
494440335,494439371,0.0,-0.0,0.0,-1.0,0.0,0.0,0.0,0.0,0.0,0.0,0.0,0,1,1,0
494658794,494657803,0.0,-0.0,0.0,-1.0,0.0,0.0,0.0,0.0,0.0,0.0,0.0,0,1,1,0
494754583,494657803,0.0,-0.0,0.0,-1.0,0.0,0.0,0.0,0.0,0.0,0.0,0.0,0,1,1,0
494973384,494972421,0.0,-0.0,0.0,-1.0,0.0,0.0,0.0,0.0,0.0,0.0,0.0,0,1,1,0
495279113,495278034,0.0,-0.0,0.0,-1.0,0.0,0.0,0.0,0.0,0.0,0.0,0.0,0,1,1,0
495479127,495278034,0.0,-0.0,0.0,-1.0,0.0,0.0,0.0,0.0,0.0,0.0,0.0,0,1,1,0
495584925,495583552,0.0,-0.0,0.0,-1.0,0.0,0.0,0.0,0.0,0.0,0.0,0.0,0,1,1,0
495898200,495897185,0.0,-0.0,0.0,-1.0,0.0,0.0,0.0,0.0,0.0,0.0,0.0,0,1,1,0
496098237,495897185,0.0,-0.0,0.0,-1.0,0.0,0.0,0.0,0.0,0.0,0.0,0.0,0,1,1,0
496203629,496202666,0.0,-0.0,0.0,-1.0,0.0,0.0,0.0,0.0,0.0,0.0,0.0,0,1,1,0
496509518,496508457,0.0,-0.0,0.0,-1.0,0.0,0.0,0.0,0.0,0.0,0.0,0.0,0,1,1,0
496709533,496508457,0.0,-0.0,0.0,-1.0,0.0,0.0,0.0,0.0,0.0,0.0,0.0,0,1,1,0
496822027,496820975,0.0,-0.0,0.0,-1.0,0.0,0.0,0.0,0.0,0.0,0.0,0.0,0,1,1,0
497022042,496820975,0.0,-0.0,0.0,-1.0,0.0,0.0,0.0,0.0,0.0,0.0,0.0,0,1,1,0
497127437,497126455,0.0,-0.0,0.0,-1.0,0.0,0.0,0.0,0.0,0.0,0.0,0.0,0,1,1,0
497432026,497431033,0.0,-0.0,0.0,-1.0,0.0,0.0,0.0,0.0,0.0,0.0,0.0,0,1,1,0
497632041,497431033,0.0,-0.0,0.0,-1.0,0.0,0.0,0.0,0.0,0.0,0.0,0.0,0,1,1,0
497789519,497736450,0.0,-0.0,0.0,-1.0,0.0,0.0,0.0,0.0,0.0,0.0,0.0,0,1,1,0
498050151,498049098,0.0,-0.0,0.0,-1.0,0.0,0.0,0.0,0.0,0.0,0.0,0.0,0,1,1,0
498250201,498049098,0.0,-0.0,0.0,-1.0,0.0,0.0,0.0,0.0,0.0,0.0,0.0,0,1,1,0
498355515,498354446,0.0,-0.0,0.0,-1.0,0.0,0.0,0.0,0.0,0.0,0.0,0.0,0,1,1,0
498661271,498660293,0.0,-0.0,0.0,-1.0,0.0,0.0,0.0,0.0,0.0,0.0,0.0,0,1,1,0
498800252,498660293,0.0,-0.0,0.0,-1.0,0.0,0.0,0.0,0.0,0.0,0.0,0.0,0,1,1,0
498975034,498973459,0.0,-0.0,0.0,-1.0,0.0,0.0,0.0,0.0,0.0,0.0,0.0,0,1,1,0
499280413,499279442,0.0,-0.0,0.0,-1.0,0.0,0.0,0.0,0.0,0.0,0.0,0.0,0,1,1,0
499480428,499279442,0.0,-0.0,0.0,-1.0,0.0,0.0,0.0,0.0,0.0,0.0,0.0,0,1,1,0
499584867,499583464,0.0,-0.0,0.0,-1.0,0.0,0.0,0.0,0.0,0.0,0.0,0.0,0,1,1,0
499898051,499897087,0.0,-0.0,0.0,-1.0,0.0,0.0,0.0,0.0,0.0,0.0,0.0,0,1,1,0
500098066,499897087,0.0,-0.0,0.0,-1.0,0.0,0.0,0.0,0.0,0.0,0.0,0.0,0,1,1,0
500203379,500202417,0.0,-0.0,0.0,-1.0,0.0,0.0,0.0,0.0,0.0,0.0,0.0,0,1,1,0
500508248,500507283,0.0,-0.0,0.0,-1.0,0.0,0.0,0.0,0.0,0.0,0.0,0.0,0,1,1,0
500708286,500507283,0.0,-0.0,0.0,-1.0,0.0,0.0,0.0,0.0,0.0,0.0,0.0,0,1,1,0
500822124,500821159,0.0,-0.0,0.0,-1.0,0.0,0.0,0.0,0.0,0.0,0.0,0.0,0,1,1,0
501022184,500821159,0.0,-0.0,0.0,-1.0,0.0,0.0,0.0,0.0,0.0,0.0,0.0,0,1,1,0
501126741,501125523,0.0,-0.0,0.0,-1.0,0.0,0.0,0.0,0.0,0.0,0.0,0.0,0,1,1,0
501432026,501430974,0.0,-0.0,0.0,-1.0,0.0,0.0,0.0,0.0,0.0,0.0,0.0,0,1,1,0
501632042,501430974,0.0,-0.0,0.0,-1.0,0.0,0.0,0.0,0.0,0.0,0.0,0.0,0,1,1,0
501833136,501736889,0.0,-0.0,0.0,-1.0,0.0,0.0,0.0,0.0,0.0,0.0,0.0,0,1,1,0
502051302,502050161,0.0,-0.0,0.0,-1.0,0.0,0.0,0.0,0.0,0.0,0.0,0.0,0,1,1,0
502251422,502050161,0.0,-0.0,0.0,-1.0,0.0,0.0,0.0,0.0,0.0,0.0,0.0,0,1,1,0
502356451,502355469,0.0,-0.0,0.0,-1.0,0.0,0.0,0.0,0.0,0.0,0.0,0.0,0,1,1,0
502660339,502659376,0.0,-0.0,0.0,-1.0,0.0,0.0,0.0,0.0,0.0,0.0,0.0,0,1,1,0
502843196,502659376,0.0,-0.0,0.0,-1.0,0.0,0.0,0.0,0.0,0.0,0.0,0.0,0,1,1,0
502974323,502973022,0.0,-0.0,0.0,-1.0,0.0,0.0,0.0,0.0,0.0,0.0,0.0,0,1,1,0
503279116,503278056,0.0,-0.0,0.0,-1.0,0.0,0.0,0.0,0.0,0.0,0.0,0.0,0,1,1,0
503479132,503278056,0.0,-0.0,0.0,-1.0,0.0,0.0,0.0,0.0,0.0,0.0,0.0,0,1,1,0
503585632,503584641,0.0,-0.0,0.0,-1.0,0.0,0.0,0.0,0.0,0.0,0.0,0.0,0,1,1,0
503898198,503897175,0.0,-0.0,0.0,-1.0,0.0,0.0,0.0,0.0,0.0,0.0,0.0,0,1,1,0
504098242,503897175,0.0,-0.0,0.0,-1.0,0.0,0.0,0.0,0.0,0.0,0.0,0.0,0,1,1,0
504204732,504203465,0.0,-0.0,0.0,-1.0,0.0,0.0,0.0,0.0,0.0,0.0,0.0,0,1,1,0
504510423,504509384,0.0,-0.0,0.0,-1.0,0.0,0.0,0.0,0.0,0.0,0.0,0.0,0,1,1,0
504710438,504509384,0.0,-0.0,0.0,-1.0,0.0,0.0,0.0,0.0,0.0,0.0,0.0,0,1,1,0
504868172,504814841,0.0,-0.0,0.0,-1.0,0.0,0.0,0.0,0.0,0.0,0.0,0.0,0,1,1,0
505068238,504814841,0.0,-0.0,0.0,-1.0,0.0,0.0,0.0,0.0,0.0,0.0,0.0,0,1,1,0
505129668,505128694,0.0,-0.0,0.0,-1.0,0.0,0.0,0.0,0.0,0.0,0.0,0.0,0,1,1,0
505433432,505432467,0.0,-0.0,0.0,-1.0,0.0,0.0,0.0,0.0,0.0,0.0,0.0,0,1,1,0
505633448,505432467,0.0,-0.0,0.0,-1.0,0.0,0.0,0.0,0.0,0.0,0.0,0.0,0,1,1,0
505879110,505738655,0.0,-0.0,0.0,-1.0,0.0,0.0,0.0,0.0,0.0,0.0,0.0,0,1,1,0
506053134,506052140,0.0,-0.0,0.0,-1.0,0.0,0.0,0.0,0.0,0.0,0.0,0.0,0,1,1,0
506253200,506052140,0.0,-0.0,0.0,-1.0,0.0,0.0,0.0,0.0,0.0,0.0,0.0,0,1,1,0
506358607,506357555,0.0,-0.0,0.0,-1.0,0.0,0.0,0.0,0.0,0.0,0.0,0.0,0,1,1,0
506663630,506662652,0.0,-0.0,0.0,-1.0,0.0,0.0,0.0,0.0,0.0,0.0,0.0,0,1,1,0
506890574,506662652,0.0,-0.0,0.0,-1.0,0.0,0.0,0.0,0.0,0.0,0.0,0.0,0,1,1,0
506978631,506977645,0.0,-0.0,0.0,-1.0,0.0,0.0,0.0,0.0,0.0,0.0,0.0,0,1,1,0
507283695,507282648,0.0,-0.0,0.0,-1.0,0.0,0.0,0.0,0.0,0.0,0.0,0.0,0,1,1,0
507483710,507282648,0.0,-0.0,0.0,-1.0,0.0,0.0,0.0,0.0,0.0,0.0,0.0,0,1,1,0
507590217,507589228,0.0,-0.0,0.0,-1.0,0.0,0.0,0.0,0.0,0.0,0.0,0.0,0,1,1,0
507904332,507903071,0.0,-0.0,0.0,-1.0,0.0,0.0,0.0,0.0,0.0,0.0,0.0,0,1,1,0
508104513,507903071,0.0,-0.0,0.0,-1.0,0.0,0.0,0.0,0.0,0.0,0.0,0.0,0,1,1,0
508208159,508207175,0.0,-0.0,0.0,-1.0,0.0,0.0,0.0,0.0,0.0,0.0,0.0,0,1,1,0
508513776,508512794,0.0,-0.0,0.0,-1.0,0.0,0.0,0.0,0.0,0.0,0.0,0.0,0,1,1,0
508713795,508512794,0.0,-0.0,0.0,-1.0,0.0,0.0,0.0,0.0,0.0,0.0,0.0,0,1,1,0
508915034,508817940,0.0,-0.0,0.0,-1.0,0.0,0.0,0.0,0.0,0.0,0.0,0.0,0,1,1,0
509115049,508817940,0.0,-0.0,0.0,-1.0,0.0,0.0,0.0,0.0,0.0,0.0,0.0,0,1,1,0
509132854,509131890,0.0,-0.0,0.0,-1.0,0.0,0.0,0.0,0.0,0.0,0.0,0.0,0,1,1,0
509438143,509437177,0.0,-0.0,0.0,-1.0,0.0,0.0,0.0,0.0,0.0,0.0,0.0,0,1,1,0
509638202,509437177,0.0,-0.0,0.0,-1.0,0.0,0.0,0.0,0.0,0.0,0.0,0.0,0,1,1,0
509742852,509741890,0.0,-0.0,0.0,-1.0,0.0,0.0,0.0,0.0,0.0,0.0,0.0,0,1,1,0
510056452,510055299,0.0,-0.0,0.0,-1.0,0.0,0.0,0.0,0.0,0.0,0.0,0.0,0,1,1,0
510256489,510055299,0.0,-0.0,0.0,-1.0,0.0,0.0,0.0,0.0,0.0,0.0,0.0,0,1,1,0
510361124,510360155,0.0,-0.0,0.0,-1.0,0.0,0.0,0.0,0.0,0.0,0.0,0.0,0,1,1,0
510665991,510664984,0.0,-0.0,0.0,-1.0,0.0,0.0,0.0,0.0,0.0,0.0,0.0,0,1,1,0
510866007,510664984,0.0,-0.0,0.0,-1.0,0.0,0.0,0.0,0.0,0.0,0.0,0.0,0,1,1,0
510980052,510979089,0.0,-0.0,0.0,-1.0,0.0,0.0,0.0,0.0,0.0,0.0,0.0,0,1,1,0
511284879,511283530,0.0,-0.0,0.0,-1.0,0.0,0.0,0.0,0.0,0.0,0.0,0.0,0,1,1,0
511484894,511283530,0.0,-0.0,0.0,-1.0,0.0,0.0,0.0,0.0,0.0,0.0,0.0,0,1,1,0
511589664,511588678,0.0,-0.0,0.0,-1.0,0.0,0.0,0.0,0.0,0.0,0.0,0.0,0,1,1,0
511894316,511893065,0.0,-0.0,0.0,-1.0,0.0,0.0,0.0,0.0,0.0,0.0,0.0,0,1,1,0
511946452,511893065,0.0,-0.0,0.0,-1.0,0.0,0.0,0.0,0.0,0.0,0.0,0.0,0,1,1,0
512208616,512207652,0.0,-0.0,0.0,-1.0,0.0,0.0,0.0,0.0,0.0,0.0,0.0,0,1,1,0
512512727,512511747,0.0,-0.0,0.0,-1.0,0.0,0.0,0.0,0.0,0.0,0.0,0.0,0,1,1,0
512712743,512511747,0.0,-0.0,0.0,-1.0,0.0,0.0,0.0,0.0,0.0,0.0,0.0,0,1,1,0
512818063,512817046,0.0,-0.0,0.0,-1.0,0.0,0.0,0.0,0.0,0.0,0.0,0.0,0,1,1,0
512956115,512817046,0.0,-0.0,0.0,-1.0,0.0,0.0,0.0,0.0,0.0,0.0,0.0,0,1,1,0
513129621,513128656,0.0,-0.0,0.0,-1.0,0.0,0.0,0.0,0.0,0.0,0.0,0.0,0,1,1,0
513433606,513432644,0.0,-0.0,0.0,-1.0,0.0,0.0,0.0,0.0,0.0,0.0,0.0,0,1,1,0
513633622,513432644,0.0,-0.0,0.0,-1.0,0.0,0.0,0.0,0.0,0.0,0.0,0.0,0,1,1,0
513739625,513738661,0.0,-0.0,0.0,-1.0,0.0,0.0,0.0,0.0,0.0,0.0,0.0,0,1,1,0
514053676,514052701,0.0,-0.0,0.0,-1.0,0.0,0.0,0.0,0.0,0.0,0.0,0.0,0,1,1,0
514253691,514052701,0.0,-0.0,0.0,-1.0,0.0,0.0,0.0,0.0,0.0,0.0,0.0,0,1,1,0
514359612,514358648,0.0,-0.0,0.0,-1.0,0.0,0.0,0.0,0.0,0.0,0.0,0.0,0,1,1,0
514664364,514663001,0.0,-0.0,0.0,-1.0,0.0,0.0,0.0,0.0,0.0,0.0,0.0,0,1,1,0
514864457,514663001,0.0,-0.0,0.0,-1.0,0.0,0.0,0.0,0.0,0.0,0.0,0.0,0,1,1,0
514978616,514977651,0.0,-0.0,0.0,-1.0,0.0,0.0,0.0,0.0,0.0,0.0,0.0,0,1,1,0
515283392,515282430,0.0,-0.0,0.0,-1.0,0.0,0.0,0.0,0.0,0.0,0.0,0.0,0,1,1,0
515483407,515282430,0.0,-0.0,0.0,-1.0,0.0,0.0,0.0,0.0,0.0,0.0,0.0,0,1,1,0
515588053,515587087,0.0,-0.0,0.0,-1.0,0.0,0.0,0.0,0.0,0.0,0.0,0.0,0,1,1,0
515891827,515890864,0.0,-0.0,0.0,-1.0,0.0,0.0,0.0,0.0,0.0,0.0,0.0,0,1,1,0
515987139,515890864,0.0,-0.0,0.0,-1.0,0.0,0.0,0.0,0.0,0.0,0.0,0.0,0,1,1,0
516204878,516203511,0.0,-0.0,0.0,-1.0,0.0,0.0,0.0,0.0,0.0,0.0,0.0,0,1,1,0
516509523,516508483,0.0,-0.0,0.0,-1.0,0.0,0.0,0.0,0.0,0.0,0.0,0.0,0,1,1,0
516709556,516508483,0.0,-0.0,0.0,-1.0,0.0,0.0,0.0,0.0,0.0,0.0,0.0,0,1,1,0
516813615,516812651,0.0,-0.0,0.0,-1.0,0.0,0.0,0.0,0.0,0.0,0.0,0.0,0,1,1,0
516997296,516812651,0.0,-0.0,0.0,-1.0,0.0,0.0,0.0,0.0,0.0,0.0,0.0,0,1,1,0
517128612,517127648,0.0,-0.0,0.0,-1.0,0.0,0.0,0.0,0.0,0.0,0.0,0.0,0,1,1,0
517434870,517433463,0.0,-0.0,0.0,-1.0,0.0,0.0,0.0,0.0,0.0,0.0,0.0,0,1,1,0
517634885,517433463,0.0,-0.0,0.0,-1.0,0.0,0.0,0.0,0.0,0.0,0.0,0.0,0,1,1,0
517740355,517739393,0.0,-0.0,0.0,-1.0,0.0,0.0,0.0,0.0,0.0,0.0,0.0,0,1,1,0
518054911,518053358,0.0,-0.0,0.0,-1.0,0.0,0.0,0.0,0.0,0.0,0.0,0.0,0,1,1,0
518254927,518053358,0.0,-0.0,0.0,-1.0,0.0,0.0,0.0,0.0,0.0,0.0,0.0,0,1,1,0
518360339,518359377,0.0,-0.0,0.0,-1.0,0.0,0.0,0.0,0.0,0.0,0.0,0.0,0,1,1,0
518666155,518665010,0.0,-0.0,0.0,-1.0,0.0,0.0,0.0,0.0,0.0,0.0,0.0,0,1,1,0
518866183,518665010,0.0,-0.0,0.0,-1.0,0.0,0.0,0.0,0.0,0.0,0.0,0.0,0,1,1,0
519024500,518970981,0.0,-0.0,0.0,-1.0,0.0,0.0,0.0,0.0,0.0,0.0,0.0,0,1,1,0
519285556,519284507,0.0,-0.0,0.0,-1.0,0.0,0.0,0.0,0.0,0.0,0.0,0.0,0,1,1,0
519485572,519284507,0.0,-0.0,0.0,-1.0,0.0,0.0,0.0,0.0,0.0,0.0,0.0,0,1,1,0
519591451,519590294,0.0,-0.0,0.0,-1.0,0.0,0.0,0.0,0.0,0.0,0.0,0.0,0,1,1,0
519896141,519895152,0.0,-0.0,0.0,-1.0,0.0,0.0,0.0,0.0,0.0,0.0,0.0,0,1,1,0
520034792,519895152,0.0,-0.0,0.0,-1.0,0.0,0.0,0.0,0.0,0.0,0.0,0.0,0,1,1,0
520209130,520208063,0.0,-0.0,0.0,-1.0,0.0,0.0,0.0,0.0,0.0,0.0,0.0,0,1,1,0
520514746,520513654,0.0,-0.0,0.0,-1.0,0.0,0.0,0.0,0.0,0.0,0.0,0.0,0,1,1,0
520714763,520513654,0.0,-0.0,0.0,-1.0,0.0,0.0,0.0,0.0,0.0,0.0,0.0,0,1,1,0
520820335,520819372,0.0,-0.0,0.0,-1.0,0.0,0.0,0.0,0.0,0.0,0.0,0.0,0,1,1,0
521045983,520819372,0.0,-0.0,0.0,-1.0,0.0,0.0,0.0,0.0,0.0,0.0,0.0,0,1,1,0
521132791,521131744,0.0,-0.0,0.0,-1.0,0.0,0.0,0.0,0.0,0.0,0.0,0.0,0,1,1,0
521438051,521437086,0.0,-0.0,0.0,-1.0,0.0,0.0,0.0,0.0,0.0,0.0,0.0,0,1,1,0
521638065,521437086,0.0,-0.0,0.0,-1.0,0.0,0.0,0.0,0.0,0.0,0.0,0.0,0,1,1,0
521742375,521741411,0.0,-0.0,0.0,-1.0,0.0,0.0,0.0,0.0,0.0,0.0,0.0,0,1,1,0
522054716,522053605,0.0,-0.0,0.0,-1.0,0.0,0.0,0.0,0.0,0.0,0.0,0.0,0,1,1,0
522254733,522053605,0.0,-0.0,0.0,-1.0,0.0,0.0,0.0,0.0,0.0,0.0,0.0,0,1,1,0
522359113,522357915,0.0,-0.0,0.0,-1.0,0.0,0.0,0.0,0.0,0.0,0.0,0.0,0,1,1,0
522664314,522663016,0.0,-0.0,0.0,-1.0,0.0,0.0,0.0,0.0,0.0,0.0,0.0,0,1,1,0
522864462,522663016,0.0,-0.0,0.0,-1.0,0.0,0.0,0.0,0.0,0.0,0.0,0.0,0,1,1,0
523065571,522969089,0.0,-0.0,0.0,-1.0,0.0,0.0,0.0,0.0,0.0,0.0,0.0,0,1,1,0
523283421,523282457,0.0,-0.0,0.0,-1.0,0.0,0.0,0.0,0.0,0.0,0.0,0.0,0,1,1,0
523483436,523282457,0.0,-0.0,0.0,-1.0,0.0,0.0,0.0,0.0,0.0,0.0,0.0,0,1,1,0
523589108,523588061,0.0,-0.0,0.0,-1.0,0.0,0.0,0.0,0.0,0.0,0.0,0.0,0,1,1,0
523893674,523892680,0.0,-0.0,0.0,-1.0,0.0,0.0,0.0,0.0,0.0,0.0,0.0,0,1,1,0
524076901,523892680,0.0,-0.0,0.0,-1.0,0.0,0.0,0.0,0.0,0.0,0.0,0.0,0,1,1,0
524207915,524206944,0.0,-0.0,0.0,-1.0,0.0,0.0,0.0,0.0,0.0,0.0,0.0,0,1,1,0
524512658,524511613,0.0,-0.0,0.0,-1.0,0.0,0.0,0.0,0.0,0.0,0.0,0.0,0,1,1,0
524712674,524511613,0.0,-0.0,0.0,-1.0,0.0,0.0,0.0,0.0,0.0,0.0,0.0,0,1,1,0
524818059,524817090,0.0,-0.0,0.0,-1.0,0.0,0.0,0.0,0.0,0.0,0.0,0.0,0,1,1,0
525087930,524817090,0.0,-0.0,0.0,-1.0,0.0,0.0,0.0,0.0,0.0,0.0,0.0,0,1,1,0
525131129,525130152,0.0,-0.0,0.0,-1.0,0.0,0.0,0.0,0.0,0.0,0.0,0.0,0,1,1,0
525436750,525435346,0.0,-0.0,0.0,-1.0,0.0,0.0,0.0,0.0,0.0,0.0,0.0,0,1,1,0
525636765,525435346,0.0,-0.0,0.0,-1.0,0.0,0.0,0.0,0.0,0.0,0.0,0.0,0,1,1,0
525741814,525740836,0.0,-0.0,0.0,-1.0,0.0,0.0,0.0,0.0,0.0,0.0,0.0,0,1,1,0
526098048,526045430,0.0,-0.0,0.0,-1.0,0.0,0.0,0.0,0.0,0.0,0.0,0.0,0,1,1,0
526298063,526045430,0.0,-0.0,0.0,-1.0,0.0,0.0,0.0,0.0,0.0,0.0,0.0,0,1,1,0
526358472,526357509,0.0,-0.0,0.0,-1.0,0.0,0.0,0.0,0.0,0.0,0.0,0.0,0,1,1,0
526662787,526661747,0.0,-0.0,0.0,-1.0,0.0,0.0,0.0,0.0,0.0,0.0,0.0,0,1,1,0
526862803,526661747,0.0,-0.0,0.0,-1.0,0.0,0.0,0.0,0.0,0.0,0.0,0.0,0,1,1,0
527108633,526967653,0.0,-0.0,0.0,-1.0,0.0,0.0,0.0,0.0,0.0,0.0,0.0,0,1,1,0
527283057,527282086,0.0,-0.0,0.0,-1.0,0.0,0.0,0.0,0.0,0.0,0.0,0.0,0,1,1,0
527483073,527282086,0.0,-0.0,0.0,-1.0,0.0,0.0,0.0,0.0,0.0,0.0,0.0,0,1,1,0
527588783,527587803,0.0,-0.0,0.0,-1.0,0.0,0.0,0.0,0.0,0.0,0.0,0.0,0,1,1,0
527893608,527892646,0.0,-0.0,0.0,-1.0,0.0,0.0,0.0,0.0,0.0,0.0,0.0,0,1,1,0
528093625,527892646,0.0,-0.0,0.0,-1.0,0.0,0.0,0.0,0.0,0.0,0.0,0.0,0,1,1,0
528295563,528272665,0.0,-0.0,0.0,-1.0,0.0,0.0,0.0,0.0,0.0,0.0,0.0,0,1,1,0
528495580,528272665,0.0,-0.0,0.0,-1.0,0.0,0.0,0.0,0.0,0.0,0.0,0.0,0,1,1,0
528578519,528577553,0.0,-0.0,0.0,-1.0,0.0,0.0,0.0,0.0,0.0,0.0,0.0,0,1,1,0
528883630,528882666,0.0,-0.0,0.0,-1.0,0.0,0.0,0.0,0.0,0.0,0.0,0.0,0,1,1,0
529083647,528882666,0.0,-0.0,0.0,-1.0,0.0,0.0,0.0,0.0,0.0,0.0,0.0,0,1,1,0
529304735,529195345,0.0,-0.0,0.0,-1.0,0.0,0.0,0.0,0.0,0.0,0.0,0.0,0,1,1,0
529500702,529499723,0.0,-0.0,0.0,-1.0,0.0,0.0,0.0,0.0,0.0,0.0,0.0,0,1,1,0
529700719,529499723,0.0,-0.0,0.0,-1.0,0.0,0.0,0.0,0.0,0.0,0.0,0.0,0,1,1,0
529804742,529803519,0.0,-0.0,0.0,-1.0,0.0,0.0,0.0,0.0,0.0,0.0,0.0,0,1,1,0
530109523,530108519,0.0,-0.0,0.0,-1.0,0.0,0.0,0.0,0.0,0.0,0.0,0.0,0,1,1,0
530312852,530108519,0.0,-0.0,0.0,-1.0,0.0,0.0,0.0,0.0,0.0,0.0,0.0,0,1,1,0
530421814,530420829,0.0,-0.0,0.0,-1.0,0.0,0.0,0.0,0.0,0.0,0.0,0.0,0,1,1,0
530621830,530420829,0.0,-0.0,0.0,-1.0,0.0,0.0,0.0,0.0,0.0,0.0,0.0,0,1,1,0
530728141,530727175,0.0,-0.0,0.0,-1.0,0.0,0.0,0.0,0.0,0.0,0.0,0.0,0,1,1,0
531033675,531032705,0.0,-0.0,0.0,-1.0,0.0,0.0,0.0,0.0,0.0,0.0,0.0,0,1,1,0
531233730,531032705,0.0,-0.0,0.0,-1.0,0.0,0.0,0.0,0.0,0.0,0.0,0.0,0,1,1,0
531349139,531348070,0.0,-0.0,0.0,-1.0,0.0,0.0,0.0,0.0,0.0,0.0,0.0,0,1,1,0
531655647,531654684,0.0,-0.0,0.0,-1.0,0.0,0.0,0.0,0.0,0.0,0.0,0.0,0,1,1,0
531855716,531654684,0.0,-0.0,0.0,-1.0,0.0,0.0,0.0,0.0,0.0,0.0,0.0,0,1,1,0
531960336,531959373,0.0,-0.0,0.0,-1.0,0.0,0.0,0.0,0.0,0.0,0.0,0.0,0,1,1,0
532275173,532273588,0.0,-0.0,0.0,-1.0,0.0,0.0,0.0,0.0,0.0,0.0,0.0,0,1,1,0
532340711,532273588,0.0,-0.0,0.0,-1.0,0.0,0.0,0.0,0.0,0.0,0.0,0.0,0,1,1,0
532581829,532580831,0.0,-0.0,0.0,-1.0,0.0,0.0,0.0,0.0,0.0,0.0,0.0,0,1,1,0
532888141,532887175,0.0,-0.0,0.0,-1.0,0.0,0.0,0.0,0.0,0.0,0.0,0.0,0,1,1,0
533088207,532887175,0.0,-0.0,0.0,-1.0,0.0,0.0,0.0,0.0,0.0,0.0,0.0,0,1,1,0
533203222,533202225,0.0,-0.0,0.0,-1.0,0.0,0.0,0.0,0.0,0.0,0.0,0.0,0,1,1,0
533512030,533510975,0.0,-0.0,0.0,-1.0,0.0,0.0,0.0,0.0,0.0,0.0,0.0,0,1,1,0
533712046,533510975,0.0,-0.0,0.0,-1.0,0.0,0.0,0.0,0.0,0.0,0.0,0.0,0,1,1,0
533819628,533818662,0.0,-0.0,0.0,-1.0,0.0,0.0,0.0,0.0,0.0,0.0,0.0,0,1,1,0
