timestamp,io_errors,frames_tx,frames_rx,interface
267092206,7516,7345,0,1
267194445,7521,7345,0,1
267296213,7522,7357,0,1
267398222,7533,7357,0,1
267500222,7533,7357,0,1
267602203,7533,7359,0,1
267704356,7535,7359,0,1
267806204,7535,7359,0,1
267908222,7535,7359,0,1
268010222,7535,7359,0,1
268112203,7535,7361,0,1
268214309,7537,7361,0,1
268316202,7538,7373,0,1
268418224,7549,7373,0,1
268520221,7549,7373,0,1
268622206,7549,7375,0,1
268724311,7551,7375,0,1
268826201,7551,7375,0,1
268928217,7551,7375,0,1
269030217,7551,7375,0,1
269132202,7551,7377,0,1
269234476,7554,7377,0,1
269336202,7554,7389,0,1
269438218,7565,7389,0,1
269540224,7565,7389,0,1
269642203,7565,7391,0,1
269744556,7567,7391,0,1
269846202,7567,7391,0,1
269948239,7567,7391,0,1
270050218,7567,7391,0,1
270152205,7567,7393,0,1
270254518,7570,7393,0,1
270356202,7570,7405,0,1
270458217,7581,7405,0,1
270560218,7581,7405,0,1
270662211,7581,7407,0,1
270764308,7583,7407,0,1
270866201,7583,7407,0,1
270968219,7583,7407,0,1
271070218,7583,7407,0,1
271172206,7583,7409,0,1
271274634,7586,7419,0,1
271376205,7596,7421,0,1
271478218,7597,7421,0,1
271580217,7597,7421,0,1
271682208,7597,7423,0,1
271784328,7599,7423,0,1
271886201,7599,7423,0,1
271988218,7599,7423,0,1
272090221,7599,7423,0,1
272192203,7599,7425,0,1
272294347,7602,7437,0,1
272396202,7613,7437,0,1
272498218,7613,7437,0,1
272600217,7613,7437,0,1
272702203,7613,7439,0,1
272804337,7615,7439,0,1
272906209,7615,7439,0,1
273008218,7615,7439,0,1
273110217,7615,7439,0,1
273212203,7615,7441,0,1
273314312,7618,7453,0,1
273416202,7629,7453,0,1
273518221,7629,7453,0,1
273620217,7629,7453,0,1
273722206,7629,7455,0,1
273824310,7631,7455,0,1
273926201,7631,7455,0,1
274028223,7631,7455,0,1
274130218,7631,7455,0,1
274232204,7632,7457,0,1
274334547,7634,7469,0,1
274436200,7645,7469,0,1
274538218,7645,7469,0,1
274640216,7645,7469,0,1
274742202,7645,7471,0,1
274844511,7647,7471,0,1
274946203,7647,7471,0,1
275048217,7647,7471,0,1
275150239,7647,7471,0,1
275252206,7648,7473,0,1
275354308,7650,7485,0,1
275456202,7661,7485,0,1
275558218,7661,7485,0,1
275660220,7661,7485,0,1
275762203,7661,7487,0,1
275864338,7663,7487,0,1
275966201,7663,7487,0,1
276068216,7663,7487,0,1
276170217,7663,7487,0,1
276272345,7664,7499,0,1
276374507,7676,7501,0,1
276476202,7677,7501,0,1
276578219,7677,7501,0,1
276680223,7677,7503,0,1
276782203,7679,7503,0,1
276884369,7679,7503,0,1
276986201,7679,7503,0,1
277088221,7679,7503,0,1
277190235,7679,7505,0,1
277292205,7682,7517,0,1
277394350,7693,7517,0,1
277496201,7693,7517,0,1
277598218,7693,7517,0,1
277700219,7693,7517,0,1
277802204,7693,7519,0,1
277904315,7695,7519,0,1
278006201,7695,7519,0,1
278108218,7695,7519,0,1
278210217,7695,7519,0,1
278312202,7696,7533,0,1
278414502,7709,7533,0,1
278516211,7709,7533,0,1
278618219,7709,7533,0,1
278720233,7709,7533,0,1
278822210,7709,7535,0,1
278924525,7711,7535,0,1
279026201,7711,7535,0,1
279128217,7711,7535,0,1
279230220,7711,7537,0,1
279332206,7714,7549,0,1
279434323,7725,7549,0,1
279536200,7725,7549,0,1
279638223,7725,7549,0,1
279740217,7725,7551,0,1
279842202,7727,7551,0,1
279944502,7727,7551,0,1
280046201,7727,7551,0,1
280148218,7727,7551,0,1
280250219,7728,7553,0,1
280352202,7730,7565,0,1
280454311,7741,7565,0,1
280556201,7741,7565,0,1
280658220,7741,7565,0,1
280760223,7741,7567,0,1
280862202,7743,7567,0,1
280964515,7743,7567,0,1
281066202,7743,7567,0,1
281168217,7743,7567,0,1
281270218,7744,7569,0,1
281372208,7746,7581,0,1
281474340,7757,7581,0,1
281576202,7757,7581,0,1
281678218,7757,7581,0,1
281780217,7757,7583,0,1
281882215,7759,7583,0,1
281984551,7759,7583,0,1
282086203,7759,7583,0,1
282188218,7759,7583,0,1
282290218,7760,7597,0,1
282392201,7773,7597,0,1
282494553,7773,7597,0,1
282596201,7773,7597,0,1
282698218,7773,7597,0,1
282800220,7773,7599,0,1
282902203,7775,7599,0,1
283004317,7775,7599,0,1
283106200,7775,7599,0,1
283208218,7775,7599,0,1
283310218,7776,7613,0,1
283412202,7789,7613,0,1
283514328,7789,7613,0,1
283616202,7789,7613,0,1
283718219,7789,7613,0,1
283820217,7789,7615,0,1
283922205,7791,7615,0,1
284024307,7791,7615,0,1
284126208,7791,7615,0,1
284228221,7791,7615,0,1
284330218,7792,7629,0,1
284432204,7805,7629,0,1
284534502,7805,7629,0,1
284636202,7805,7629,0,1
284738218,7805,7629,0,1
284840218,7805,7631,0,1
284942205,7807,7631,0,1
285044510,7807,7631,0,1
285146204,7807,7631,0,1
285248223,7808,7631,0,1
285350216,7808,7645,0,1
285452202,7821,7645,0,1
285554312,7821,7645,0,1
285656203,7821,7645,0,1
285758221,7821,7645,0,1
285860218,7821,7647,0,1
285962205,7823,7647,0,1
286064509,7823,7647,0,1
286166201,7823,7647,0,1
286268217,7824,7647,0,1
286370226,7824,7661,0,1
286472211,7837,7661,0,1
286574547,7837,7661,0,1
286676202,7837,7661,0,1
286778217,7837,7661,0,1
286880240,7837,7663,0,1
286982202,7839,7663,0,1
287084332,7839,7663,0,1
287186202,7839,7663,0,1
287288218,7840,7675,0,1
287390218,7851,7677,0,1
287492209,7853,7677,0,1
287594511,7853,7677,0,1
287696201,7853,7677,0,1
287798219,7853,7677,0,1
287900217,7853,7679,0,1
288002203,7855,7679,0,1
288104503,7855,7679,0,1
288206201,7855,7679,0,1
288308218,7856,7691,0,1
288410218,7867,7693,0,1
288512206,7869,7693,0,1
288614329,7869,7693,0,1
288716201,7869,7693,0,1
288818217,7869,7693,0,1
288920219,7869,7695,0,1
289022206,7871,7695,0,1
289124507,7871,7695,0,1
289226204,7871,7695,0,1
289328218,7872,7709,0,1
289430217,7885,7709,0,1
289532203,7885,7709,0,1
289634504,7885,7709,0,1
289736208,7885,7709,0,1
289838218,7885,7711,0,1
289940220,7887,7711,0,1
290042204,7887,7711,0,1
290144506,7887,7711,0,1
290246216,7888,7711,0,1
290348217,7888,7723,0,1
290450217,7899,7725,0,1
290552203,7901,7725,0,1
290654323,7901,7725,0,1
290756202,7901,7725,0,1
290858224,7901,7725,0,1
290960217,7901,7727,0,1
291062202,7903,7727,0,1
291164536,7903,7727,0,1
291266201,7904,7727,0,1
291368220,7904,7739,0,1
291470217,7915,7741,0,1
291572205,7917,7741,0,1
291674517,7917,7741,0,1
291776201,7917,7741,0,1
291878218,7917,7743,0,1
291980224,7919,7743,0,1
292082210,7919,7743,0,1
292184319,7919,7743,0,1
292286202,7920,7755,0,1
292388218,7931,7757,0,1
292490217,7933,7757,0,1
292592202,7933,7757,0,1
292694511,7933,7757,0,1
292796203,7933,7757,0,1
292898218,7933,7759,0,1
293000217,7935,7759,0,1
293102208,7935,7759,0,1
293204498,7935,7759,0,1
293306201,7936,7771,0,1
293408217,7947,7773,0,1
293510220,7949,7773,0,1
293612203,7949,7773,0,1
293714513,7949,7773,0,1
293816202,7949,7773,0,1
293918219,7949,7775,0,1
294020217,7951,7775,0,1
294122222,7951,7775,0,1
294224518,7951,7775,0,1
294326202,7952,7787,0,1
294428222,7963,7789,0,1
294530217,7965,7789,0,1
294632205,7965,7789,0,1
294734511,7965,7789,0,1
294836201,7965,7789,0,1
294938221,7965,7791,0,1
295040218,7967,7791,0,1
295142202,7967,7791,0,1
295244504,7968,7791,0,1
295346207,7968,7803,0,1
295448218,7979,7805,0,1
295550220,7981,7805,0,1
295652205,7981,7805,0,1
295754550,7981,7805,0,1
295856206,7981,7805,0,1
295958217,7981,7807,0,1
296060217,7983,7807,0,1
296162202,7983,7807,0,1
296264477,7984,7807,0,1
296366203,7984,7819,0,1
296468223,7995,7821,0,1
296570219,7997,7821,0,1
296672212,7997,7821,0,1
296774312,7997,7821,0,1
296876200,7997,7821,0,1
296978218,7997,7823,0,1
297080226,7999,7823,0,1
297182203,7999,7823,0,1
297284309,8000,7835,0,1
297386201,8011,7835,0,1
297488218,8011,7837,0,1
297590238,8013,7837,0,1
297692202,8013,7837,0,1
297794508,8013,7837,0,1
297896202,8013,7837,0,1
297998218,8013,7839,0,1
298100218,8015,7839,0,1
298202203,8015,7839,0,1
298304503,8016,7851,0,1
298406202,8027,7851,0,1
298508221,8027,7853,0,1
298610217,8029,7853,0,1
298712210,8029,7853,0,1
298814317,8029,7853,0,1
298916202,8029,7853,0,1
299018218,8029,7855,0,1
299120217,8031,7855,0,1
299222208,8031,7855,0,1
299324511,8032,7867,0,1
299426202,8043,7867,0,1
299528218,8043,7869,0,1
299630217,8045,7869,0,1
299732202,8045,7869,0,1
299834337,8045,7869,0,1
299936205,8045,7869,0,1
300038218,8045,7871,0,1
300140218,8047,7871,0,1
300242202,8048,7871,0,1
300344534,8048,7883,0,1
300446201,8059,7883,0,1
300548218,8059,7885,0,1
300650220,8061,7885,0,1
300752202,8061,7885,0,1
300854315,8061,7885,0,1
300956208,8061,7885,0,1
301058218,8061,7887,0,1
301160219,8063,7887,0,1
301262203,8064,7887,0,1
301364508,8064,7899,0,1
301466205,8075,7899,0,1
301568220,8075,7901,0,1
301670217,8077,7901,0,1
301772205,8077,7901,0,1
301874321,8077,7901,0,1
301976212,8077,7903,0,1
302078225,8079,7903,0,1
302180218,8079,7903,0,1
302282249,8080,7915,0,1
302384337,8091,7915,0,1
302486201,8091,7917,0,1
302588217,8093,7917,0,1
302690217,8093,7917,0,1
302792205,8093,7917,0,1
302894514,8093,7917,0,1
302996203,8093,7917,0,1
303098218,8093,7919,0,1
303200223,8095,7919,0,1
303302204,8096,7931,0,1
303404476,8107,7931,0,1
303506205,8107,7931,0,1
303608218,8107,7933,0,1
303710218,8109,7933,0,1
303812202,8109,7933,0,1
303914323,8109,7933,0,1
304016202,8109,7933,0,1
304118219,8109,7935,0,1
304220220,8111,7935,0,1
304322213,8112,7947,0,1
304424511,8123,7947,0,1
304526201,8123,7949,0,1
304628222,8125,7949,0,1
304730217,8125,7949,0,1
304832202,8125,7949,0,1
304934541,8125,7949,0,1
305036201,8125,7951,0,1
305138218,8127,7951,0,1
305240217,8128,7951,0,1
305342202,8128,7963,0,1
305444519,8139,7963,0,1
305546201,8139,7965,0,1
305648220,8141,7965,0,1
305750219,8141,7965,0,1
305852203,8141,7965,0,1
305954310,8141,7965,0,1
306056202,8141,7967,0,1
306158218,8143,7967,0,1
306260222,8144,7967,0,1
306362205,8144,7979,0,1
306464315,8155,7979,0,1
306566209,8155,7981,0,1
306668218,8157,7981,0,1
306770217,8157,7981,0,1
306872211,8157,7981,0,1
306974315,8157,7981,0,1
307076218,8157,7983,0,1
307178218,8159,7983,0,1
307280286,8160,7995,0,1
307382202,8171,7995,0,1
307484574,8171,7995,0,1
307586201,8171,7997,0,1
307688224,8173,7997,0,1
307790219,8173,7997,0,1
307892202,8173,7997,0,1
307994344,8173,7997,0,1
308096200,8173,7999,0,1
308198219,8175,7999,0,1
308300218,8176,8011,0,1
308402203,8187,8011,0,1
308504523,8187,8011,0,1
308606201,8187,8013,0,1
308708219,8189,8013,0,1
308810223,8189,8013,0,1
308912201,8189,8013,0,1
309014503,8189,8013,0,1
309116212,8189,8015,0,1
309218220,8191,8015,0,1
309320218,8192,8027,0,1
309422207,8203,8027,0,1
309524347,8203,8027,0,1
309626202,8203,8029,0,1
309728218,8205,8029,0,1
309830218,8205,8029,0,1
309932211,8205,8029,0,1
310034516,8205,8029,0,1
310136201,8205,8031,0,1
310238218,8208,8031,0,1
310340217,8208,8043,0,1
310442202,8219,8043,0,1
310544311,8219,8043,0,1
310646203,8219,8045,0,1
310748219,8221,8045,0,1
310850218,8221,8045,0,1
310952202,8221,8045,0,1
311054509,8221,8045,0,1
311156201,8221,8047,0,1
311258218,8224,8047,0,1
311360221,8224,8059,0,1
311462203,8235,8059,0,1
311564523,8235,8059,0,1
311666202,8235,8061,0,1
311768217,8237,8061,0,1
311870217,8237,8061,0,1
311972205,8237,8061,0,1
312074319,8237,8061,0,1
312176208,8237,8063,0,1
312278217,8240,8073,0,1
312380218,8250,8075,0,1
312482209,8251,8075,0,1
312584515,8251,8075,0,1
312686201,8251,8077,0,1
312788220,8253,8077,0,1
312890221,8253,8077,0,1
312992203,8253,8077,0,1
313094509,8253,8077,0,1
313196201,8253,8079,0,1
313298223,8256,8091,0,1
313400217,8267,8091,0,1
313502204,8267,8091,0,1
313604317,8267,8091,0,1
313706202,8267,8093,0,1
313808217,8269,8093,0,1
313910199,8269,8093,0,1
314012202,8269,8093,0,1
314114357,8269,8093,0,1
314216215,8269,8095,0,1
314318219,8272,8107,0,1
314420224,8283,8107,0,1
314522206,8283,8107,0,1
314624338,8283,8109,0,1
314726206,8285,8109,0,1
314828218,8285,8109,0,1
314930220,8285,8109,0,1
315032202,8285,8109,0,1
315134324,8285,8111,0,1
315236201,8288,8111,0,1
315338218,8288,8123,0,1
315440218,8299,8123,0,1
315542208,8299,8123,0,1
315644305,8299,8123,0,1
315746203,8299,8125,0,1
315848219,8301,8125,0,1
315950229,8301,8125,0,1
316052202,8301,8125,0,1
316154311,8301,8125,0,1
316256201,8302,8127,0,1
316358221,8304,8139,0,1
316460217,8315,8139,0,1
316562203,8315,8139,0,1
316664503,8315,8139,0,1
316766201,8315,8141,0,1
316868217,8317,8141,0,1
316970219,8317,8141,0,1
317072214,8317,8141,0,1
317174344,8317,8143,0,1
317276201,8320,8153,0,1
317378218,8330,8155,0,1
317480224,8331,8155,0,1
317582202,8331,8155,0,1
317684317,8331,8157,0,1
317786211,8333,8157,0,1
317888218,8333,8157,0,1
317990217,8333,8157,0,1
318092203,8333,8157,0,1
318194314,8333,8159,0,1
318296202,8336,8171,0,1
318398218,8347,8171,0,1
318500219,8347,8171,0,1
318602202,8347,8171,0,1
318704531,8347,8173,0,1
318806202,8349,8173,0,1
318908222,8349,8173,0,1
319010218,8349,8173,0,1
319112202,8349,8173,0,1
319214503,8349,8175,0,1
319316203,8354,8187,0,1
319418219,8365,8187,0,1
319520220,8365,8187,0,1
319622207,8365,8187,0,1
319724362,8365,8189,0,1
319826202,8367,8189,0,1
319928218,8367,8189,0,1
320030223,8367,8189,0,1
320132203,8367,8189,0,1
320234505,8368,8191,0,1
320336202,8370,8203,0,1
320438218,8381,8203,0,1
320540217,8381,8203,0,1
320642204,8381,8203,0,1
320744325,8381,8205,0,1
320846202,8383,8205,0,1
320948218,8383,8205,0,1
321050217,8383,8205,0,1
321152208,8383,8205,0,1
321254306,8384,8207,0,1
321356221,8386,8219,0,1
321458218,8397,8219,0,1
321560218,8397,8219,0,1
321662202,8397,8219,0,1
321764477,8397,8221,0,1
321866201,8399,8221,0,1
321968217,8399,8221,0,1
322070220,8399,8221,0,1
322172206,8399,8221,0,1
322274653,8400,8233,0,1
322376201,8412,8235,0,1
322478218,8413,8235,0,1
322580219,8413,8235,0,1
322682207,8413,8235,0,1
322784524,8413,8237,0,1
322886201,8415,8237,0,1
322988218,8415,8237,0,1
323090218,8415,8237,0,1
323192211,8415,8237,0,1
323294346,8416,8251,0,1
323396208,8429,8251,0,1
323498219,8429,8251,0,1
323600218,8429,8251,0,1
323702204,8429,8251,0,1
323804502,8429,8253,0,1
323906202,8431,8253,0,1
324008217,8431,8253,0,1
324110216,8431,8253,0,1
324212204,8431,8253,0,1
324314318,8432,8267,0,1
324416204,8445,8267,0,1
324518224,8445,8267,0,1
324620218,8445,8267,0,1
324722206,8445,8267,0,1
324824523,8445,8269,0,1
324926204,8447,8269,0,1
325028218,8447,8269,0,1
325130217,8447,8269,0,1
325232202,8448,8269,0,1
325334350,8448,8283,0,1
325436201,8461,8283,0,1
325538217,8461,8283,0,1
325640225,8461,8283,0,1
325742203,8461,8283,0,1
325844502,8461,8285,0,1
325946202,8463,8285,0,1
326048218,8463,8285,0,1
326150216,8463,8285,0,1
326252202,8464,8285,0,1
326354516,8464,8299,0,1
326456201,8477,8299,0,1
326558218,8477,8299,0,1
326660217,8477,8299,0,1
326762210,8477,8299,0,1
326864475,8477,8301,0,1
326966202,8479,8301,0,1
327068221,8479,8301,0,1
327170217,8479,8301,0,1
327272362,8480,8313,0,1
327374514,8492,8315,0,1
327476200,8493,8315,0,1
327578218,8493,8315,0,1
327680223,8493,8315,0,1
327782205,8493,8317,0,1
327884567,8495,8317,0,1
327986202,8495,8317,0,1
328088218,8495,8317,0,1
328190218,8495,8317,0,1
328292202,8496,8329,0,1
328394519,8507,8331,0,1
328496204,8509,8331,0,1
328598218,8509,8331,0,1
328700217,8509,8331,0,1
328802202,8509,8331,0,1
328904304,8509,8333,0,1
329006207,8511,8333,0,1
329108217,8511,8333,0,1
329210220,8511,8333,0,1
329312204,8512,8345,0,1
329414316,8523,8347,0,1
329516200,8525,8347,0,1
329618218,8525,8347,0,1
329720217,8525,8347,0,1
329822232,8525,8349,0,1
329924314,8527,8349,0,1
330026201,8527,8349,0,1
330128224,8527,8349,0,1
330230217,8527,8349,0,1
330332203,8528,8363,0,1
330434503,8541,8363,0,1
330536202,8541,8363,0,1
330638220,8541,8363,0,1
330740218,8541,8363,0,1
330842202,8541,8365,0,1
330944476,8543,8365,0,1
331046201,8543,8365,0,1
331148217,8543,8365,0,1
331250222,8544,8365,0,1
331352204,8544,8379,0,1
331454524,8557,8379,0,1
331556202,8557,8379,0,1
331658218,8557,8379,0,1
331760217,8557,8379,0,1
331862203,8557,8381,0,1
331964316,8559,8381,0,1
332066203,8559,8381,0,1
332168219,8559,8381,0,1
332270217,8560,8381,0,1
332372240,8560,8395,0,1
332474354,8573,8395,0,1
332576202,8573,8395,0,1
332678218,8573,8395,0,1
332780221,8573,8395,0,1
332882211,8573,8397,0,1
332984509,8575,8397,0,1
333086207,8575,8397,0,1
333188205,8575,8397,0,1
333290218,8576,8409,0,1
333392202,8589,8411,0,1
333494337,8591,8411,0,1
333596202,8591,8411,0,1
333698218,8591,8411,0,1
333800219,8591,8411,0,1
333902202,8591,8413,0,1
334004308,8593,8413,0,1
334106201,8593,8413,0,1
334208220,8593,8413,0,1
334310217,8594,8425,0,1
334412203,8605,8427,0,1
334514311,8607,8427,0,1
334616208,8607,8427,0,1
334718217,8607,8427,0,1
334820217,8607,8427,0,1
334922210,8607,8429,0,1
335024318,8609,8429,0,1
335126202,8609,8429,0,1
335228218,8609,8429,0,1
335330220,8610,8441,0,1
335432202,8621,8443,0,1
335534503,8623,8443,0,1
335636204,8623,8443,0,1
335738224,8623,8443,0,1
335840217,8623,8443,0,1
335942202,8623,8445,0,1
336044310,8625,8445,0,1
336146202,8625,8445,0,1
336248218,8626,8445,0,1
336350223,8626,8457,0,1
336452203,8637,8459,0,1
336554496,8639,8459,0,1
336656201,8639,8459,0,1
336758217,8639,8459,0,1
336860223,8639,8459,0,1
336962202,8639,8461,0,1
337064597,8641,8461,0,1
337166202,8641,8461,0,1
337268217,8642,8461,0,1
337370217,8642,8473,0,1
337472211,8653,8475,0,1
337574520,8655,8475,0,1
337676201,8655,8475,0,1
337778220,8655,8475,0,1
337880223,8655,8475,0,1
337982210,8655,8477,0,1
338084310,8657,8477,0,1
338186201,8657,8477,0,1
338288217,8658,8489,0,1
338390217,8669,8489,0,1
338492204,8669,8491,0,1
338594510,8671,8491,0,1
338696202,8671,8491,0,1
338798218,8671,8491,0,1
338900217,8671,8491,0,1
339002203,8671,8493,0,1
339104508,8673,8493,0,1
339206203,8673,8493,0,1
339308218,8674,8505,0,1
339410219,8685,8505,0,1
339512202,8685,8507,0,1
339614503,8687,8507,0,1
339716201,8687,8507,0,1
339818218,8687,8507,0,1
339920220,8687,8507,0,1
340022205,8687,8509,0,1
340124508,8689,8509,0,1
340226208,8689,8509,0,1
340328218,8690,8521,0,1
340430217,8701,8523,0,1
340532205,8703,8523,0,1
340634311,8703,8523,0,1
340736201,8703,8523,0,1
340838218,8703,8523,0,1
340940217,8703,8523,0,1
341042202,8703,8525,0,1
341144316,8705,8525,0,1
341246202,8706,8525,0,1
341348227,8706,8537,0,1
341450220,8717,8537,0,1
341552203,8717,8539,0,1
341654351,8719,8539,0,1
341756201,8719,8539,0,1
341858218,8719,8539,0,1
341960218,8719,8539,0,1
342062204,8719,8541,0,1
342164317,8721,8541,0,1
342266201,8722,8541,0,1
342368217,8722,8553,0,1
342470223,8733,8553,0,1
342572206,8733,8555,0,1
342674552,8735,8555,0,1
342776205,8735,8555,0,1
342878218,8735,8555,0,1
342980217,8735,8557,0,1
343082207,8737,8557,0,1
343184324,8737,8557,0,1
343286200,8738,8569,0,1
343388217,8749,8569,0,1
343490219,8749,8571,0,1
343592210,8751,8571,0,1
343694507,8751,8571,0,1
343796202,8751,8571,0,1
343898229,8751,8571,0,1
344000216,8751,8573,0,1
344102202,8753,8573,0,1
344204534,8753,8573,0,1
344306203,8754,8585,0,1
344408218,8765,8585,0,1
344510218,8765,8587,0,1
344612203,8767,8587,0,1
344714523,8767,8587,0,1
344816218,8767,8587,0,1
344918221,8767,8587,0,1
345020218,8767,8587,0,1
345122206,8767,8589,0,1
345224313,8769,8589,0,1
345326202,8770,8601,0,1
345428218,8781,8601,0,1
345530218,8781,8603,0,1
345632204,8783,8603,0,1
345734530,8783,8603,0,1
345836209,8783,8603,0,1
345938218,8783,8603,0,1
346040217,8783,8605,0,1
346142208,8785,8605,0,1
346244343,8786,8605,0,1
346346205,8786,8617,0,1
346448219,8797,8617,0,1
346550218,8797,8619,0,1
346652202,8799,8619,0,1
346754508,8799,8619,0,1
346856202,8799,8619,0,1
346958226,8799,8619,0,1
347060220,8799,8621,0,1
347162203,8801,8621,0,1
347264512,8802,8621,0,1
347366202,8802,8633,0,1
347468217,8813,8633,0,1
347570217,8813,8635,0,1
347672211,8815,8635,0,1
347774315,8815,8635,0,1
347876201,8815,8635,0,1
347978217,8815,8635,0,1
348080229,8815,8637,0,1
348182202,8817,8637,0,1
348284556,8818,8649,0,1
348386202,8829,8649,0,1
348488220,8829,8649,0,1
348590216,8829,8651,0,1
348692203,8831,8651,0,1
348794320,8831,8651,0,1
348896202,8831,8651,0,1
348998218,8831,8651,0,1
349100220,8831,8653,0,1
349202211,8833,8653,0,1
349304310,8834,8665,0,1
349406202,8845,8665,0,1
349508218,8845,8665,0,1
349610218,8845,8667,0,1
349712206,8847,8667,0,1
349814502,8847,8667,0,1
349916202,8847,8667,0,1
350018219,8847,8667,0,1
350120218,8847,8669,0,1
350222205,8849,8669,0,1
350324519,8850,8681,0,1
350426202,8861,8681,0,1
350528218,8861,8681,0,1
350630221,8861,8683,0,1
350732202,8863,8683,0,1
350834539,8863,8683,0,1
350936201,8863,8683,0,1
351038217,8863,8683,0,1
351140218,8863,8685,0,1
351242202,8866,8685,0,1
351344311,8866,8697,0,1
351446209,8877,8697,0,1
351548218,8877,8697,0,1
351650218,8877,8699,0,1
351752202,8879,8699,0,1
351854505,8879,8699,0,1
351956202,8879,8699,0,1
352058220,8879,8699,0,1
352160218,8879,8701,0,1
352262203,8882,8701,0,1
352364314,8882,8713,0,1
352466201,8893,8713,0,1
352568223,8893,8713,0,1
352670217,8893,8715,0,1
352772209,8895,8715,0,1
352874523,8895,8715,0,1
352976201,8895,8715,0,1
353078216,8895,8717,0,1
353180217,8897,8717,0,1
353282245,8898,8729,0,1
353384321,8909,8729,0,1
353486203,8909,8729,0,1
353588221,8909,8729,0,1
353690223,8909,8731,0,1
353792202,8911,8731,0,1
353894517,8911,8731,0,1
353996202,8911,8731,0,1
354098218,8911,8731,0,1
354200220,8911,8733,0,1
354302203,8914,8745,0,1
354404506,8925,8745,0,1
354506201,8925,8745,0,1
354608217,8925,8745,0,1
354710218,8925,8747,0,1
354812241,8927,8747,0,1
354914319,8927,8747,0,1
355016203,8927,8747,0,1
355118218,8927,8747,0,1
355220218,8927,8749,0,1
355322206,8930,8761,0,1
355424346,8941,8761,0,1
355526201,8941,8761,0,1
355628221,8941,8763,0,1
355730217,8943,8763,0,1
355832203,8943,8763,0,1
355934505,8943,8763,0,1
356036201,8943,8763,0,1
356138221,8943,8765,0,1
356240219,8946,8765,0,1
356342205,8946,8777,0,1
356444316,8957,8777,0,1
356546202,8957,8777,0,1
356648218,8957,8779,0,1
356750218,8959,8779,0,1
356852203,8959,8779,0,1
356954504,8959,8779,0,1
357056211,8959,8779,0,1
357158218,8959,8781,0,1
357260217,8962,8781,0,1
357362204,8962,8793,0,1
357464477,8973,8793,0,1
357566202,8973,8793,0,1
357668216,8973,8793,0,1
357770235,8973,8795,0,1
357872211,8975,8795,0,1
357974320,8975,8795,0,1
358076203,8975,8795,0,1
358178223,8975,8797,0,1
358280283,8982,8809,0,1
358382202,8993,8809,0,1
358484534,8993,8809,0,1
358586201,8993,8809,0,1
358688218,8993,8811,0,1
358790218,8995,8811,0,1
358892202,8995,8811,0,1
358994315,8995,8811,0,1
359096201,8995,8811,0,1
359198220,8995,8813,0,1
359300223,8998,8825,0,1
359402202,9009,8825,0,1
359504374,9009,8825,0,1
359606202,9009,8825,0,1
359708218,9009,8827,0,1
359810217,9011,8827,0,1
359912203,9011,8827,0,1
360014361,9011,8827,0,1
360116202,9011,8827,0,1
360218218,9011,8829,0,1
360320217,9014,8841,0,1
360422212,9025,8841,0,1
360524505,9025,8841,0,1
360626204,9025,8841,0,1
360728218,9025,8843,0,1
360830217,9027,8843,0,1
360932202,9027,8843,0,1
361034502,9027,8843,0,1
361136202,9027,8843,0,1
361238218,9028,8845,0,1
361340220,9034,8857,0,1
361442203,9045,8857,0,1
361544324,9045,8857,0,1
361646202,9045,8857,0,1
361748218,9045,8859,0,1
361850218,9047,8859,0,1
361952202,9047,8859,0,1
362054315,9047,8859,0,1
362156201,9047,8859,0,1
362258218,9048,8861,0,1
362360220,9050,8873,0,1
362462203,9061,8873,0,1
362564503,9061,8873,0,1
362666208,9061,8873,0,1
362768218,9061,8875,0,1
362870217,9063,8875,0,1
362972207,9063,8875,0,1
363074323,9063,8875,0,1
363176200,9063,8875,0,1
363278218,9064,8887,0,1
363380218,9076,8889,0,1
363482210,9077,8889,0,1
363584539,9077,8889,0,1
363686201,9077,8889,0,1
363788224,9077,8891,0,1
363890218,9079,8891,0,1
363992206,9079,8891,0,1
364094561,9079,8891,0,1
364196203,9079,8891,0,1
364298219,9080,8905,0,1
364400217,9093,8905,0,1
364502201,9093,8905,0,1
364604338,9093,8905,0,1
364706201,9093,8905,0,1
364808218,9093,8907,0,1
364910224,9095,8907,0,1
365012202,9095,8907,0,1
365114313,9095,8907,0,1
365216202,9095,8907,0,1
365318218,9096,8921,0,1
365420217,9109,8921,0,1
365522224,9109,8921,0,1
365624570,9109,8921,0,1
365726201,9109,8923,0,1
365828218,9111,8923,0,1
365930218,9111,8923,0,1
366032209,9111,8923,0,1
366134501,9111,8923,0,1
366236201,9112,8923,0,1
366338220,9112,8937,0,1
366440217,9125,8937,0,1
366542202,9125,8937,0,1
366644310,9125,8937,0,1
366746202,9125,8937,0,1
366848218,9125,8939,0,1
366950217,9127,8939,0,1
367052204,9127,8939,0,1
367154519,9127,8939,0,1
367256201,9128,8939,0,1
367358218,9128,8953,0,1
367460219,9141,8953,0,1
367562202,9141,8953,0,1
367664506,9141,8953,0,1
367766205,9141,8953,0,1
367868218,9141,8955,0,1
367970218,9143,8955,0,1
368072211,9143,8955,0,1
368174320,9143,8955,0,1
368276208,9144,8967,0,1
368378217,9156,8969,0,1
368480226,9157,8969,0,1
368582204,9157,8969,0,1
368684432,9157,8969,0,1
368786201,9157,8971,0,1
368888216,9159,8971,0,1
368990217,9159,8971,0,1
369092202,9159,8971,0,1
369194541,9159,8971,0,1
369296202,9160,8985,0,1
369398224,9173,8985,0,1
369500218,9173,8985,0,1
369602203,9173,8985,0,1
369704475,9173,8985,0,1
369806201,9173,8987,0,1
369908220,9175,8987,0,1
370010217,9175,8987,0,1
370112203,9175,8987,0,1
370214324,9175,8987,0,1
370316202,9176,8999,0,1
370418218,9187,9001,0,1
370520223,9189,9001,0,1
370622208,9189,9001,0,1
370724504,9189,9001,0,1
370826202,9189,9003,0,1
370928218,9191,9003,0,1
371030218,9191,9003,0,1
371132202,9191,9003,0,1
371234360,9192,9003,0,1
371336205,9192,9017,0,1
371438218,9205,9017,0,1
371540221,9205,9017,0,1
371642208,9205,9017,0,1
371744309,9205,9017,0,1
371846200,9205,9019,0,1
371948217,9207,9019,0,1
372050220,9207,9019,0,1
372152202,9207,9019,0,1
372254505,9208,9019,0,1
372356202,9208,9033,0,1
372458218,9221,9033,0,1
372560217,9221,9033,0,1
372662202,9221,9033,0,1
372764310,9221,9033,0,1
372866201,9221,9035,0,1
372968274,9223,9035,0,1
373070218,9223,9035,0,1
373172205,9223,9035,0,1
373274689,9224,9045,0,1
373376201,9234,9049,0,1
373478221,9237,9049,0,1
373580216,9237,9049,0,1
373682220,9237,9049,0,1
373784374,9237,9049,0,1
373886208,9237,9051,0,1
373988218,9239,9051,0,1
374090219,9239,9051,0,1
374192206,9239,9051,0,1
374294319,9240,9063,0,1
374396201,9251,9065,0,1
374498217,9253,9065,0,1
374600218,9253,9065,0,1
374702202,9253,9065,0,1
374804306,9253,9065,0,1
374906204,9253,9067,0,1
375008224,9255,9067,0,1
375110218,9255,9067,0,1
375212202,9255,9067,0,1
375314307,9256,9079,0,1
375416202,9269,9081,0,1
375518219,9271,9081,0,1
375620220,9271,9081,0,1
375722206,9271,9081,0,1
375824508,9271,9081,0,1
375926202,9271,9083,0,1
376028218,9273,9083,0,1
376130223,9273,9083,0,1
376232202,9274,9083,0,1
376334510,9274,9095,0,1
376436202,9285,9097,0,1
376538218,9287,9097,0,1
376640219,9287,9097,0,1
376742202,9287,9097,0,1
376844333,9287,9097,0,1
376946201,9287,9099,0,1
377048220,9289,9099,0,1
377150217,9289,9099,0,1
377252208,9290,9099,0,1
377354505,9290,9111,0,1
377456201,9301,9113,0,1
377558217,9303,9113,0,1
377660217,9303,9113,0,1
377762204,9303,9113,0,1
377864543,9303,9113,0,1
377966202,9303,9115,0,1
378068218,9305,9115,0,1
378170217,9305,9115,0,1
378272338,9306,9125,0,1
378374394,9318,9129,0,1
378476204,9321,9129,0,1
378578219,9321,9129,0,1
378680225,9321,9129,0,1
378782234,9321,9129,0,1
378884333,9321,9129,0,1
378986201,9321,9131,0,1
379088218,9323,9131,0,1
379190220,9323,9131,0,1
379292202,9324,9143,0,1
379394322,9335,9143,0,1
379496209,9335,9145,0,1
379598218,9337,9145,0,1
379700217,9337,9145,0,1
379802202,9337,9145,0,1
379904331,9337,9145,0,1
380006201,9337,9147,0,1
380108218,9339,9147,0,1
380210217,9339,9147,0,1
380312202,9340,9159,0,1
380414511,9351,9159,0,1
380516202,9351,9161,0,1
380618227,9353,9161,0,1
380720229,9353,9161,0,1
380822206,9353,9161,0,1
380924564,9353,9163,0,1
381026204,9355,9163,0,1
381128241,9355,9163,0,1
381230217,9355,9163,0,1
381332206,9356,9175,0,1
381434345,9367,9177,0,1
381536201,9369,9177,0,1
381638218,9369,9177,0,1
381740223,9369,9177,0,1
381842202,9369,9177,0,1
381944507,9369,9179,0,1
382046204,9371,9179,0,1
382148218,9371,9179,0,1
382250218,9372,9179,0,1
382352204,9372,9191,0,1
382454549,9383,9193,0,1
382556201,9385,9193,0,1
382658218,9385,9193,0,1
382760220,9385,9193,0,1
382862209,9385,9193,0,1
382964341,9385,9193,0,1
383066201,9385,9195,0,1
383168218,9387,9195,0,1
383270216,9388,9195,0,1
383372205,9388,9207,0,1
383474344,9399,9209,0,1
383576203,9401,9209,0,1
383678218,9401,9209,0,1
383780217,9401,9209,0,1
383882207,9401,9209,0,1
383984528,9401,9211,0,1
384086201,9403,9211,0,1
384188220,9403,9211,0,1
384290219,9404,9223,0,1
384392202,9415,9223,0,1
384494515,9415,9225,0,1
384596201,9417,9225,0,1
384698218,9417,9225,0,1
384800216,9417,9225,0,1
384902204,9417,9225,0,1
385004506,9417,9227,0,1
385106208,9419,9227,0,1
385208217,9419,9227,0,1
385310217,9420,9239,0,1
385412203,9431,9239,0,1
385514316,9431,9241,0,1
385616205,9433,9241,0,1
385718218,9433,9241,0,1
385820218,9433,9241,0,1
385922205,9433,9241,0,1
386024306,9433,9243,0,1
386126201,9435,9243,0,1
386228223,9435,9243,0,1
386330220,9436,9255,0,1
386432203,9447,9255,0,1
386534505,9447,9257,0,1
386636201,9449,9257,0,1
386738217,9449,9257,0,1
386840218,9449,9257,0,1
386942203,9449,9257,0,1
387044538,9449,9259,0,1
387146201,9451,9259,0,1
387248218,9452,9259,0,1
387350224,9452,9271,0,1
387452202,9463,9271,0,1
387554344,9463,9273,0,1
387656202,9465,9273,0,1
387758221,9465,9273,0,1
387860217,9465,9273,0,1
387962201,9465,9273,0,1
388064322,9465,9275,0,1
388166202,9467,9275,0,1
388268217,9468,9275,0,1
388370218,9468,9287,0,1
388472221,9479,9287,0,1
388574507,9479,9289,0,1
388676201,9481,9289,0,1
388778218,9481,9289,0,1
388880223,9481,9289,0,1
388982204,9481,9289,0,1
389084323,9481,9291,0,1
389186204,9483,9291,0,1
389288222,9484,9303,0,1
389390218,9495,9303,0,1
389492202,9495,9303,0,1
389594323,9495,9305,0,1
389696200,9497,9305,0,1
389798218,9497,9305,0,1
389900221,9497,9305,0,1
390002203,9497,9305,0,1
390104309,9497,9307,0,1
390206201,9499,9307,0,1
390308218,9500,9319,0,1
390410217,9511,9319,0,1
390512202,9511,9319,0,1
390614514,9511,9321,0,1
390716210,9513,9321,0,1
390818218,9513,9321,0,1
390920217,9513,9321,0,1
391022236,9513,9323,0,1
391124518,9515,9323,0,1
391226201,9515,9323,0,1
391328220,9516,9335,0,1
391430217,9527,9335,0,1
391532203,9527,9335,0,1
391634335,9527,9337,0,1
391736201,9529,9337,0,1
391838224,9529,9337,0,1
391940217,9529,9337,0,1
392042204,9529,9337,0,1
392144537,9529,9339,0,1
392246200,9532,9339,0,1
392348218,9532,9351,0,1
392450228,9543,9351,0,1
392552204,9543,9351,0,1
392654316,9543,9353,0,1
392756204,9545,9353,0,1
392858218,9545,9353,0,1
392960223,9545,9353,0,1
393062202,9545,9353,0,1
393164305,9545,9355,0,1
393266202,9548,9355,0,1
393368218,9548,9367,0,1
393470219,9559,9367,0,1
393572231,9559,9369,0,1
393674331,9561,9369,0,1
393776202,9561,9369,0,1
393878218,9561,9369,0,1
393980217,9561,9369,0,1
394082214,9561,9371,0,1
394184342,9563,9371,0,1
394286201,9564,9383,0,1
394388217,9575,9383,0,1
394490216,9575,9383,0,1
394592202,9575,9385,0,1
394694309,9577,9385,0,1
394796202,9577,9385,0,1
394898220,9577,9385,0,1
395000217,9577,9385,0,1
395102202,9577,9387,0,1
395204311,9579,9387,0,1
395306201,9580,9399,0,1
395408218,9591,9399,0,1
395510219,9591,9399,0,1
395612204,9591,9399,0,1
395714520,9591,9401,0,1
395816202,9593,9401,0,1
395918218,9593,9401,0,1
396020217,9593,9401,0,1
396122232,9593,9403,0,1
396224317,9595,9403,0,1
396326210,9596,9415,0,1
396428218,9607,9415,0,1
396530218,9607,9415,0,1
396632204,9607,9417,0,1
396734449,9609,9417,0,1
396836201,9609,9417,0,1
396938218,9609,9417,0,1
397040220,9609,9417,0,1
397142202,9609,9419,0,1
397244509,9612,9419,0,1
397346201,9612,9431,0,1
397448222,9623,9431,0,1
397550216,9623,9431,0,1
397652203,9623,9433,0,1
397754313,9625,9433,0,1
397856201,9625,9433,0,1
397958218,9625,9433,0,1
398060222,9625,9433,0,1
398162202,9625,9435,0,1
398264311,9628,9435,0,1
398366202,9628,9447,0,1
398468221,9639,9447,0,1
398570223,9639,9447,0,1
398672212,9639,9449,0,1
398774315,9641,9449,0,1
398876202,9641,9449,0,1
398978218,9641,9449,0,1
399080223,9641,9449,0,1
399182204,9641,9451,0,1
399284539,9644,9463,0,1
399386201,9655,9463,0,1
399488216,9655,9463,0,1
399590218,9655,9463,0,1
399692211,9655,9465,0,1
399794519,9657,9465,0,1
399896204,9657,9465,0,1
399998218,9657,9465,0,1
400100218,9657,9465,0,1
400202202,9657,9467,0,1
400304303,9667,9479,0,1
400406202,9678,9479,0,1
400508218,9678,9479,0,1
400610220,9678,9479,0,1
400712202,9678,9481,0,1
400814321,9680,9481,0,1
400916200,9680,9481,0,1
401018218,9680,9481,0,1
401120218,9680,9481,0,1
401222205,9680,9483,0,1
401324569,9683,9495,0,1
401426201,9694,9495,0,1
401528220,9694,9495,0,1
401630218,9694,9495,0,1
401732202,9694,9497,0,1
401834509,9696,9497,0,1
401936259,9696,9497,0,1
402038220,9696,9497,0,1
402140218,9696,9497,0,1
402242204,9697,9499,0,1
402344310,9699,9511,0,1
402446201,9710,9511,0,1
402548217,9710,9511,0,1
402650216,9710,9511,0,1
402752205,9710,9513,0,1
402854512,9712,9513,0,1
402956202,9712,9513,0,1
403058223,9712,9513,0,1
403160218,9712,9513,0,1
403262202,9713,9515,0,1
403364502,9715,9527,0,1
403466203,9726,9527,0,1
403568217,9726,9527,0,1
403670218,9726,9527,0,1
403772206,9726,9529,0,1
403874512,9728,9529,0,1
403976201,9728,9529,0,1
404078219,9728,9529,0,1
404180227,9728,9529,0,1
404282267,9729,9543,0,1
404384336,9742,9543,0,1
404486201,9742,9543,0,1
404588217,9742,9543,0,1
404690217,9742,9543,0,1
404792202,9742,9545,0,1
404894517,9744,9545,0,1
404996202,9744,9545,0,1
405098218,9744,9545,0,1
405200217,9744,9545,0,1
405302209,9745,9559,0,1
405404501,9758,9559,0,1
405506201,9758,9559,0,1
405608219,9758,9559,0,1
405710217,9758,9559,0,1
405812202,9758,9561,0,1
405914544,9760,9561,0,1
406016203,9760,9561,0,1
406118219,9760,9561,0,1
406220217,9760,9561,0,1
406322208,9761,9575,0,1
406424513,9774,9575,0,1
406526202,9774,9575,0,1
406628218,9774,9575,0,1
406730219,9774,9577,0,1
406832202,9776,9577,0,1
406934504,9776,9577,0,1
407036205,9776,9577,0,1
407138218,9776,9577,0,1
407240217,9777,9579,0,1
407342203,9779,9591,0,1
407444307,9790,9591,0,1
407546209,9790,9591,0,1
407648218,9790,9591,0,1
407750220,9790,9593,0,1
407852204,9792,9593,0,1
407954312,9792,9593,0,1
408056200,9792,9593,0,1
408158217,9792,9593,0,1
408260222,9793,9593,0,1
408362202,9793,9607,0,1
408464476,9806,9607,0,1
408566201,9806,9607,0,1
408668223,9806,9607,0,1
408770218,9806,9607,0,1
408872211,9806,9609,0,1
408974310,9808,9609,0,1
409076200,9808,9609,0,1
409178221,9808,9609,0,1
409280293,9809,9623,0,1
409382218,9822,9623,0,1
409484557,9822,9623,0,1
409586201,9822,9623,0,1
409688237,9822,9623,0,1
409790223,9822,9625,0,1
409892204,9824,9625,0,1
409994519,9824,9625,0,1
410096202,9824,9625,0,1
410198218,9824,9625,0,1
410300234,9825,9639,0,1
410402202,9838,9639,0,1
410504345,9838,9639,0,1
410606204,9838,9639,0,1
410708218,9838,9639,0,1
410810217,9838,9641,0,1
410912209,9840,9641,0,1
411014503,9840,9641,0,1
411116201,9840,9641,0,1
411218216,9840,9641,0,1
411320220,9841,9655,0,1
411422205,9854,9655,0,1
411524503,9854,9655,0,1
411626202,9854,9655,0,1
411728217,9854,9655,0,1
411830218,9854,9657,0,1
411932202,9856,9657,0,1
412034511,9856,9657,0,1
412136201,9856,9657,0,1
412238217,9857,9657,0,1
412340219,9857,9671,0,1
412442202,9870,9671,0,1
412544499,9870,9671,0,1
412646201,9870,9671,0,1
412748221,9870,9671,0,1
412850218,9870,9673,0,1
412952202,9872,9673,0,1
413054505,9872,9673,0,1
413156208,9872,9673,0,1
413258217,9873,9673,0,1
413360218,9873,9687,0,1
413462206,9886,9687,0,1
413564571,9886,9687,0,1
413666202,9886,9687,0,1
413768217,9886,9687,0,1
413870217,9886,9689,0,1
413972205,9888,9689,0,1
414074516,9888,9689,0,1
414176203,9888,9689,0,1
414278227,9889,9699,0,1
414380217,9899,9703,0,1
414482207,9902,9703,0,1
414584501,9902,9703,0,1
414686201,9902,9703,0,1
414788218,9902,9703,0,1
414890222,9902,9705,0,1
414992203,9904,9705,0,1
415094353,9904,9705,0,1
415196200,9904,9705,0,1
415298218,9905,9717,0,1
415400223,9916,9719,0,1
415502202,9918,9719,0,1
415604306,9918,9719,0,1
415706202,9918,9719,0,1
415808218,9918,9719,0,1
415910200,9918,9721,0,1
416012202,9920,9721,0,1
416114523,9920,9721,0,1
416216201,9920,9721,0,1
416318222,9921,9733,0,1
416420218,9932,9735,0,1
416522213,9934,9735,0,1
416624528,9934,9735,0,1
416726201,9934,9735,0,1
416828236,9934,9735,0,1
416930217,9934,9737,0,1
417032209,9936,9737,0,1
417134504,9936,9737,0,1
417236202,9937,9737,0,1
417338218,9937,9749,0,1
417440216,9949,9751,0,1
417542202,9951,9751,0,1
417644326,9951,9751,0,1
417746204,9951,9751,0,1
417848218,9951,9751,0,1
417950219,9951,9753,0,1
418052202,9953,9753,0,1
418154509,9953,9753,0,1
418256201,9954,9753,0,1
418358218,9954,9765,0,1
418460219,9965,9767,0,1
418562202,9967,9767,0,1
418664312,9967,9767,0,1
418766215,9967,9767,0,1
418868218,9967,9767,0,1
418970218,9967,9769,0,1
419072212,9969,9769,0,1
419174377,9969,9769,0,1
419276206,9970,9779,0,1
419378225,9980,9783,0,1
419480222,9983,9783,0,1
419582202,9983,9783,0,1
419684344,9983,9783,0,1
419786200,9983,9783,0,1
419888225,9983,9785,0,1
419990217,9985,9785,0,1
420092202,9985,9785,0,1
420194322,9985,9785,0,1
420296202,9986,9797,0,1
420398221,9999,9799,0,1
420500219,10001,9799,0,1
420602204,10001,9799,0,1
420704309,10001,9799,0,1
420806202,10001,9799,0,1
420908219,10001,9799,0,1
421010224,10001,9801,0,1
421112202,10003,9801,0,1
421214315,10003,9801,0,1
421316205,10004,9813,0,1
421418236,10015,9813,0,1
421520219,10015,9815,0,1
421622206,10017,9815,0,1
421724324,10017,9815,0,1
421826202,10017,9815,0,1
421928217,10017,9817,0,1
422030220,10019,9817,0,1
422132209,10019,9817,0,1
422234322,10020,9817,0,1
422336202,10020,9829,0,1
422438217,10031,9831,0,1
422540218,10033,9831,0,1
422642202,10033,9831,0,1
422744509,10033,9831,0,1
422846201,10033,9831,0,1
422948218,10033,9833,0,1
423050220,10035,9833,0,1
423152202,10035,9833,0,1
423254325,10036,9833,0,1
423356202,10036,9845,0,1
423458221,10047,9847,0,1
423560219,10049,9847,0,1
423662202,10049,9847,0,1
423764520,10049,9847,0,1
423866201,10049,9847,0,1
423968217,10049,9849,0,1
424070219,10051,9849,0,1
424172208,10051,9849,0,1
424274539,10052,9859,0,1
424376208,10062,9861,0,1
424478220,10063,9863,0,1
424580217,10065,9863,0,1
424682209,10065,9863,0,1
424784351,10065,9863,0,1
424886203,10065,9863,0,1
424988218,10065,9865,0,1
425090218,10067,9865,0,1
425192202,10067,9865,0,1
425294512,10068,9877,0,1
425396202,10079,9877,0,1
425498221,10079,9879,0,1
425600220,10081,9879,0,1
425702201,10081,9879,0,1
425804319,10081,9879,0,1
425906202,10081,9879,0,1
426008218,10081,9881,0,1
426110217,10083,9881,0,1
426212202,10083,9881,0,1
426314510,10084,9893,0,1
426416202,10095,9893,0,1
426518217,10095,9895,0,1
426620223,10097,9895,0,1
426722205,10097,9895,0,1
426824309,10097,9895,0,1
426926202,10097,9895,0,1
427028221,10097,9897,0,1
427130217,10099,9897,0,1
427232202,10100,9897,0,1
427334328,10100,9909,0,1
427436202,10111,9909,0,1
427538218,10111,9911,0,1
427640218,10113,9911,0,1
427742212,10113,9911,0,1
427844327,10113,9911,0,1
427946202,10113,9911,0,1
428048219,10113,9913,0,1
428150216,10115,9913,0,1
428252205,10116,9913,0,1
428354315,10116,9925,0,1
428456204,10127,9925,0,1
428558218,10127,9927,0,1
428660217,10129,9927,0,1
428762203,10129,9927,0,1
428864348,10129,9927,0,1
428966201,10129,9927,0,1
429068216,10129,9929,0,1
429170220,10131,9929,0,1
429272339,10132,9939,0,1
429374321,10142,9941,0,1
429476201,10143,9941,0,1
429578218,10143,9943,0,1
429680223,10145,9943,0,1
429782203,10145,9943,0,1
429884311,10145,9943,0,1
429986262,10145,9943,0,1
430088217,10145,9945,0,1
430190217,10147,9945,0,1
430292204,10148,9957,0,1
430394315,10159,9957,0,1
430496202,10159,9957,0,1
430598221,10159,9959,0,1
430700217,10161,9959,0,1
430802203,10161,9959,0,1
430904504,10161,9959,0,1
431006201,10161,9959,0,1
431108224,10161,9961,0,1
431210217,10163,9961,0,1
431312205,10164,9973,0,1
431414320,10175,9973,0,1
431516202,10175,9973,0,1
431618217,10175,9975,0,1
431720216,10177,9975,0,1
431822205,10177,9975,0,1
431924503,10177,9975,0,1
432026204,10177,9977,0,1
432128221,10179,9977,0,1
432230223,10179,9977,0,1
432332202,10180,9989,0,1
432434477,10191,9989,0,1
432536202,10191,9991,0,1
432638218,10193,9991,0,1
432740220,10193,9991,0,1
432842202,10193,9991,0,1
432944319,10193,9991,0,1
433046201,10193,9993,0,1
433148218,10195,9993,0,1
433250217,10196,9993,0,1
433352208,10196,10005,0,1
433454539,10207,10005,0,1
433556200,10207,10005,0,1
433658219,10207,10007,0,1
433760216,10209,10007,0,1
433862203,10209,10007,0,1
433964476,10209,10007,0,1
434066202,10209,10007,0,1
434168219,10209,10009,0,1
434270217,10212,10009,0,1
434372207,10212,10021,0,1
434474517,10223,10021,0,1
434576202,10223,10023,0,1
434678216,10225,10023,0,1
434780218,10225,10023,0,1
434882210,10225,10023,0,1
434984504,10225,10023,0,1
435086201,10225,10025,0,1
435188218,10227,10025,0,1
435290217,10228,10037,0,1
435392202,10239,10037,0,1
435494316,10239,10037,0,1
435596211,10239,10039,0,1
435698218,10241,10039,0,1
435800217,10241,10039,0,1
435902204,10241,10039,0,1
436004319,10241,10039,0,1
436106201,10241,10041,0,1
436208217,10243,10041,0,1
436310220,10244,10053,0,1
436412202,10255,10053,0,1
436514528,10255,10053,0,1
436616201,10255,10055,0,1
436718223,10257,10055,0,1
436820218,10257,10055,0,1
436922205,10257,10055,0,1
437024314,10257,10055,0,1
437126201,10257,10057,0,1
437228218,10259,10057,0,1
437330235,10260,10069,0,1
437432202,10271,10069,0,1
437534309,10271,10069,0,1
437636201,10271,10071,0,1
437738220,10273,10071,0,1
437840223,10273,10071,0,1
437942203,10273,10071,0,1
438044344,10273,10071,0,1
438146201,10273,10073,0,1
438248228,10276,10073,0,1
438350217,10276,10085,0,1
438452206,10287,10085,0,1
438554516,10287,10085,0,1
438656202,10287,10087,0,1
438758221,10289,10087,0,1
438860217,10289,10087,0,1
438962209,10289,10087,0,1
439064477,10289,10087,0,1
439166204,10289,10089,0,1
439268217,10292,10089,0,1
439370218,10292,10101,0,1
439472211,10303,10101,0,1
439574511,10303,10101,0,1
439676201,10303,10103,0,1
439778218,10305,10103,0,1
439880226,10305,10103,0,1
439982203,10305,10103,0,1
440084506,10305,10103,0,1
440186201,10305,10105,0,1
440288218,10308,10117,0,1
440390218,10319,10117,0,1
440492202,10319,10117,0,1
440594312,10319,10117,0,1
440696201,10319,10119,0,1
440798218,10321,10119,0,1
440900217,10321,10119,0,1
441002203,10321,10119,0,1
441104315,10321,10119,0,1
441206211,10321,10121,0,1
441308221,10324,10133,0,1
441410217,10335,10133,0,1
441512204,10335,10133,0,1
441614546,10335,10133,0,1
441716201,10335,10135,0,1
441818222,10337,10135,0,1
441920218,10337,10135,0,1
442022208,10337,10135,0,1
442124319,10337,10135,0,1
442226201,10337,10137,0,1
442328224,10344,10149,0,1
442430218,10355,10149,0,1
442532202,10355,10149,0,1
442634346,10355,10149,0,1
442736204,10355,10151,0,1
442838218,10357,10151,0,1
442940224,10357,10151,0,1
443042203,10357,10151,0,1
443144503,10357,10151,0,1
443246202,10358,10153,0,1
443348218,10360,10165,0,1
443450229,10371,10165,0,1
443552203,10371,10165,0,1
443654314,10371,10165,0,1
443756202,10371,10167,0,1
443858217,10373,10167,0,1
443960217,10373,10167,0,1
444062202,10373,10167,0,1
444164315,10373,10167,0,1
444266201,10374,10169,0,1
444368217,10376,10181,0,1
444470217,10387,10181,0,1
444572212,10387,10181,0,1
444674352,10387,10183,0,1
444776201,10389,10183,0,1
444878219,10389,10183,0,1
444980217,10389,10183,0,1
445082207,10389,10183,0,1
445184477,10389,10185,0,1
445286202,10393,10197,0,1
445388218,10404,10197,0,1
445490218,10404,10197,0,1
445592204,10404,10197,0,1
445694515,10404,10199,0,1
445796201,10406,10199,0,1
445898218,10406,10199,0,1
446000218,10406,10199,0,1
446102202,10406,10199,0,1
446204502,10406,10199,0,1
446306203,10407,10213,0,1
446408218,10420,10213,0,1
446510217,10420,10213,0,1
446612202,10420,10213,0,1
446714323,10420,10213,0,1
446816222,10420,10215,0,1
446918217,10422,10215,0,1
447020220,10422,10215,0,1
447122207,10422,10215,0,1
447224404,10422,10217,0,1
447326201,10425,10229,0,1
447428217,10436,10229,0,1
447530218,10436,10229,0,1
447632202,10436,10229,0,1
447734315,10436,10231,0,1
447836201,10438,10231,0,1
447938224,10438,10231,0,1
448040217,10438,10231,0,1
448142202,10438,10231,0,1
448244303,10439,10233,0,1
448346202,10441,10245,0,1
448448220,10452,10245,0,1
448550218,10452,10245,0,1
448652203,10452,10245,0,1
448754502,10452,10247,0,1
448856201,10454,10247,0,1
448958216,10454,10247,0,1
449060223,10454,10247,0,1
449162209,10454,10247,0,1
449264522,10455,10249,0,1
449366202,10457,10261,0,1
449468217,10468,10261,0,1
449570217,10468,10261,0,1
449672211,10468,10261,0,1
449774517,10468,10263,0,1
449876203,10470,10263,0,1
449978220,10470,10263,0,1
450080224,10470,10263,0,1
450182227,10470,10263,0,1
450284519,10471,10277,0,1
450386201,10484,10277,0,1
450488218,10484,10277,0,1
450590220,10484,10277,0,1
450692204,10484,10277,0,1
450794312,10484,10279,0,1
450896201,10486,10279,0,1
450998217,10486,10279,0,1
451100217,10486,10279,0,1
451202202,10486,10279,0,1
451304324,10487,10293,0,1
451406200,10500,10293,0,1
451508218,10500,10293,0,1
451610219,10500,10293,0,1
451712202,10500,10293,0,1
451814549,10500,10295,0,1
451916201,10502,10295,0,1
452018221,10502,10295,0,1
452120220,10502,10295,0,1
452222205,10502,10295,0,1
452324557,10503,10309,0,1
452426263,10516,10309,0,1
452528218,10516,10309,0,1
452630218,10516,10309,0,1
452732206,10516,10309,0,1
452834586,10516,10311,0,1
452936202,10518,10311,0,1
453038218,10518,10311,0,1
453140217,10518,10311,0,1
453242202,10519,10311,0,1
453344309,10519,10325,0,1
453446203,10532,10325,0,1
453548226,10532,10325,0,1
453650217,10532,10325,0,1
453752202,10532,10325,0,1
453854518,10532,10327,0,1
453956201,10534,10327,0,1
454058218,10534,10327,0,1
454160220,10534,10327,0,1
454262203,10535,10327,0,1
454364477,10535,10341,0,1
454466201,10548,10341,0,1
454568216,10548,10341,0,1
454670223,10548,10341,0,1
454772205,10548,10341,0,1
454874520,10548,10343,0,1
454976202,10550,10343,0,1
455078222,10550,10343,0,1
455180218,10550,10343,0,1
455282262,10551,10355,0,1
455384514,10562,10357,0,1
455486202,10564,10357,0,1
455588220,10564,10357,0,1
455690217,10564,10357,0,1
455792209,10564,10357,0,1
455894530,10564,10359,0,1
455996201,10566,10359,0,1
456098217,10566,10359,0,1
456200218,10566,10359,0,1
456302210,10567,10371,0,1
456404535,10578,10373,0,1
456506202,10580,10373,0,1
456608218,10580,10373,0,1
456710217,10580,10373,0,1
456812202,10580,10373,0,1
456914511,10580,10375,0,1
457016209,10582,10375,0,1
457118217,10582,10375,0,1
457220218,10582,10375,0,1
457322233,10583,10389,0,1
457424313,10596,10389,0,1
457526202,10596,10389,0,1
457628218,10596,10389,0,1
457730220,10596,10389,0,1
457832203,10596,10391,0,1
457934526,10598,10391,0,1
458036209,10598,10391,0,1
458138217,10598,10391,0,1
458240216,10599,10391,0,1
458342204,10599,10405,0,1
458444325,10612,10405,0,1
458546201,10612,10405,0,1
458648218,10612,10405,0,1
458750217,10612,10405,0,1
458852203,10612,10405,0,1
458954311,10612,10407,0,1
459056201,10614,10407,0,1
459158226,10614,10407,0,1
459260217,10615,10407,0,1
459362203,10615,10419,0,1
459464475,10628,10421,0,1
459566200,10630,10421,0,1
459668217,10630,10421,0,1
459770217,10630,10421,0,1
459872241,10630,10423,0,1
459974358,10632,10423,0,1
460076202,10632,10423,0,1
460178218,10632,10423,0,1
460280304,10633,10435,0,1
460382204,10644,10437,0,1
460484308,10646,10437,0,1
460586205,10646,10437,0,1
460688218,10646,10437,0,1
460790218,10646,10437,0,1
460892202,10646,10439,0,1
460994361,10648,10439,0,1
461096201,10648,10439,0,1
461198218,10648,10439,0,1
461300221,10649,10451,0,1
461402209,10660,10453,0,1
461504512,10662,10453,0,1
461606200,10662,10453,0,1
461708218,10662,10453,0,1
461810218,10662,10453,0,1
461912201,10662,10455,0,1
462014311,10664,10455,0,1
462116202,10664,10455,0,1
462218218,10664,10455,0,1
462320217,10665,10467,0,1
462422205,10680,10469,0,1
462524517,10682,10469,0,1
462626201,10682,10469,0,1
462728221,10682,10469,0,1
462830219,10682,10469,0,1
462932202,10682,10471,0,1
463034323,10684,10471,0,1
463136201,10684,10471,0,1
463238218,10685,10471,0,1
463340220,10685,10483,0,1
463442204,10696,10485,0,1
463544511,10698,10485,0,1
463646208,10698,10485,0,1
463748218,10698,10485,0,1
463850216,10698,10485,0,1
463952204,10698,10487,0,1
464054313,10700,10487,0,1
464156204,10700,10487,0,1
464258218,10701,10487,0,1
464360218,10701,10499,0,1
464462202,10712,10501,0,1
464564302,10714,10501,0,1
464666201,10714,10501,0,1
464768223,10714,10501,0,1
464870224,10714,10501,0,1
464972206,10714,10503,0,1
465074330,10716,10503,0,1
465176201,10716,10503,0,1
465278218,10717,10513,0,1
465380217,10727,10515,0,1
465482207,10728,10517,0,1
465584545,10730,10517,0,1
465686201,10730,10517,0,1
465788217,10730,10517,0,1
465890223,10730,10517,0,1
465992202,10730,10519,0,1
466094511,10732,10519,0,1
466196206,10732,10519,0,1
466298221,10733,10531,0,1
466400217,10744,10531,0,1
466502202,10744,10533,0,1
466604314,10746,10533,0,1
466706201,10746,10533,0,1
466808218,10746,10533,0,1
466910199,10746,10533,0,1
467012211,10746,10535,0,1
467114317,10748,10535,0,1
467216203,10748,10535,0,1
467318219,10749,10547,0,1
467420216,10760,10547,0,1
467522206,10760,10549,0,1
467624314,10762,10549,0,1
467726204,10762,10549,0,1
467828218,10762,10549,0,1
467930219,10762,10549,0,1
468032202,10762,10551,0,1
468134315,10764,10551,0,1
468236201,10765,10551,0,1
468338218,10765,10563,0,1
468440220,10776,10563,0,1
468542202,10776,10565,0,1
468644511,10778,10565,0,1
468746201,10778,10565,0,1
468848218,10778,10565,0,1
468950216,10778,10565,0,1
469052203,10778,10567,0,1
469154314,10780,10567,0,1
469256209,10781,10567,0,1
469358221,10781,10579,0,1
469460217,10792,10579,0,1
469562203,10792,10581,0,1
469664354,10794,10581,0,1
469766202,10794,10581,0,1
469868220,10794,10581,0,1
469970218,10794,10581,0,1
470072211,10794,10583,0,1
470174546,10796,10583,0,1
470276201,10797,10593,0,1
470378223,10807,10595,0,1
470480223,10808,10597,0,1
470582207,10810,10597,0,1
470684514,10810,10597,0,1
470786201,10810,10597,0,1
470888218,10810,10597,0,1
470990218,10810,10599,0,1
471092203,10812,10599,0,1
471194502,10812,10599,0,1
471296204,10813,10611,0,1
471398219,10824,10611,0,1
471500223,10824,10611,0,1
471602202,10824,10613,0,1
471704474,10826,10613,0,1
471806202,10826,10613,0,1
471908218,10826,10613,0,1
472010220,10826,10613,0,1
472112202,10826,10615,0,1
472214574,10828,10615,0,1
472316202,10829,10627,0,1
472418238,10840,10627,0,1
472520218,10840,10627,0,1
472622212,10840,10629,0,1
472724327,10842,10629,0,1
472826201,10842,10629,0,1
472928218,10842,10629,0,1
473030217,10842,10631,0,1
473132202,10844,10631,0,1
473234501,10845,10631,0,1
473336202,10845,10643,0,1
473438220,10856,10643,0,1
473540217,10856,10645,0,1
473642203,10858,10645,0,1
473744517,10858,10645,0,1
473846202,10858,10645,0,1
473948236,10858,10645,0,1
474050221,10858,10647,0,1
474152204,10860,10647,0,1
474254516,10861,10647,0,1
474356202,10861,10659,0,1
474458218,10872,10659,0,1
474560217,10872,10661,0,1
474662202,10874,10661,0,1
474764344,10874,10661,0,1
474866239,10874,10661,0,1
474968218,10874,10661,0,1
475070217,10874,10663,0,1
475172207,10876,10663,0,1
475274706,10877,10673,0,1
475376201,10887,10675,0,1
475478218,10888,10675,0,1
475580220,10888,10677,0,1
475682211,10890,10677,0,1
475784506,10890,10677,0,1
475886202,10890,10677,0,1
475988222,10890,10677,0,1
476090217,10890,10679,0,1
476192203,10892,10679,0,1
476294313,10893,10691,0,1
476396201,10904,10691,0,1
476498218,10904,10691,0,1
476600217,10904,10693,0,1
476702203,10906,10693,0,1
476804555,10906,10693,0,1
476906201,10906,10693,0,1
477008220,10906,10693,0,1
477110223,10906,10695,0,1
477212203,10908,10695,0,1
477314310,10909,10707,0,1
477416203,10920,10707,0,1
477518228,10920,10707,0,1
477620217,10920,10709,0,1
477722208,10922,10709,0,1
477824320,10922,10709,0,1
477926257,10922,10709,0,1
478028218,10922,10709,0,1
478130218,10922,10711,0,1
478232211,10925,10711,0,1
478334500,10925,10723,0,1
478436203,10936,10723,0,1
478538218,10936,10723,0,1
478640217,10936,10725,0,1
478742202,10938,10725,0,1
478844517,10938,10725,0,1
478946201,10938,10725,0,1
479048218,10938,10725,0,1
479150219,10938,10727,0,1
479252202,10941,10727,0,1
479354354,10941,10739,0,1
479456201,10952,10739,0,1
479558218,10952,10739,0,1
479660217,10952,10741,0,1
479762202,10954,10741,0,1
479864512,10954,10741,0,1
479966201,10954,10741,0,1
480068218,10954,10741,0,1
480170217,10954,10743,0,1
480272337,10957,10753,0,1
480374321,10967,10755,0,1
480476208,10968,10755,0,1
480578225,10968,10755,0,1
480680223,10968,10757,0,1
480782203,10970,10757,0,1
480884509,10970,10757,0,1
480986201,10970,10757,0,1
481088218,10970,10757,0,1
481190218,10970,10759,0,1
481292205,10973,10771,0,1
481394383,10984,10771,0,1
481496201,10984,10771,0,1
481598224,10984,10771,0,1
481700217,10984,10773,0,1
481802202,10986,10773,0,1
481904501,10986,10773,0,1
482006203,10986,10773,0,1
482108218,10986,10773,0,1
482210218,10986,10775,0,1
482312202,10989,10787,0,1
482414493,11000,10787,0,1
482516201,11000,10787,0,1
482618220,11000,10787,0,1
482720225,11000,10789,0,1
482822206,11002,10789,0,1
482924312,11002,10789,0,1
483026202,11002,10789,0,1
483128219,11002,10791,0,1
483230222,11004,10791,0,1
483332202,11005,10803,0,1
483434513,11016,10803,0,1
483536201,11016,10803,0,1
483638218,11016,10805,0,1
483740217,11018,10805,0,1
483842210,11018,10805,0,1
483944345,11018,10805,0,1
484046200,11018,10805,0,1
484148218,11018,10805,0,1
484250219,11019,10807,0,1
484352202,11021,10819,0,1
484454311,11032,10819,0,1
484556201,11032,10819,0,1
484658217,11032,10819,0,1
484760218,11032,10821,0,1
484862205,11034,10821,0,1
484964512,11034,10821,0,1
485066202,11034,10821,0,1
485168217,11034,10821,0,1
485270219,11035,10823,0,1
485372206,11037,10835,0,1
485474317,11048,10835,0,1
485576203,11048,10835,0,1
485678218,11048,10837,0,1
485780218,11050,10837,0,1
485882208,11050,10837,0,1
485984332,11050,10837,0,1
486086207,11050,10837,0,1
486188218,11050,10839,0,1
486290220,11053,10851,0,1
486392204,11064,10851,0,1
486494501,11064,10851,0,1
486596201,11064,10851,0,1
486698218,11064,10853,0,1
486800217,11066,10853,0,1
486902202,11066,10853,0,1
487004318,11066,10853,0,1
487106201,11066,10853,0,1
487208223,11066,10855,0,1
487310218,11075,10867,0,1
487412202,11086,10867,0,1
487514529,11086,10867,0,1
487616202,11086,10867,0,1
487718220,11086,10869,0,1
487820217,11088,10869,0,1
487922207,11088,10869,0,1
488024533,11088,10869,0,1
488126202,11088,10869,0,1
488228218,11088,10871,0,1
488330223,11091,10883,0,1
488432207,11102,10883,0,1
488534577,11102,10883,0,1
488636202,11102,10883,0,1
488738218,11102,10885,0,1
488840217,11104,10885,0,1
488942203,11104,10885,0,1
489044321,11104,10885,0,1
489146204,11104,10885,0,1
489248218,11105,10887,0,1
489350217,11107,10899,0,1
489452210,11118,10899,0,1
489554310,11118,10899,0,1
489656202,11118,10899,0,1
489758218,11118,10901,0,1
489860220,11120,10901,0,1
489962202,11120,10901,0,1
490064508,11120,10901,0,1
490166202,11120,10901,0,1
490268217,11121,10903,0,1
490370217,11123,10915,0,1
490472211,11134,10915,0,1
490574549,11134,10915,0,1
490676201,11134,10915,0,1
490778218,11134,10917,0,1
490880225,11136,10917,0,1
490982202,11136,10917,0,1
491084304,11136,10917,0,1
491186202,11136,10917,0,1
491288221,11137,10931,0,1
491390218,11150,10931,0,1
491492201,11150,10931,0,1
491594306,11150,10931,0,1
491696208,11150,10931,0,1
491798218,11150,10933,0,1
491900217,11152,10933,0,1
492002206,11152,10933,0,1
492104508,11152,10933,0,1
492206202,11152,10933,0,1
492308219,11153,10947,0,1
492410218,11166,10947,0,1
492512202,11166,10947,0,1
492614333,11166,10947,0,1
492716206,11166,10947,0,1
492818223,11166,10949,0,1
492920217,11168,10949,0,1
493022205,11168,10949,0,1
493124342,11168,10949,0,1
493226202,11168,10949,0,1
493328218,11169,10963,0,1
493430220,11182,10963,0,1
493532203,11182,10963,0,1
493634538,11182,10963,0,1
493736201,11182,10963,0,1
493838218,11182,10965,0,1
493940223,11184,10965,0,1
494042202,11184,10965,0,1
494144510,11184,10965,0,1
494246204,11185,10965,0,1
494348219,11185,10979,0,1
494450217,11198,10979,0,1
494552203,11198,10979,0,1
494654317,11198,10979,0,1
494756201,11198,10979,0,1
494858220,11198,10981,0,1
494960217,11200,10981,0,1
495062210,11200,10981,0,1
495164536,11200,10981,0,1
495266202,11201,10981,0,1
495368219,11201,10995,0,1
495470217,11214,10995,0,1
495572208,11214,10995,0,1
495674324,11214,10995,0,1
495776202,11214,10997,0,1
495878217,11216,10997,0,1
495980221,11216,10997,0,1
496082208,11216,10997,0,1
496184313,11216,10997,0,1
496286204,11217,11011,0,1
496388218,11230,11011,0,1
496490218,11230,11011,0,1
496592202,11230,11011,0,1
496694316,11230,11011,0,1
496796200,11230,11011,0,1
496898218,11230,11013,0,1
497000220,11232,11013,0,1
497102203,11232,11013,0,1
497204307,11232,11013,0,1
497306209,11233,11025,0,1
497408218,11244,11027,0,1
497510217,11246,11027,0,1
497612204,11246,11027,0,1
497714359,11246,11027,0,1
497816204,11246,11027,0,1
497918218,11246,11029,0,1
498020235,11248,11029,0,1
498122205,11248,11029,0,1
498224542,11248,11029,0,1
498326202,11249,11043,0,1
498428226,11262,11043,0,1
498530217,11262,11043,0,1
498632202,11262,11043,0,1
498734568,11262,11043,0,1
498836202,11262,11045,0,1
498938217,11264,11045,0,1
499040216,11264,11045,0,1
499142205,11264,11045,0,1
499244311,11265,11045,0,1
499346201,11265,11059,0,1
499448218,11278,11059,0,1
499550223,11278,11059,0,1
499652202,11278,11059,0,1
499754342,11278,11059,0,1
499856205,11278,11061,0,1
499958218,11280,11061,0,1
500060217,11280,11061,0,1
500162203,11280,11061,0,1
500264515,11281,11061,0,1
500366201,11281,11075,0,1
500468220,11294,11075,0,1
500570219,11294,11075,0,1
500672218,11294,11075,0,1
500774520,11294,11075,0,1
500876201,11294,11077,0,1
500978219,11296,11077,0,1
501080223,11296,11077,0,1
501182203,11296,11077,0,1
501284509,11297,11089,0,1
501386201,11310,11091,0,1
501488217,11312,11091,0,1
501590218,11312,11091,0,1
501692202,11312,11091,0,1
501794532,11312,11091,0,1
501896202,11312,11093,0,1
501998219,11314,11093,0,1
502100219,11314,11093,0,1
502202202,11314,11093,0,1
502304308,11315,11105,0,1
502406202,11326,11107,0,1
502508217,11328,11107,0,1
502610217,11328,11107,0,1
502712204,11328,11107,0,1
502814363,11328,11107,0,1
502916208,11328,11109,0,1
503018217,11330,11109,0,1
503120218,11330,11109,0,1
503222207,11330,11109,0,1
503324503,11331,11121,0,1
503426204,11342,11123,0,1
503528218,11344,11123,0,1
503630217,11344,11123,0,1
503732203,11344,11123,0,1
503834312,11344,11123,0,1
503936201,11344,11125,0,1
504038223,11346,11125,0,1
504140219,11346,11125,0,1
504242202,11347,11125,0,1
504344530,11347,11137,0,1
504446202,11362,11139,0,1
504548219,11364,11139,0,1
504650217,11364,11139,0,1
504752202,11364,11139,0,1
504854315,11364,11139,0,1
504956201,11364,11141,0,1
505058218,11366,11141,0,1
505160222,11366,11141,0,1
505262202,11367,11141,0,1
505364310,11367,11153,0,1
505466202,11378,11155,0,1
505568219,11380,11155,0,1
505670217,11380,11155,0,1
505772206,11380,11155,0,1
505874529,11380,11155,0,1
505976202,11380,11157,0,1
506078219,11382,11157,0,1
506180217,11382,11157,0,1
506282254,11383,11169,0,1
506384514,11394,11169,0,1
506486202,11394,11171,0,1
506588218,11396,11171,0,1
506690218,11396,11171,0,1
506792202,11396,11171,0,1
506894317,11396,11171,0,1
506996204,11396,11173,0,1
507098218,11398,11173,0,1
507200218,11398,11173,0,1
507302203,11399,11185,0,1
507404563,11410,11185,0,1
507506202,11410,11187,0,1
507608217,11412,11187,0,1
507710221,11412,11187,0,1
507812222,11412,11187,0,1
507914532,11412,11187,0,1
508016202,11412,11189,0,1
508118217,11414,11189,0,1
508220216,11414,11189,0,1
508322206,11415,11201,0,1
508424540,11426,11203,0,1
508526208,11428,11203,0,1
508628218,11428,11203,0,1
508730217,11428,11203,0,1
508832203,11428,11203,0,1
508934505,11428,11205,0,1
509036202,11430,11205,0,1
509138220,11430,11205,0,1
509240219,11431,11205,0,1
509342202,11431,11217,0,1
509444501,11442,11217,0,1
509546204,11442,11219,0,1
509648224,11444,11219,0,1
509750218,11444,11219,0,1
509852204,11444,11219,0,1
509954313,11444,11219,0,1
510056201,11444,11221,0,1
510158217,11446,11221,0,1
510260217,11447,11221,0,1
510362202,11447,11233,0,1
510464475,11458,11233,0,1
510566204,11458,11235,0,1
510668218,11460,11235,0,1
510770223,11460,11235,0,1
510872211,11460,11235,0,1
510974541,11460,11237,0,1
511076202,11462,11237,0,1
511178218,11462,11237,0,1
511280284,11463,11249,0,1
511382202,11474,11249,0,1
511484514,11474,11251,0,1
511586201,11476,11251,0,1
511688219,11476,11251,0,1
511790217,11476,11251,0,1
511892210,11476,11251,0,1
511994539,11476,11253,0,1
512096201,11478,11253,0,1
512198218,11478,11253,0,1
512300217,11479,11265,0,1
512402202,11490,11265,0,1
512504307,11490,11267,0,1
512606202,11492,11267,0,1
512708221,11492,11267,0,1
512810217,11492,11267,0,1
512912202,11492,11267,0,1
513014342,11492,11269,0,1
513116201,11494,11269,0,1
513218217,11494,11269,0,1
513320219,11495,11281,0,1
513422208,11506,11281,0,1
513524530,11506,11283,0,1
513626201,11508,11283,0,1
513728218,11508,11283,0,1
513830220,11508,11283,0,1
513932202,11508,11283,0,1
514034318,11508,11285,0,1
514136211,11510,11285,0,1
514238218,11511,11285,0,1
514340218,11511,11297,0,1
514442203,11522,11297,0,1
514544472,11522,11299,0,1
514646201,11524,11299,0,1
514748235,11524,11299,0,1
514850220,11524,11299,0,1
514952221,11524,11299,0,1
515054474,11524,11301,0,1
515156202,11526,11301,0,1
515258223,11527,11301,0,1
515360217,11527,11313,0,1
515462202,11538,11313,0,1
515564380,11538,11315,0,1
515666201,11540,11315,0,1
515768216,11540,11315,0,1
515870234,11540,11315,0,1
515972205,11540,11315,0,1
516074521,11540,11317,0,1
516176200,11542,11317,0,1
516278220,11543,11327,0,1
516380224,11553,11329,0,1
516482209,11554,11329,0,1
516584344,11554,11331,0,1
516686202,11556,11331,0,1
516788218,11556,11331,0,1
516890217,11556,11331,0,1
516992206,11556,11331,0,1
517094508,11556,11333,0,1
517196201,11558,11333,0,1
517298222,11559,11345,0,1
517400217,11570,11345,0,1
517502208,11570,11345,0,1
517604464,11570,11347,0,1
517706203,11572,11347,0,1
517808217,11572,11347,0,1
517910199,11572,11347,0,1
518012202,11572,11347,0,1
518114330,11572,11349,0,1
518216200,11574,11349,0,1
518318216,11575,11361,0,1
518420220,11586,11361,0,1
518522205,11586,11361,0,1
518624502,11586,11363,0,1
518726201,11588,11363,0,1
518828218,11588,11363,0,1
518930218,11588,11363,0,1
519032202,11588,11363,0,1
519134509,11588,11365,0,1
519236201,11591,11365,0,1
519338219,11591,11377,0,1
519440217,11602,11377,0,1
519542202,11602,11377,0,1
519644318,11602,11379,0,1
519746209,11604,11379,0,1
519848220,11604,11379,0,1
519950217,11604,11379,0,1
520052204,11604,11379,0,1
520154315,11604,11381,0,1
520256200,11607,11381,0,1
520358218,11607,11393,0,1
520460218,11618,11393,0,1
520562205,11618,11393,0,1
520664320,11618,11395,0,1
520766202,11620,11395,0,1
520868222,11620,11395,0,1
520970217,11620,11395,0,1
521072237,11620,11397,0,1
521174542,11622,11397,0,1
521276204,11623,11407,0,1
521378218,11633,11409,0,1
521480223,11634,11409,0,1
521582203,11634,11411,0,1
521684316,11636,11411,0,1
521786201,11636,11411,0,1
521888218,11636,11411,0,1
521990225,11636,11411,0,1
522092202,11636,11411,0,1
522194523,11636,11413,0,1
522296202,11639,11425,0,1
522398219,11650,11425,0,1
522500217,11650,11425,0,1
522602202,11650,11425,0,1
522704316,11650,11427,0,1
522806201,11652,11427,0,1
522908218,11652,11427,0,1
523010217,11652,11427,0,1
523112209,11652,11427,0,1
523214326,11652,11429,0,1
523316200,11655,11441,0,1
523418220,11666,11441,0,1
523520217,11666,11441,0,1
523622232,11666,11443,0,1
523724516,11668,11443,0,1
523826202,11668,11443,0,1
523928222,11668,11443,0,1
524030217,11668,11443,0,1
524132204,11668,11445,0,1
524234324,11671,11445,0,1
524336202,11671,11457,0,1
524438218,11682,11457,0,1
524540219,11682,11457,0,1
524642202,11682,11459,0,1
524744317,11684,11459,0,1
524846205,11684,11459,0,1
524948223,11684,11459,0,1
525050235,11684,11459,0,1
525152204,11684,11461,0,1
525254318,11687,11461,0,1
525356208,11687,11473,0,1
525458219,11698,11473,0,1
525560223,11698,11473,0,1
525662204,11698,11475,0,1
525764349,11700,11475,0,1
525866201,11700,11475,0,1
525968219,11700,11475,0,1
526070218,11700,11475,0,1
526172231,11700,11477,0,1
526274475,11709,11487,0,1
526376201,11719,11489,0,1
526478224,11720,11489,0,1
526580217,11720,11489,0,1
526682208,11720,11491,0,1
526784308,11722,11491,0,1
526886201,11722,11491,0,1
526988221,11722,11491,0,1
527090217,11722,11491,0,1
527192202,11722,11493,0,1
527294514,11725,11505,0,1
527396200,11736,11505,0,1
527498218,11736,11505,0,1
527600223,11736,11505,0,1
527702205,11736,11507,0,1
527804474,11738,11507,0,1
527906202,11738,11507,0,1
528008218,11738,11507,0,1
528110217,11738,11507,0,1
528212202,11738,11509,0,1
528314666,11741,11521,0,1
528416204,11752,11526,0,1
528518218,11757,11526,0,1
528620217,11757,11526,0,1
528722212,11757,11526,0,1
528824318,11757,11526,0,1
528926200,11757,11528,0,1
529028218,11759,11528,0,1
529130220,11759,11528,0,1
529232203,11760,11528,0,1
529334343,11760,11540,0,1
529436200,11771,11542,0,1
529538216,11773,11542,0,1
529640217,11773,11542,0,1
529742202,11773,11542,0,1
529844337,11773,11542,0,1
529946201,11773,11544,0,1
530048218,11775,11544,0,1
530150217,11775,11544,0,1
530252202,11776,11544,0,1
530354379,11776,11556,0,1
530456202,11787,11558,0,1
530558219,11789,11558,0,1
530660217,11789,11558,0,1
530762204,11789,11558,0,1
530864471,11789,11558,0,1
530966209,11789,11560,0,1
531068217,11791,11560,0,1
531170217,11791,11560,0,1
531272341,11792,11570,0,1
531374558,11802,11574,0,1
531476202,11805,11574,0,1
531578218,11805,11574,0,1
531680224,11805,11574,0,1
531782203,11805,11574,0,1
531884464,11805,11576,0,1
531986204,11807,11576,0,1
532088224,11807,11576,0,1
532190217,11807,11576,0,1
532292202,11808,11588,0,1
532394525,11819,11590,0,1
532496201,11821,11590,0,1
532598217,11821,11590,0,1
532700220,11821,11590,0,1
532802202,11821,11590,0,1
532904503,11821,11590,0,1
533006201,11821,11592,0,1
533108221,11823,11595,0,1
533210228,11826,11600,0,1
533312207,11832,11617,0,1
533414560,11851,11622,0,1
533516205,11856,11629,0,1
533618218,11863,11634,0,1
533720221,11868,11638,0,1
533822236,11872,11647,0,1
533924566,11881,11650,0,1
534026206,11886,11657,0,1
