timestamp,timestamp_sample,gyro_device_id,gyro_bias[0],gyro_bias[1],gyro_bias[2],gyro_bias_limit,gyro_bias_variance[0],gyro_bias_variance[1],gyro_bias_variance[2],accel_device_id,accel_bias[0],accel_bias[1],accel_bias[2],accel_bias_limit,accel_bias_variance[0],accel_bias_variance[1],accel_bias_variance[2],mag_device_id,mag_bias[0],mag_bias[1],mag_bias[2],mag_bias_limit,mag_bias_variance[0],mag_bias_variance[1],mag_bias_variance[2],gyro_bias_valid,gyro_bias_stable,accel_bias_valid,accel_bias_stable,mag_bias_valid,mag_bias_stable
267426082,267325662,3407890,0.0010728138,0.0012309474,-0.0005201261,0.15,1.7796752e-07,1.7841259e-07,3.576259e-07,3407890,-0.018748306,-0.0060934145,-0.0025755789,0.4,0.00015769647,0.00030546004,1.1530561e-05,396809,0.0,0.0,0.0,0.5,0.0025000002,0.0025000002,0.0025000002,1,1,1,1,1,0
268436074,268335661,3407890,0.001076889,0.001238994,-0.0005131905,0.15,1.7743132e-07,1.7781791e-07,3.5648287e-07,3407890,-0.018706312,-0.0060548326,-0.002521656,0.4,0.00015772475,0.00030537692,1.1510649e-05,396809,0.0,0.0,0.0,0.5,0.0025000002,0.0025000002,0.0025000002,1,1,1,1,1,0
269445927,269345661,3407890,0.0010830621,0.0012494851,-0.00051154266,0.15,1.7771673e-07,1.7805586e-07,3.559916e-07,3407890,-0.018674998,-0.006014911,-0.0024912057,0.4,0.00015775986,0.00030532543,1.14953755e-05,396809,0.0,0.0,0.0,0.5,0.0025000002,0.0025000002,0.0025000002,1,0,1,0,1,0
270456100,270355661,3407890,0.0010738131,0.0012675544,-0.00050943316,0.15,1.781317e-07,1.7842927e-07,3.5655518e-07,3407890,-0.018668298,-0.0059457906,-0.0024780547,0.4,0.00015779847,0.00030529036,1.1479061e-05,396809,0.0,0.0,0.0,0.5,0.0025000002,0.0025000002,0.0025000002,1,0,1,0,1,0
271466075,271365661,3407890,0.0010629487,0.0012842126,-0.0005041707,0.15,1.7857099e-07,1.7883188e-07,3.5775855e-07,3407890,-0.018679405,-0.0058863005,-0.0025019168,0.4,0.00015784116,0.0003052711,1.146368e-05,396809,0.0,0.0,0.0,0.5,0.0025000002,0.0025000002,0.0025000002,1,0,1,0,1,0
272476073,272375661,3407890,0.0010631249,0.0012943473,-0.0004990341,0.15,1.868207e-07,1.8707456e-07,3.6628234e-07,3407890,-0.018669175,-0.0058475714,-0.0025043238,0.4,0.00015791318,0.00030530643,1.1534429e-05,396809,0.0,0.0,0.0,0.5,0.0025000002,0.0025000002,0.0025000002,1,0,1,0,1,0
273485945,273385661,3407890,0.001060303,0.0013286473,-0.0005180276,0.15,1.8330559e-07,1.834798e-07,3.6862966e-07,3407890,-0.018551532,-0.0057029338,-0.002346096,0.4,0.00015788942,0.00030507974,1.15199855e-05,396809,0.0,0.0,0.0,0.5,0.0025000002,0.0025000002,0.0025000002,1,0,1,0,1,0
274496077,274395661,3407890,0.0010733552,0.0013223798,-0.0005382725,0.15,1.8011104e-07,1.8023161e-07,3.6733752e-07,3407890,-0.018725218,-0.005745353,-0.0026269306,0.4,0.00015785039,0.00030495887,1.14184895e-05,396809,0.0,0.0,0.0,0.5,0.0025000002,0.0025000002,0.0025000002,1,0,1,0,1,0
275505931,275405661,3407890,0.0010088318,0.0013244438,-0.00055515737,0.15,1.807152e-07,1.808197e-07,3.6624067e-07,3407890,-0.019024188,-0.0058409534,-0.00297271,0.4,0.000157873,0.00030499193,1.1395613e-05,396809,0.0,0.0,0.0,0.5,0.0025000002,0.0025000002,0.0025000002,1,0,1,0,1,0
276516077,276415661,3407890,0.0009613592,0.0013348392,-0.0005729367,0.15,1.8020759e-07,1.8030084e-07,3.6491207e-07,3407890,-0.019306475,-0.005878305,-0.0033136064,0.4,0.00015790237,0.00030505392,1.1378881e-05,396809,0.0,0.0,0.0,0.5,0.0025000002,0.0025000002,0.0025000002,1,0,1,0,1,0
277525928,277425661,3407890,0.0010601095,0.0013253753,-0.00059838773,0.15,1.8002217e-07,1.8010017e-07,3.6341032e-07,3407890,-0.01953357,-0.005950942,-0.0036872854,0.4,0.00015793683,0.00030511917,1.1362913e-05,396809,0.0,0.0,0.0,0.5,0.0025000002,0.0025000002,0.0025000002,1,0,1,0,1,0
278536076,278435661,3407890,0.0011105516,0.0013544449,-0.00061421277,0.15,1.8029618e-07,1.8035735e-07,3.623852e-07,3407890,-0.019691925,-0.005917003,-0.0039630323,0.4,0.00015797291,0.00030518408,1.1349734e-05,396809,0.0,0.0,0.0,0.5,0.0025000002,0.0025000002,0.0025000002,1,0,1,0,1,0
279546076,279445661,3407890,0.00089310313,0.0013909964,-0.0006184056,0.15,1.8012662e-07,1.8017472e-07,3.6147475e-07,3407890,-0.019770589,-0.005806566,-0.0039019203,0.4,0.00015800395,0.00030524208,1.1330837e-05,396809,0.0,0.0,0.0,0.5,0.0025000002,0.0025000002,0.0025000002,1,1,1,1,1,0
280555929,280455661,3407890,0.00078242976,0.0013223931,-0.00063101994,0.15,1.8033455e-07,1.8037494e-07,3.5942944e-07,3407890,-0.0199199,-0.005925967,-0.00396723,0.4,0.00015803635,0.00030529723,1.1317242e-05,396809,0.0,0.0,0.0,0.5,0.0025000002,0.0025000002,0.0025000002,1,1,1,1,1,0
281566079,281465661,3407890,0.0008570369,0.0013800587,-0.0006517007,0.15,1.8034739e-07,1.8037744e-07,3.5809418e-07,3407890,-0.020040283,-0.005852154,-0.0042169974,0.4,0.00015807232,0.00030535806,1.130163e-05,396809,0.0,0.0,0.0,0.5,0.0025000002,0.0025000002,0.0025000002,1,1,1,1,1,0
282575931,282475661,3407890,0.0009098831,0.0013690413,-0.00067000487,0.15,1.8060724e-07,1.8061648e-07,3.5698994e-07,3407890,-0.020286469,-0.005909557,-0.004611977,0.4,0.00015811228,0.0003054238,1.1290424e-05,396809,0.0,0.0,0.0,0.5,0.0025000002,0.0025000002,0.0025000002,1,1,1,1,1,0
283586076,283485661,3407890,0.0009619365,0.0013744218,-0.0006920873,0.15,1.804531e-07,1.8044031e-07,3.5531056e-07,3407890,-0.020384397,-0.0059477147,-0.0047839005,0.4,0.00015815288,0.0003054917,1.1274044e-05,396809,0.0,0.0,0.0,0.5,0.0025000002,0.0025000002,0.0025000002,1,1,1,1,1,0
284596098,284495661,3407890,0.000939948,0.0013404986,-0.00071012444,0.15,1.8067372e-07,1.80661e-07,3.539343e-07,3407890,-0.020485682,-0.0060017086,-0.004909378,0.4,0.00015819658,0.00030556644,1.1261355e-05,396809,0.0,0.0,0.0,0.5,0.0025000002,0.0025000002,0.0025000002,1,1,1,1,1,0
285606081,285505661,3407890,0.00091551617,0.0012584701,-0.00072314666,0.15,1.8068346e-07,1.8068255e-07,3.528033e-07,3407890,-0.020547172,-0.006083758,-0.0049681435,0.4,0.00015824099,0.00030564563,1.12473335e-05,396809,0.0,0.0,0.0,0.5,0.0025000002,0.0025000002,0.0025000002,1,1,1,1,1,0
286615938,286515661,3407890,0.00092190335,0.0012642797,-0.0007362789,0.15,1.8075417e-07,1.8075848e-07,3.5219506e-07,3407890,-0.020783613,-0.0060956497,-0.0053384146,0.4,0.00015828696,0.00030572806,1.1235149e-05,396809,0.0,0.0,0.0,0.5,0.0025000002,0.0025000002,0.0025000002,1,1,1,1,1,0
287626082,287525661,3407890,0.0009383342,0.0013547157,-0.00075517554,0.15,1.8060413e-07,1.8059528e-07,3.507998e-07,3407890,-0.020916324,-0.0060471417,-0.005582427,0.4,0.00015833117,0.0003058101,1.1220573e-05,396809,0.0,0.0,0.0,0.5,0.0025000002,0.0025000002,0.0025000002,1,1,1,1,1,0
288635930,288535661,3407890,0.0009837998,0.0013739048,-0.0007750648,0.15,1.8086011e-07,1.8080789e-07,3.495582e-07,3407890,-0.020876406,-0.0060471636,-0.0055461996,0.4,0.00015837807,0.0003058923,1.1209198e-05,396809,0.0,0.0,0.0,0.5,0.0025000002,0.0025000002,0.0025000002,1,1,1,1,1,0
289645929,289545661,3407890,0.0010025918,0.0013126084,-0.0007953964,0.15,1.8096813e-07,1.808838e-07,3.4814758e-07,3407890,-0.021041982,-0.006101281,-0.0058221226,0.4,0.00015842929,0.0003059741,1.1196717e-05,396809,0.0,0.0,0.0,0.5,0.0025000002,0.0025000002,0.0025000002,1,1,1,1,1,0
290655935,290555661,3407890,0.00096635084,0.0012092877,-0.00080426934,0.15,1.809302e-07,1.8089177e-07,3.4770753e-07,3407890,-0.021079864,-0.006159243,-0.005853137,0.4,0.00015848527,0.00030606106,1.1184938e-05,396809,0.0,0.0,0.0,0.5,0.0025000002,0.0025000002,0.0025000002,1,1,1,1,1,0
291665931,291565661,3407890,0.00096784224,0.0012430409,-0.00081898563,0.15,1.8093266e-07,1.8092511e-07,3.46535e-07,3407890,-0.02120312,-0.006157611,-0.0060683014,0.4,0.00015854088,0.0003061484,1.1173581e-05,396809,0.0,0.0,0.0,0.5,0.0025000002,0.0025000002,0.0025000002,1,1,1,1,1,0
292675930,292575661,3407890,0.00096333754,0.0013846302,-0.00083538267,0.15,1.8084795e-07,1.8083408e-07,3.4535609e-07,3407890,-0.021265896,-0.006072016,-0.0061985166,0.4,0.00015859368,0.00030623362,1.1161161e-05,396809,0.0,0.0,0.0,0.5,0.0025000002,0.0025000002,0.0025000002,1,1,1,1,1,0
293685931,293585661,3407890,0.0010296464,0.0013514793,-0.00084768905,0.15,1.8087673e-07,1.8080198e-07,3.4364544e-07,3407890,-0.02144572,-0.0061008115,-0.0065553715,0.4,0.00015864885,0.00030631264,1.1148748e-05,396809,0.0,0.0,0.0,0.5,0.0025000002,0.0025000002,0.0025000002,1,1,1,1,1,0
294695931,294595661,3407890,0.0010367101,0.0012775072,-0.0008611341,0.15,1.810122e-07,1.8090797e-07,3.4263917e-07,3407890,-0.021600984,-0.0061863274,-0.0068207006,0.4,0.00015870774,0.00030638592,1.1139398e-05,396809,0.0,0.0,0.0,0.5,0.0025000002,0.0025000002,0.0025000002,1,1,1,1,1,0
295705929,295605661,3407890,0.0010000307,0.0011809417,-0.00087295205,0.15,1.8090307e-07,1.8085147e-07,3.4203669e-07,3407890,-0.0218037,-0.006306407,-0.0071171676,0.4,0.00015876643,0.00030645877,1.1128586e-05,396809,0.0,0.0,0.0,0.5,0.0025000002,0.0025000002,0.0025000002,1,1,1,1,1,0
296716077,296615661,3407890,0.0009544498,0.0012340115,-0.00087299274,0.15,1.8109996e-07,1.8105979e-07,3.4130676e-07,3407890,-0.02196524,-0.0062930025,-0.0074055274,0.4,0.0001588244,0.00030653938,1.1119958e-05,396809,0.0,0.0,0.0,0.5,0.0025000002,0.0025000002,0.0025000002,1,1,1,1,1,0
297725932,297625661,3407890,0.0009949572,0.0013996443,-0.00087530084,0.15,1.8088855e-07,1.8085193e-07,3.4044493e-07,3407890,-0.022049436,-0.006171358,-0.007607518,0.4,0.00015888218,0.00030662172,1.1107202e-05,396809,0.0,0.0,0.0,0.5,0.0025000002,0.0025000002,0.0025000002,1,1,1,1,1,0
298735936,298635661,3407890,0.0010483214,0.0014094012,-0.00087158766,0.15,1.8120787e-07,1.8113724e-07,3.397671e-07,3407890,-0.022178302,-0.006138573,-0.007947723,0.4,0.00015893583,0.00030668252,1.1099163e-05,396809,0.0,0.0,0.0,0.5,0.0025000002,0.0025000002,0.0025000002,1,1,1,1,1,0
299746116,299645661,3407890,0.0009798935,0.001378384,-0.0008687911,0.15,1.811126e-07,1.8101044e-07,3.3967288e-07,3407890,-0.022249827,-0.0062297382,-0.007892152,0.4,0.0001589778,0.0003066963,1.1088208e-05,396809,0.0,0.0,0.0,0.5,0.0025000002,0.0025000002,0.0025000002,1,1,1,1,1,0
300755948,300655661,3407890,0.0009917241,0.0012746111,-0.0008699272,0.15,1.8126731e-07,1.8117717e-07,3.404978e-07,3407890,-0.022343015,-0.0064277984,-0.008016443,0.4,0.00015903075,0.00030675225,1.1080224e-05,396809,0.0,0.0,0.0,0.5,0.0025000002,0.0025000002,0.0025000002,1,1,1,1,1,0
301766076,301665661,3407890,0.0009360313,0.0012709165,-0.0008676605,0.15,1.8106358e-07,1.8100602e-07,3.3978685e-07,3407890,-0.02233999,-0.0064127594,-0.008044523,0.4,0.00015909004,0.0003068409,1.1068084e-05,396809,0.0,0.0,0.0,0.5,0.0025000002,0.0025000002,0.0025000002,1,1,1,1,1,0
302776108,302675661,3407890,0.00088892644,0.0014006457,-0.00087979477,0.15,1.8102207e-07,1.8097717e-07,3.3948706e-07,3407890,-0.022305926,-0.0064750565,-0.007960452,0.4,0.00015914864,0.00030692597,1.1058187e-05,396809,0.0,0.0,0.0,0.5,0.0025000002,0.0025000002,0.0025000002,1,1,1,1,1,0
303786079,303685661,3407890,0.0009229834,0.0014362956,-0.000875802,0.15,1.8112607e-07,1.810585e-07,3.3895847e-07,3407890,-0.022389801,-0.0065168743,-0.008093776,0.4,0.0001592082,0.00030700842,1.1049863e-05,396809,0.0,0.0,0.0,0.5,0.0025000002,0.0025000002,0.0025000002,1,1,1,1,1,0
304795927,304695661,3407890,0.0009839487,0.0012857546,-0.00088267424,0.15,1.8110798e-07,1.8102027e-07,3.387641e-07,3407890,-0.022568611,-0.0064563486,-0.0083473455,0.4,0.00015927013,0.00030709087,1.1041258e-05,396809,0.0,0.0,0.0,0.5,0.0025000002,0.0025000002,0.0025000002,1,1,1,1,1,0
305806109,305705680,3407890,0.00095766055,0.0012835944,-0.000878115,0.15,1.8125392e-07,1.8118833e-07,3.390351e-07,3407890,-0.022573443,-0.006434072,-0.008358534,0.4,0.0001593332,0.00030717716,1.1034497e-05,396809,0.0,0.0,0.0,0.5,0.0025000002,0.0025000002,0.0025000002,1,1,1,1,1,0
306815933,306715661,3407890,0.0009180046,0.0012022522,-0.0008708838,0.15,1.8117412e-07,1.8113344e-07,3.3877978e-07,3407890,-0.022682715,-0.0065390808,-0.008534461,0.4,0.00015939226,0.00030725836,1.1023671e-05,396809,0.0,0.0,0.0,0.5,0.0025000002,0.0025000002,0.0025000002,1,1,1,1,1,0
307826086,307725661,3407890,0.00090964173,0.0013069636,-0.00087761326,0.15,1.8103431e-07,1.8099728e-07,3.3813004e-07,3407890,-0.022716576,-0.0065253116,-0.00858735,0.4,0.00015945119,0.00030734477,1.1013791e-05,396809,0.0,0.0,0.0,0.5,0.0025000002,0.0025000002,0.0025000002,1,1,1,1,1,0
308836104,308735661,3407890,0.0009504661,0.0013498076,-0.0008816596,0.15,1.8112223e-07,1.8106554e-07,3.3727184e-07,3407890,-0.022835914,-0.0065609664,-0.008780098,0.4,0.00015951085,0.00030743267,1.1006423e-05,396809,0.0,0.0,0.0,0.5,0.0025000002,0.0025000002,0.0025000002,1,1,1,1,1,0
309846084,309745661,3407890,0.0010022625,0.0013164355,-0.0008842954,0.15,1.8111098e-07,1.8099814e-07,3.362471e-07,3407890,-0.022923129,-0.006565243,-0.008902948,0.4,0.00015957271,0.00030752033,1.0997523e-05,396809,0.0,0.0,0.0,0.5,0.0025000002,0.0025000002,0.0025000002,1,1,1,1,1,0
310856078,310755661,3407890,0.0009644565,0.0012512067,-0.000878096,0.15,1.8098098e-07,1.8086872e-07,3.350639e-07,3407890,-0.022958428,-0.006590507,-0.008975244,0.4,0.00015963895,0.0003076107,1.098819e-05,396809,0.0,0.0,0.0,0.5,0.0025000002,0.0025000002,0.0025000002,1,1,1,1,1,0
311866125,311765661,3407890,0.0008978275,0.0012278691,-0.0008773232,0.15,1.8100252e-07,1.8092742e-07,3.3477076e-07,3407890,-0.022932043,-0.006571766,-0.008902227,0.4,0.00015970343,0.00030769635,1.0981143e-05,396809,0.0,0.0,0.0,0.5,0.0025000002,0.0025000002,0.0025000002,1,1,1,1,1,0
312876114,312775661,3407890,0.00091159396,0.0012685814,-0.00087029755,0.15,1.8089906e-07,1.8085949e-07,3.3374624e-07,3407890,-0.022993568,-0.006560728,-0.009021352,0.4,0.00015976424,0.00030778346,1.0972491e-05,396809,0.0,0.0,0.0,0.5,0.0025000002,0.0025000002,0.0025000002,1,1,1,1,1,0
313886078,313785661,3407890,0.0009365528,0.0014924295,-0.000867619,0.15,1.810003e-07,1.8095275e-07,3.3360712e-07,3407890,-0.023089474,-0.006539909,-0.009199004,0.4,0.00015982657,0.00030787394,1.0966076e-05,396809,0.0,0.0,0.0,0.5,0.0025000002,0.0025000002,0.0025000002,1,1,1,1,1,0
314896109,314795661,3407890,0.0009919541,0.0014471306,-0.0008689172,0.15,1.8114105e-07,1.8103091e-07,3.3324102e-07,3407890,-0.02320692,-0.0065723043,-0.009431352,0.4,0.0001598922,0.00030796343,1.0959475e-05,396809,0.0,0.0,0.0,0.5,0.0025000002,0.0025000002,0.0025000002,1,1,1,1,1,0
315906081,315805661,3407890,0.0010470403,0.0013738121,-0.0008671685,0.15,1.8117504e-07,1.8101095e-07,3.3297096e-07,3407890,-0.023241132,-0.0066046063,-0.009517032,0.4,0.00015996014,0.0003080521,1.0951563e-05,396809,0.0,0.0,0.0,0.5,0.0025000002,0.0025000002,0.0025000002,1,1,1,1,1,0
316915931,316815661,3407890,0.0011100422,0.0013144782,-0.0008529115,0.15,1.8102695e-07,1.8094221e-07,3.3273682e-07,3407890,-0.023314599,-0.0066152434,-0.009713892,0.4,0.00016003115,0.0003081417,1.0943948e-05,396809,0.0,0.0,0.0,0.5,0.0025000002,0.0025000002,0.0025000002,1,1,1,1,1,0
317925964,317825661,3407890,0.0011228111,0.001279412,-0.000846887,0.15,1.8105317e-07,1.810077e-07,3.3257982e-07,3407890,-0.023391929,-0.0066286353,-0.009895032,0.4,0.00016010292,0.00030823183,1.0937633e-05,396809,0.0,0.0,0.0,0.5,0.0025000002,0.0025000002,0.0025000002,1,1,1,1,1,0
318936078,318835661,3407890,0.0010417748,0.0012765289,-0.0008406325,0.15,1.8091148e-07,1.808666e-07,3.3181837e-07,3407890,-0.023382291,-0.006612866,-0.009869017,0.4,0.00016017265,0.0003083223,1.0929994e-05,396809,0.0,0.0,0.0,0.5,0.0025000002,0.0025000002,0.0025000002,1,1,1,1,1,0
319946083,319845661,3407890,0.0010591985,0.0013319963,-0.0008352353,0.15,1.8113235e-07,1.810699e-07,3.314798e-07,3407890,-0.023442863,-0.0066147987,-0.010007365,0.4,0.00016024377,0.00030841338,1.09254015e-05,396809,0.0,0.0,0.0,0.5,0.0025000002,0.0025000002,0.0025000002,1,1,1,1,1,0
320955959,320855661,3407890,0.001117506,0.0013956024,-0.00083287875,0.15,1.8109851e-07,1.8100745e-07,3.311114e-07,3407890,-0.023606991,-0.006611728,-0.0103489235,0.4,0.00016031625,0.0003085029,1.0917846e-05,396809,0.0,0.0,0.0,0.5,0.0025000002,0.0025000002,0.0025000002,1,1,1,1,1,0
321965928,321865661,3407890,0.0010889553,0.0013067733,-0.0008299908,0.15,1.8113849e-07,1.8103084e-07,3.3120418e-07,3407890,-0.023633223,-0.006601973,-0.010442372,0.4,0.00016039169,0.00030859374,1.0911647e-05,396809,0.0,0.0,0.0,0.5,0.0025000002,0.0025000002,0.0025000002,1,1,1,1,1,0
322976078,322875661,3407890,0.0010640699,0.0012398072,-0.00082650676,0.15,1.8107244e-07,1.8098196e-07,3.3075077e-07,3407890,-0.023667175,-0.0065884846,-0.010525443,0.4,0.00016046941,0.00030868486,1.0905164e-05,396809,0.0,0.0,0.0,0.5,0.0025000002,0.0025000002,0.0025000002,1,1,1,1,1,0
323986130,323885661,3407890,0.0009993798,0.0011450968,-0.0008204535,0.15,1.8085143e-07,1.8079734e-07,3.306512e-07,3407890,-0.023704017,-0.0066241655,-0.010591327,0.4,0.00016054482,0.00030877336,1.0897182e-05,396809,0.0,0.0,0.0,0.5,0.0025000002,0.0025000002,0.0025000002,1,1,1,1,1,0
324996080,324895661,3407890,0.0009547625,0.0012789352,-0.0008188386,0.15,1.812635e-07,1.8121966e-07,3.308118e-07,3407890,-0.023686046,-0.006566322,-0.010473446,0.4,0.00016061719,0.00030886,1.0894787e-05,396809,0.0,0.0,0.0,0.5,0.0025000002,0.0025000002,0.0025000002,1,1,1,1,1,0
326005931,325905661,3407890,0.0010487925,0.0013755602,-0.0008191142,0.15,1.8096694e-07,1.8090486e-07,3.3051478e-07,3407890,-0.02368923,-0.0065410263,-0.010538138,0.4,0.00016068845,0.00030894956,1.0886187e-05,396809,0.0,0.0,0.0,0.5,0.0025000002,0.0025000002,0.0025000002,1,1,1,1,1,0
327016123,326915661,3407890,0.0010421793,0.001357256,-0.0008152816,0.15,1.8104524e-07,1.8094086e-07,3.3141282e-07,3407890,-0.023658454,-0.0065170573,-0.010483571,0.4,0.00016076195,0.00030903795,1.0881946e-05,396809,0.0,0.0,0.0,0.5,0.0025000002,0.0025000002,0.0025000002,1,1,1,1,1,0
328025939,327925661,3407890,0.0010876405,0.0013023868,-0.0008101979,0.15,1.8128218e-07,1.811675e-07,3.3156974e-07,3407890,-0.023749076,-0.0064903153,-0.010693603,0.4,0.00016083715,0.0003091284,1.0877387e-05,396809,0.0,0.0,0.0,0.5,0.0025000002,0.0025000002,0.0025000002,1,1,1,1,1,0
329035929,328935661,3407890,0.0011462297,0.0012623988,-0.00080175424,0.15,1.8104413e-07,1.8098915e-07,3.311087e-07,3407890,-0.023787884,-0.0064641177,-0.010786044,0.4,0.00016091282,0.0003092185,1.0870213e-05,396809,0.0,0.0,0.0,0.5,0.0025000002,0.0025000002,0.0025000002,1,1,1,1,1,0
330046074,329945661,3407890,0.001122949,0.0012567084,-0.0007917601,0.15,1.8099824e-07,1.8096661e-07,3.3076833e-07,3407890,-0.023848228,-0.0064310045,-0.010948219,0.4,0.00016098908,0.0003093085,1.0864761e-05,396809,0.0,0.0,0.0,0.5,0.0025000002,0.0025000002,0.0025000002,1,1,1,1,1,0
331055929,330955661,3407890,0.0011904287,0.0013112897,-0.0007936865,0.15,1.8101785e-07,1.8097631e-07,3.3082952e-07,3407890,-0.023873994,-0.0064351726,-0.0110281855,0.4,0.00016106479,0.00030939962,1.0859953e-05,396809,0.0,0.0,0.0,0.5,0.0025000002,0.0025000002,0.0025000002,1,1,1,1,1,0
332066077,331965661,3407890,0.001189744,0.0012806404,-0.0007873786,0.15,1.8110491e-07,1.8102745e-07,3.3078965e-07,3407890,-0.023944518,-0.006432427,-0.011208127,0.4,0.00016114078,0.00030949074,1.0855044e-05,396809,0.0,0.0,0.0,0.5,0.0025000002,0.0025000002,0.0025000002,1,1,1,1,1,0
333075931,332975661,3407890,0.0011475187,0.0012348511,-0.0007814317,0.15,1.8113133e-07,1.8103519e-07,3.3065405e-07,3407890,-0.024081286,-0.0064062364,-0.011566194,0.4,0.00016121789,0.00030958102,1.0850407e-05,396809,0.0,0.0,0.0,0.5,0.0025000002,0.0025000002,0.0025000002,1,1,1,1,1,0
334086077,333985661,3407890,0.0011149946,0.0011641964,-0.00077849795,0.15,1.8092997e-07,1.8086305e-07,3.303969e-07,3407890,-0.024234504,-0.0063966345,-0.011929488,0.4,0.0001612935,0.00030967107,1.08442655e-05,396809,0.0,0.0,0.0,0.5,0.0025000002,0.0025000002,0.0025000002,1,1,1,1,1,0
335095931,334995661,3407890,0.0011096677,0.0011976246,-0.0007691261,0.15,1.8104622e-07,1.8100074e-07,3.3034115e-07,3407890,-0.024348104,-0.006378289,-0.0121975895,0.4,0.00016136905,0.00030976124,1.0839794e-05,396809,0.0,0.0,0.0,0.5,0.0025000002,0.0025000002,0.0025000002,1,1,1,1,1,0
336106078,336005661,3407890,0.0011111419,0.0013313765,-0.00077100354,0.15,1.8093263e-07,1.8088492e-07,3.3046643e-07,3407890,-0.024412833,-0.0063226786,-0.012373482,0.4,0.00016144502,0.00030985,1.0834396e-05,396809,0.0,0.0,0.0,0.5,0.0025000002,0.0025000002,0.0025000002,1,1,1,1,1,0
337116094,337015661,3407890,0.0011113004,0.001331515,-0.0007659221,0.15,1.8085538e-07,1.8075625e-07,3.2917214e-07,3407890,-0.024440676,-0.0063160984,-0.012447097,0.4,0.00016152095,0.00030994078,1.0828161e-05,396809,0.0,0.0,0.0,0.5,0.0025000002,0.0025000002,0.0025000002,1,1,1,1,1,0
338126078,338025661,3407890,0.0010729833,0.0012159364,-0.000754493,0.15,1.8083321e-07,1.8072426e-07,3.2890438e-07,3407890,-0.024535755,-0.006304751,-0.012738281,0.4,0.00016160081,0.0003100319,1.0823561e-05,396809,0.0,0.0,0.0,0.5,0.0025000002,0.0025000002,0.0025000002,1,1,1,1,1,0
339136075,339035661,3407890,0.0010680279,0.001169436,-0.0007490406,0.15,1.8080173e-07,1.8074229e-07,3.2849297e-07,3407890,-0.024602003,-0.006313887,-0.012920594,0.4,0.00016167996,0.0003101222,1.08189815e-05,396809,0.0,0.0,0.0,0.5,0.0025000002,0.0025000002,0.0025000002,1,1,1,1,1,0
340145930,340045661,3407890,0.0010558077,0.0011576371,-0.0007387553,0.15,1.80944e-07,1.8091022e-07,3.2884967e-07,3407890,-0.02465071,-0.006317769,-0.013042961,0.4,0.00016175683,0.0003102102,1.0816276e-05,396809,0.0,0.0,0.0,0.5,0.0025000002,0.0025000002,0.0025000002,1,1,1,1,1,0
341156078,341055661,3407890,0.0010110027,0.0013327883,-0.00073628995,0.15,1.8111245e-07,1.810743e-07,3.2921113e-07,3407890,-0.024731647,-0.0061877584,-0.01319218,0.4,0.00016183208,0.0003102943,1.0813371e-05,396809,0.0,0.0,0.0,0.5,0.0025000002,0.0025000002,0.0025000002,1,1,1,1,1,0
342165934,342065661,3407890,0.0009938276,0.0013628036,-0.00073260104,0.15,1.8126002e-07,1.8118364e-07,3.292061e-07,3407890,-0.02482209,-0.0061647505,-0.013423595,0.4,0.00016190781,0.0003103797,1.0809972e-05,396809,0.0,0.0,0.0,0.5,0.0025000002,0.0025000002,0.0025000002,1,1,1,1,1,0
343176088,343075661,3407890,0.0008354504,0.0013470937,-0.0007080795,0.15,1.8100917e-07,1.8087876e-07,3.288497e-07,3407890,-0.024914943,-0.0061721317,-0.013592565,0.4,0.00016198462,0.00031046747,1.08032045e-05,396809,0.0,0.0,0.0,0.5,0.0025000002,0.0025000002,0.0025000002,1,1,1,1,1,0
344186084,344085661,3407890,0.00077653496,0.001269542,-0.0007049913,0.15,1.8092896e-07,1.8082446e-07,3.286559e-07,3407890,-0.024945103,-0.0061993157,-0.013618391,0.4,0.00016206334,0.00031055507,1.0798838e-05,396809,0.0,0.0,0.0,0.5,0.0025000002,0.0025000002,0.0025000002,1,1,1,1,1,0
345195937,345095661,3407890,0.0008307139,0.001225424,-0.0006991988,0.15,1.8108352e-07,1.8103906e-07,3.292512e-07,3407890,-0.024976209,-0.0062276833,-0.013742312,0.4,0.00016213983,0.0003106422,1.07967035e-05,396809,0.0,0.0,0.0,0.5,0.0025000002,0.0025000002,0.0025000002,1,1,1,1,1,0
346206079,346105661,3407890,0.00087750977,0.0012620052,-0.0007024867,0.15,1.8090255e-07,1.8087316e-07,3.2899973e-07,3407890,-0.02515142,-0.006243019,-0.014184825,0.4,0.00016221449,0.00031073202,1.0791296e-05,396809,0.0,0.0,0.0,0.5,0.0025000002,0.0025000002,0.0025000002,1,1,1,1,1,0
347215940,347115661,3407890,0.000818112,0.001413904,-0.00070195715,0.15,1.8104859e-07,1.8100138e-07,3.2929694e-07,3407890,-0.025154302,-0.0064026364,-0.014255869,0.4,0.00016228418,0.00031080647,1.0789102e-05,396809,0.0,0.0,0.0,0.5,0.0025000002,0.0025000002,0.0025000002,1,1,1,1,1,0
348225934,348125661,3407890,0.00085039734,0.0013655563,-0.0007102491,0.15,1.81306e-07,1.8120042e-07,3.2905925e-07,3407890,-0.025135562,-0.006334012,-0.014195041,0.4,0.00016235457,0.000310877,1.0786477e-05,396809,0.0,0.0,0.0,0.5,0.0025000002,0.0025000002,0.0025000002,1,1,1,1,1,0
349236075,349135661,3407890,0.0007655826,0.001276703,-0.00070398004,0.15,1.8115624e-07,1.8103088e-07,3.291281e-07,3407890,-0.025127817,-0.006286313,-0.014358602,0.4,0.00016242826,0.00031095487,1.0780995e-05,396809,0.0,0.0,0.0,0.5,0.0025000002,0.0025000002,0.0025000002,1,1,1,1,1,0
350246084,350145661,3407890,0.0006714182,0.0012230361,-0.0007154627,0.15,1.8106023e-07,1.8100138e-07,3.2951505e-07,3407890,-0.02505114,-0.0061882404,-0.014287357,0.4,0.0001625029,0.0003110329,1.0777825e-05,396809,0.0,0.0,0.0,0.5,0.0025000002,0.0025000002,0.0025000002,1,1,1,1,1,0
351255931,351155661,3407890,0.00079282816,0.0012139003,-0.0007003874,0.15,1.8100465e-07,1.8097046e-07,3.2938712e-07,3407890,-0.025117692,-0.0061991927,-0.014407411,0.4,0.0001625781,0.0003111197,1.0773685e-05,396809,0.0,0.0,0.0,0.5,0.0025000002,0.0025000002,0.0025000002,1,1,1,1,1,0
352266074,352165661,3407890,0.0009341261,0.0012858405,-0.00070444145,0.15,1.8098736e-07,1.8094248e-07,3.298054e-07,3407890,-0.025093291,-0.0061734086,-0.014459889,0.4,0.00016265376,0.00031120804,1.0770204e-05,396809,0.0,0.0,0.0,0.5,0.0025000002,0.0025000002,0.0025000002,1,1,1,1,1,0
353275928,353175661,3407890,0.001054339,0.0012726893,-0.0007202796,0.15,1.8115645e-07,1.8107626e-07,3.298309e-07,3407890,-0.025119407,-0.0061406926,-0.014682403,0.4,0.00016273014,0.00031129058,1.0767575e-05,396809,0.0,0.0,0.0,0.5,0.0025000002,0.0025000002,0.0025000002,1,1,1,1,1,0
354286074,354185661,3407890,0.001084221,0.0012092481,-0.0007239609,0.15,1.8097914e-07,1.8086949e-07,3.2977488e-07,3407890,-0.02520072,-0.006163272,-0.014921865,0.4,0.00016280865,0.00031137638,1.0762623e-05,396809,0.0,0.0,0.0,0.5,0.0025000002,0.0025000002,0.0025000002,1,1,1,1,1,0
355295936,355195661,3407890,0.0011033363,0.0011476354,-0.0007156394,0.15,1.8102999e-07,1.8094354e-07,3.297826e-07,3407890,-0.025255727,-0.0061792317,-0.015061879,0.4,0.00016288937,0.00031146666,1.0760616e-05,396809,0.0,0.0,0.0,0.5,0.0025000002,0.0025000002,0.0025000002,1,1,1,1,1,0
356306076,356205661,3407890,0.0011612455,0.0011621044,-0.0007154014,0.15,1.809785e-07,1.8093417e-07,3.291996e-07,3407890,-0.025322812,-0.0061797313,-0.015275642,0.4,0.00016296947,0.00031155723,1.0757358e-05,396809,0.0,0.0,0.0,0.5,0.0025000002,0.0025000002,0.0025000002,1,1,1,1,1,0
357316142,357215710,3407890,0.0010524684,0.0011933818,-0.00071213976,0.15,1.808268e-07,1.8077691e-07,3.291138e-07,3407890,-0.025363853,-0.0061955657,-0.015407094,0.4,0.00016304587,0.00031164702,1.07524875e-05,396809,0.0,0.0,0.0,0.5,0.0025000002,0.0025000002,0.0025000002,1,1,1,1,1,0
358326080,358225661,3407890,0.0010087898,0.0012639958,-0.00070452405,0.15,1.8103853e-07,1.8095162e-07,3.2929495e-07,3407890,-0.025441037,-0.006251691,-0.015565433,0.4,0.00016312143,0.00031173494,1.0750574e-05,396809,0.0,0.0,0.0,0.5,0.0025000002,0.0025000002,0.0025000002,1,1,1,1,1,0
359336081,359235661,3407890,0.0009480989,0.0012116894,-0.00069705606,0.15,1.8130908e-07,1.811832e-07,3.295232e-07,3407890,-0.025537074,-0.006264924,-0.015801309,0.4,0.00016319827,0.00031182586,1.0750561e-05,396809,0.0,0.0,0.0,0.5,0.0025000002,0.0025000002,0.0025000002,1,1,1,1,1,0
360346083,360245661,3407890,0.0009133565,0.0012557241,-0.00069507543,0.15,1.8088863e-07,1.8078279e-07,3.2906752e-07,3407890,-0.025485905,-0.00623329,-0.015696513,0.4,0.00016327378,0.0003119157,1.0744089e-05,396809,0.0,0.0,0.0,0.5,0.0025000002,0.0025000002,0.0025000002,1,1,1,1,1,0
361355930,361255661,3407890,0.00095611747,0.0012921253,-0.00069764664,0.15,1.8103911e-07,1.8097417e-07,3.2915685e-07,3407890,-0.025433302,-0.0061956397,-0.015558355,0.4,0.00016334832,0.00031200334,1.0742722e-05,396809,0.0,0.0,0.0,0.5,0.0025000002,0.0025000002,0.0025000002,1,1,1,1,1,0
362365932,362265661,3407890,0.00086762867,0.0013089551,-0.0006986579,0.15,1.8117734e-07,1.8112037e-07,3.2926914e-07,3407890,-0.025425263,-0.0061955824,-0.015489854,0.4,0.00016342569,0.00031209175,1.07413e-05,396809,0.0,0.0,0.0,0.5,0.0025000002,0.0025000002,0.0025000002,1,1,1,1,1,0
363376080,363275661,3407890,0.00081314496,0.0012004928,-0.00069796393,0.15,1.8099895e-07,1.8092153e-07,3.2927457e-07,3407890,-0.025496487,-0.006318135,-0.015635781,0.4,0.00016350271,0.00031217455,1.0736494e-05,396809,0.0,0.0,0.0,0.5,0.0025000002,0.0025000002,0.0025000002,1,1,1,1,1,0
364386082,364285661,3407890,0.0008956155,0.0011539229,-0.0007076018,0.15,1.8111916e-07,1.8102784e-07,3.2952056e-07,3407890,-0.025550654,-0.0063881637,-0.0159011,0.4,0.00016358047,0.00031225607,1.0734795e-05,396809,0.0,0.0,0.0,0.5,0.0025000002,0.0025000002,0.0025000002,1,1,1,1,1,0
365395932,365295661,3407890,0.0010055909,0.001121651,-0.0007035475,0.15,1.8111542e-07,1.8104507e-07,3.2977317e-07,3407890,-0.025709936,-0.0064657778,-0.016284775,0.4,0.00016366098,0.0003123412,1.0733618e-05,396809,0.0,0.0,0.0,0.5,0.0025000002,0.0025000002,0.0025000002,1,1,1,1,1,0
366406080,366305661,3407890,0.0010658787,0.0011489968,-0.00070110563,0.15,1.8104141e-07,1.809823e-07,3.3000913e-07,3407890,-0.025776848,-0.0065190163,-0.016396511,0.4,0.00016373844,0.00031241766,1.0730713e-05,396809,0.0,0.0,0.0,0.5,0.0025000002,0.0025000002,0.0025000002,1,1,1,1,1,0
367415932,367315662,3407890,0.0010273269,0.0011801418,-0.0006916963,0.15,1.8113633e-07,1.8105601e-07,3.2979224e-07,3407890,-0.02578769,-0.0066033076,-0.01645232,0.4,0.00016381302,0.00031249024,1.0726972e-05,396809,0.0,0.0,0.0,0.5,0.0025000002,0.0025000002,0.0025000002,1,1,1,1,1,0
368426080,368325661,3407890,0.000943057,0.0012108594,-0.00068102666,0.15,1.8102324e-07,1.8090677e-07,3.2941014e-07,3407890,-0.02580006,-0.0066065313,-0.016458426,0.4,0.00016389212,0.0003125776,1.0723969e-05,396809,0.0,0.0,0.0,0.5,0.0025000002,0.0025000002,0.0025000002,1,1,1,1,1,0
369436079,369335661,3407890,0.0009354655,0.0012177252,-0.0006752634,0.15,1.8093345e-07,1.8083536e-07,3.294858e-07,3407890,-0.025848204,-0.006618094,-0.016609512,0.4,0.00016397251,0.0003126639,1.0721581e-05,396809,0.0,0.0,0.0,0.5,0.0025000002,0.0025000002,0.0025000002,1,1,1,1,1,0
370445935,370345662,3407890,0.0009689783,0.0011402324,-0.00066357973,0.15,1.8118111e-07,1.811067e-07,3.29742e-07,3407890,-0.025841616,-0.006648962,-0.016597776,0.4,0.00016405492,0.00031275264,1.0721678e-05,396809,0.0,0.0,0.0,0.5,0.0025000002,0.0025000002,0.0025000002,1,1,1,1,1,0
371456104,371355661,3407890,0.0009439714,0.0011629969,-0.00065574533,0.15,1.8110794e-07,1.8104544e-07,3.2996377e-07,3407890,-0.025850447,-0.0066477335,-0.01659555,0.4,0.0001641365,0.00031283978,1.07180285e-05,396809,0.0,0.0,0.0,0.5,0.0025000002,0.0025000002,0.0025000002,1,1,1,1,1,0
372466082,372365661,3407890,0.0008834683,0.0012705592,-0.0006591323,0.15,1.8122695e-07,1.8115989e-07,3.304849e-07,3407890,-0.02589967,-0.006605727,-0.016681038,0.4,0.00016421794,0.00031292593,1.0717001e-05,396809,0.0,0.0,0.0,0.5,0.0025000002,0.0025000002,0.0025000002,1,1,1,1,1,0
373476081,373375661,3407890,0.0008385841,0.0012709148,-0.00065515796,0.15,1.8119542e-07,1.811043e-07,3.3087153e-07,3407890,-0.025875645,-0.006557314,-0.01656425,0.4,0.00016429982,0.00031301164,1.0714772e-05,396809,0.0,0.0,0.0,0.5,0.0025000002,0.0025000002,0.0025000002,1,1,1,1,1,0
374485931,374385661,3407890,0.00085940806,0.0012033607,-0.0006619543,0.15,1.8140561e-07,1.8129437e-07,3.3124508e-07,3407890,-0.025871065,-0.006549556,-0.01652529,0.4,0.00016438395,0.00031309974,1.0714302e-05,396809,0.0,0.0,0.0,0.5,0.0025000002,0.0025000002,0.0025000002,1,1,1,1,1,0
375496081,375395661,3407890,0.00090468925,0.001089668,-0.00067026186,0.15,1.8112273e-07,1.810545e-07,3.3095836e-07,3407890,-0.025908735,-0.0065530376,-0.016696917,0.4,0.00016446761,0.0003131887,1.0709733e-05,396809,0.0,0.0,0.0,0.5,0.0025000002,0.0025000002,0.0025000002,1,1,1,1,1,0
376506083,376405661,3407890,0.0008993132,0.0011052159,-0.0006627274,0.15,1.8099816e-07,1.8096789e-07,3.3088318e-07,3407890,-0.025969129,-0.0065832674,-0.016918853,0.4,0.00016454989,0.00031327232,1.0707708e-05,396809,0.0,0.0,0.0,0.5,0.0025000002,0.0025000002,0.0025000002,1,1,1,1,1,0
377516095,377415661,3407890,0.0009993955,0.0012376958,-0.0006650937,0.15,1.8094899e-07,1.8090564e-07,3.306468e-07,3407890,-0.025967235,-0.006590769,-0.016830217,0.4,0.00016463207,0.0003133608,1.07047235e-05,396809,0.0,0.0,0.0,0.5,0.0025000002,0.0025000002,0.0025000002,1,1,1,1,1,0
378526087,378425661,3407890,0.0009706213,0.0012791159,-0.00066272664,0.15,1.8124717e-07,1.8115713e-07,3.3137127e-07,3407890,-0.025987832,-0.0065858415,-0.016837303,0.4,0.00016471198,0.0003134437,1.0704821e-05,396809,0.0,0.0,0.0,0.5,0.0025000002,0.0025000002,0.0025000002,1,1,1,1,1,0
379535929,379435661,3407890,0.000989553,0.001146802,-0.00067375775,0.15,1.8121962e-07,1.8108047e-07,3.3117016e-07,3407890,-0.02606715,-0.006685083,-0.017046079,0.4,0.00016479407,0.00031352908,1.0702299e-05,396809,0.0,0.0,0.0,0.5,0.0025000002,0.0025000002,0.0025000002,1,1,1,1,1,0
380546101,380445661,3407890,0.0010411388,0.0010732297,-0.0006818188,0.15,1.8076743e-07,1.8068302e-07,3.3014425e-07,3407890,-0.026154175,-0.0066806106,-0.017288674,0.4,0.00016487775,0.00031361473,1.0697646e-05,396809,0.0,0.0,0.0,0.5,0.0025000002,0.0025000002,0.0025000002,1,1,1,1,1,0
381555929,381455661,3407890,0.0010598213,0.0010984028,-0.0006821571,0.15,1.8099257e-07,1.8095488e-07,3.2927585e-07,3407890,-0.026234929,-0.006755287,-0.017488675,0.4,0.00016495641,0.00031368874,1.0698164e-05,396809,0.0,0.0,0.0,0.5,0.0025000002,0.0025000002,0.0025000002,1,1,1,1,1,0
382566078,382465661,3407890,0.0010366689,0.0011501787,-0.0006820387,0.15,1.8099914e-07,1.8097026e-07,3.292634e-07,3407890,-0.026299937,-0.006843061,-0.017693743,0.4,0.00016503391,0.0003137637,1.0696159e-05,396809,0.0,0.0,0.0,0.5,0.0025000002,0.0025000002,0.0025000002,1,1,1,1,1,0
383576075,383475661,3407890,0.0010296706,0.0012717651,-0.0006856586,0.15,1.8088845e-07,1.8082454e-07,3.2880652e-07,3407890,-0.026339116,-0.0068911645,-0.017813815,0.4,0.0001651154,0.00031385204,1.0693036e-05,396809,0.0,0.0,0.0,0.5,0.0025000002,0.0025000002,0.0025000002,1,1,1,1,1,0
384586100,384485661,3407890,0.0009917805,0.0011932735,-0.0006802592,0.15,1.8115337e-07,1.8101893e-07,3.2821347e-07,3407890,-0.02632844,-0.0068657342,-0.017802281,0.4,0.00016519973,0.0003139415,1.0693543e-05,396809,0.0,0.0,0.0,0.5,0.0025000002,0.0025000002,0.0025000002,1,1,1,1,1,0
385595933,385495661,3407890,0.0010241586,0.0011486362,-0.0006758779,0.15,1.8108508e-07,1.8094546e-07,3.2838082e-07,3407890,-0.02634819,-0.006847624,-0.017889317,0.4,0.00016528454,0.00031403176,1.0690493e-05,396809,0.0,0.0,0.0,0.5,0.0025000002,0.0025000002,0.0025000002,1,1,1,1,1,0
386606172,386505661,3407890,0.0010789038,0.0011686803,-0.0006712709,0.15,1.809857e-07,1.8092545e-07,3.2894403e-07,3407890,-0.026399752,-0.006843608,-0.018096574,0.4,0.00016536834,0.00031411942,1.0689594e-05,396809,0.0,0.0,0.0,0.5,0.0025000002,0.0025000002,0.0025000002,1,1,1,1,1,0
387616096,387515661,3407890,0.0011287063,0.0011645873,-0.00067276024,0.15,1.8099868e-07,1.809586e-07,3.2921693e-07,3407890,-0.026433751,-0.0068491832,-0.018255483,0.4,0.00016545189,0.00031420324,1.0688821e-05,396809,0.0,0.0,0.0,0.5,0.0025000002,0.0025000002,0.0025000002,1,1,1,1,1,0
388626074,388525661,3407890,0.0011788901,0.0011626554,-0.0006723757,0.15,1.8106621e-07,1.8101704e-07,3.2961825e-07,3407890,-0.026433818,-0.0068103503,-0.018327931,0.4,0.00016553709,0.00031428962,1.0687015e-05,396809,0.0,0.0,0.0,0.5,0.0025000002,0.0025000002,0.0025000002,1,1,1,1,1,0
389635968,389535661,3407890,0.0011801658,0.0011281953,-0.000674975,0.15,1.8130487e-07,1.8121477e-07,3.2970354e-07,3407890,-0.026491432,-0.006789025,-0.018617209,0.4,0.0001656219,0.00031437684,1.0686432e-05,396809,0.0,0.0,0.0,0.5,0.0025000002,0.0025000002,0.0025000002,1,1,1,1,1,0
390646079,390545661,3407890,0.0011221641,0.0011233205,-0.0006699849,0.15,1.8109372e-07,1.809913e-07,3.2988936e-07,3407890,-0.026533747,-0.0067831995,-0.018845875,0.4,0.00016570695,0.00031446508,1.0683844e-05,396809,0.0,0.0,0.0,0.5,0.0025000002,0.0025000002,0.0025000002,1,1,1,1,1,0
391656078,391555661,3407890,0.00094390294,0.0010682344,-0.00067146553,0.15,1.8090057e-07,1.8083095e-07,3.3021934e-07,3407890,-0.026569078,-0.006662251,-0.019004917,0.4,0.00016579276,0.0003145513,1.06818225e-05,396809,0.0,0.0,0.0,0.5,0.0025000002,0.0025000002,0.0025000002,1,1,1,1,1,0
392666135,392565661,3407890,0.0009474566,0.0011113526,-0.0006710488,0.15,1.8098766e-07,1.8093421e-07,3.2983652e-07,3407890,-0.026588872,-0.0066327965,-0.01902322,0.4,0.0001658778,0.0003146381,1.0680708e-05,396809,0.0,0.0,0.0,0.5,0.0025000002,0.0025000002,0.0025000002,1,1,1,1,1,0
393675928,393575661,3407890,0.0009600157,0.0012294209,-0.00066579133,0.15,1.8124547e-07,1.8119172e-07,3.3036721e-07,3407890,-0.026647802,-0.0065471735,-0.019141078,0.4,0.00016596062,0.0003147197,1.0680574e-05,396809,0.0,0.0,0.0,0.5,0.0025000002,0.0025000002,0.0025000002,1,1,1,1,1,0
394686075,394585661,3407890,0.0010035285,0.0012240137,-0.00067319284,0.15,1.8113371e-07,1.8104294e-07,3.3021493e-07,3407890,-0.026698992,-0.0065520043,-0.019463487,0.4,0.00016604236,0.00031479905,1.0678641e-05,396809,0.0,0.0,0.0,0.5,0.0025000002,0.0025000002,0.0025000002,1,1,1,1,1,0
395696106,395595661,3407890,0.0010659378,0.0011296896,-0.0006803331,0.15,1.8109782e-07,1.8099311e-07,3.3032396e-07,3407890,-0.026776189,-0.006617443,-0.01973427,0.4,0.00016612664,0.00031488252,1.0677546e-05,396809,0.0,0.0,0.0,0.5,0.0025000002,0.0025000002,0.0025000002,1,1,1,1,1,0
396706077,396605661,3407890,0.0010086453,0.0011402214,-0.00067524845,0.15,1.8104349e-07,1.8096686e-07,3.303571e-07,3407890,-0.026783107,-0.0066198525,-0.019822227,0.4,0.00016621238,0.00031497196,1.0675315e-05,396809,0.0,0.0,0.0,0.5,0.0025000002,0.0025000002,0.0025000002,1,1,1,1,1,0
397716100,397615661,3407890,0.0010501996,0.0011170959,-0.00066634006,0.15,1.8094711e-07,1.8089845e-07,3.302396e-07,3407890,-0.026807183,-0.0066018617,-0.019895915,0.4,0.00016629798,0.0003150616,1.0673187e-05,396809,0.0,0.0,0.0,0.5,0.0025000002,0.0025000002,0.0025000002,1,1,1,1,1,0
398725961,398625661,3407890,0.0009925615,0.0011892648,-0.0006723473,0.15,1.8097231e-07,1.8092598e-07,3.296221e-07,3407890,-0.02678954,-0.0065898756,-0.019780153,0.4,0.00016638338,0.00031515246,1.0672235e-05,396809,0.0,0.0,0.0,0.5,0.0025000002,0.0025000002,0.0025000002,1,1,1,1,1,0
399735930,399635661,3407890,0.0010528659,0.001229152,-0.0006709586,0.15,1.8102413e-07,1.809715e-07,3.2915042e-07,3407890,-0.026791904,-0.006599557,-0.019759635,0.4,0.00016646953,0.00031524358,1.0671504e-05,396809,0.0,0.0,0.0,0.5,0.0025000002,0.0025000002,0.0025000002,1,1,1,1,1,0
400746078,400645661,3407890,0.0010272673,0.0011587866,-0.0006685336,0.15,1.8092318e-07,1.8085122e-07,3.288566e-07,3407890,-0.026821561,-0.006570208,-0.019958988,0.4,0.00016655642,0.00031533404,1.0668837e-05,396809,0.0,0.0,0.0,0.5,0.0025000002,0.0025000002,0.0025000002,1,1,1,1,1,0
401755960,401655661,3407890,0.0010610711,0.0011492028,-0.0006672665,0.15,1.8116273e-07,1.81076e-07,3.295038e-07,3407890,-0.026868254,-0.0065693767,-0.020114852,0.4,0.00016664219,0.00031542298,1.0670595e-05,396809,0.0,0.0,0.0,0.5,0.0025000002,0.0025000002,0.0025000002,1,1,1,1,1,0
402766075,402665661,3407890,0.0010662852,0.0011292229,-0.0006652187,0.15,1.8088737e-07,1.8082095e-07,3.2904663e-07,3407890,-0.026867349,-0.006579291,-0.020112539,0.4,0.00016672688,0.0003155121,1.0667183e-05,396809,0.0,0.0,0.0,0.5,0.0025000002,0.0025000002,0.0025000002,1,1,1,1,1,0
403776078,403675661,3407890,0.0010425401,0.0011619533,-0.0006607965,0.15,1.8090626e-07,1.8086175e-07,3.2898677e-07,3407890,-0.026832134,-0.00656485,-0.019981414,0.4,0.00016681232,0.0003156028,1.0666393e-05,396809,0.0,0.0,0.0,0.5,0.0025000002,0.0025000002,0.0025000002,1,1,1,1,1,0
404785963,404685661,3407890,0.0010541294,0.0011957657,-0.0006553956,0.15,1.8119572e-07,1.8115206e-07,3.2897862e-07,3407890,-0.02683281,-0.0065690023,-0.019880874,0.4,0.00016689615,0.0003156865,1.0666738e-05,396809,0.0,0.0,0.0,0.5,0.0025000002,0.0025000002,0.0025000002,1,1,1,1,1,0
405795933,405695661,3407890,0.0012178065,0.0012226144,-0.00066696695,0.15,1.8112817e-07,1.81063e-07,3.292396e-07,3407890,-0.02689672,-0.0065060044,-0.020060059,0.4,0.00016698235,0.00031577353,1.0665093e-05,396809,0.0,0.0,0.0,0.5,0.0025000002,0.0025000002,0.0025000002,1,1,1,1,1,0
406806078,406705661,3407890,0.0012209849,0.0012358424,-0.00066613354,0.15,1.8091168e-07,1.808233e-07,3.2847095e-07,3407890,-0.026919676,-0.0064992756,-0.020167341,0.4,0.00016706774,0.00031586085,1.0663198e-05,396809,0.0,0.0,0.0,0.5,0.0025000002,0.0025000002,0.0025000002,1,1,1,1,1,0
407816141,407715661,3407890,0.0011707873,0.0011524468,-0.000660911,0.15,1.8114036e-07,1.8105392e-07,3.2872032e-07,3407890,-0.026936358,-0.0064787176,-0.020294247,0.4,0.00016715346,0.00031595083,1.0664073e-05,396809,0.0,0.0,0.0,0.5,0.0025000002,0.0025000002,0.0025000002,1,1,1,1,1,0
408825928,408725661,3407890,0.0010963705,0.0011852683,-0.0006615626,0.15,1.8105713e-07,1.8100287e-07,3.2890836e-07,3407890,-0.027006242,-0.0064800177,-0.02061777,0.4,0.0001672381,0.00031604056,1.0663197e-05,396809,0.0,0.0,0.0,0.5,0.0025000002,0.0025000002,0.0025000002,1,1,1,1,1,0
409835928,409735661,3407890,0.0010584326,0.0011787835,-0.00065440865,0.15,1.8117362e-07,1.8113369e-07,3.2958428e-07,3407890,-0.027016295,-0.006472875,-0.020579966,0.4,0.00016732118,0.00031612834,1.0663242e-05,396809,0.0,0.0,0.0,0.5,0.0025000002,0.0025000002,0.0025000002,1,1,1,1,1,0
410845963,410745661,3407890,0.0010684117,0.0012172417,-0.0006549611,0.15,1.8121155e-07,1.8115819e-07,3.2946903e-07,3407890,-0.027045589,-0.0064536454,-0.020669453,0.4,0.0001674027,0.00031621038,1.0661403e-05,396809,0.0,0.0,0.0,0.5,0.0025000002,0.0025000002,0.0025000002,1,1,1,1,1,0
411856079,411755661,3407890,0.001066419,0.0011616659,-0.0006568886,0.15,1.8113688e-07,1.8104917e-07,3.294927e-07,3407890,-0.0271208,-0.0065157823,-0.020914197,0.4,0.00016748704,0.00031629807,1.0660713e-05,396809,0.0,0.0,0.0,0.5,0.0025000002,0.0025000002,0.0025000002,1,1,1,1,1,0
412866075,412765661,3407890,0.0010623465,0.0011639526,-0.0006531227,0.15,1.8105042e-07,1.809623e-07,3.2959517e-07,3407890,-0.027090754,-0.0065111117,-0.020807203,0.4,0.00016757245,0.00031638562,1.0659784e-05,396809,0.0,0.0,0.0,0.5,0.0025000002,0.0025000002,0.0025000002,1,1,1,1,1,0
413876110,413775661,3407890,0.0011136687,0.0012001875,-0.0006464316,0.15,1.811065e-07,1.8104322e-07,3.3000953e-07,3407890,-0.02709673,-0.0065477616,-0.020626614,0.4,0.0001676576,0.00031647255,1.0658814e-05,396809,0.0,0.0,0.0,0.5,0.0025000002,0.0025000002,0.0025000002,1,1,1,1,1,0
414885946,414785661,3407890,0.0010342917,0.0012225135,-0.00064556947,0.15,1.8122398e-07,1.8116762e-07,3.2984903e-07,3407890,-0.027072938,-0.0065929657,-0.020545658,0.4,0.00016774303,0.00031656015,1.0658281e-05,396809,0.0,0.0,0.0,0.5,0.0025000002,0.0025000002,0.0025000002,1,1,1,1,1,0
415896075,415795661,3407890,0.0010767712,0.001194404,-0.00064211234,0.15,1.8117635e-07,1.8107927e-07,3.2944166e-07,3407890,-0.027066262,-0.0065665105,-0.02056893,0.4,0.00016782929,0.0003166497,1.0656802e-05,396809,0.0,0.0,0.0,0.5,0.0025000002,0.0025000002,0.0025000002,1,1,1,1,1,0
416906081,416805661,3407890,0.0010245804,0.0010418296,-0.000639748,0.15,1.8109587e-07,1.8100967e-07,3.2952147e-07,3407890,-0.02716054,-0.0066217496,-0.020778188,0.4,0.00016791587,0.00031673542,1.065652e-05,396809,0.0,0.0,0.0,0.5,0.0025000002,0.0025000002,0.0025000002,1,1,1,1,1,0
417916148,417815661,3407890,0.0009892588,0.0010708175,-0.00063061505,0.15,1.8084985e-07,1.8079743e-07,3.2873112e-07,3407890,-0.02718968,-0.0065980367,-0.020897329,0.4,0.00016800166,0.00031681982,1.0653823e-05,396809,0.0,0.0,0.0,0.5,0.0025000002,0.0025000002,0.0025000002,1,1,1,1,1,0
418926080,418825661,3407890,0.0010595445,0.0011059883,-0.00062967616,0.15,1.81064e-07,1.8101947e-07,3.2843883e-07,3407890,-0.027172398,-0.006565483,-0.020955332,0.4,0.00016808778,0.00031690544,1.0654858e-05,396809,0.0,0.0,0.0,0.5,0.0025000002,0.0025000002,0.0025000002,1,1,1,1,1,0
419936074,419835661,3407890,0.0010847369,0.0011348458,-0.0006349119,0.15,1.8106402e-07,1.8100802e-07,3.2865805e-07,3407890,-0.027184676,-0.006564703,-0.021047663,0.4,0.00016817499,0.0003169938,1.0654027e-05,396809,0.0,0.0,0.0,0.5,0.0025000002,0.0025000002,0.0025000002,1,1,1,1,1,0
420946079,420845661,3407890,0.0010402816,0.0011104047,-0.0006234051,0.15,1.8104255e-07,1.8096351e-07,3.284593e-07,3407890,-0.0272023,-0.0065377504,-0.021174716,0.4,0.00016826337,0.00031708425,1.0652895e-05,396809,0.0,0.0,0.0,0.5,0.0025000002,0.0025000002,0.0025000002,1,1,1,1,1,0
421956081,421855661,3407890,0.0010037565,0.0010728079,-0.0006119136,0.15,1.8099651e-07,1.8088767e-07,3.2875624e-07,3407890,-0.027184919,-0.0065141143,-0.021131339,0.4,0.00016835156,0.00031717384,1.0651229e-05,396809,0.0,0.0,0.0,0.5,0.0025000002,0.0025000002,0.0025000002,1,1,1,1,1,0
422966079,422865661,3407890,0.0010713516,0.0010578664,-0.00061065814,0.15,1.8094804e-07,1.8087478e-07,3.2836073e-07,3407890,-0.027196225,-0.006496154,-0.021177351,0.4,0.0001684402,0.00031726406,1.0649763e-05,396809,0.0,0.0,0.0,0.5,0.0025000002,0.0025000002,0.0025000002,1,1,1,1,1,0
423975930,423875661,3407890,0.0009871629,0.0011257115,-0.0006003971,0.15,1.8098054e-07,1.8092456e-07,3.29066e-07,3407890,-0.027169991,-0.0065051117,-0.021147937,0.4,0.00016852761,0.00031735262,1.065039e-05,396809,0.0,0.0,0.0,0.5,0.0025000002,0.0025000002,0.0025000002,1,1,1,1,1,0
424986076,424885661,3407890,0.00092059356,0.0010814263,-0.00059598935,0.15,1.8095318e-07,1.8090341e-07,3.2865765e-07,3407890,-0.027199483,-0.0065122293,-0.02126961,0.4,0.00016861444,0.00031743982,1.0649942e-05,396809,0.0,0.0,0.0,0.5,0.0025000002,0.0025000002,0.0025000002,1,1,1,1,1,0
425996078,425895703,3407890,0.00096479384,0.0010949167,-0.0006011248,0.15,1.8111785e-07,1.8105032e-07,3.2867155e-07,3407890,-0.027183209,-0.006480957,-0.02120024,0.4,0.00016870094,0.00031752515,1.0649781e-05,396809,0.0,0.0,0.0,0.5,0.0025000002,0.0025000002,0.0025000002,1,1,1,1,1,0
427005930,426905661,3407890,0.0009159111,0.0011701662,-0.0006031293,0.15,1.8131247e-07,1.8125283e-07,3.290019e-07,3407890,-0.027196186,-0.006491114,-0.021076139,0.4,0.00016878784,0.00031761196,1.0650712e-05,396809,0.0,0.0,0.0,0.5,0.0025000002,0.0025000002,0.0025000002,1,1,1,1,1,0
428015967,427915661,3407890,0.0010254227,0.0011527907,-0.0006085561,0.15,1.8119732e-07,1.8113614e-07,3.2983561e-07,3407890,-0.027246673,-0.006525801,-0.021319782,0.4,0.00016887617,0.00031770015,1.0649854e-05,396809,0.0,0.0,0.0,0.5,0.0025000002,0.0025000002,0.0025000002,1,1,1,1,1,0
429025936,428925661,3407890,0.001075193,0.0011088087,-0.00061093876,0.15,1.8114153e-07,1.810721e-07,3.3016212e-07,3407890,-0.027281795,-0.006530377,-0.021404123,0.4,0.00016896306,0.00031778376,1.0649325e-05,396809,0.0,0.0,0.0,0.5,0.0025000002,0.0025000002,0.0025000002,1,1,1,1,1,0
430035927,429935661,3407890,0.0010026606,0.00112113,-0.0006020538,0.15,1.8125363e-07,1.8119381e-07,3.305032e-07,3407890,-0.027226826,-0.0065481644,-0.021290926,0.4,0.00016904838,0.00031786313,1.06490925e-05,396809,0.0,0.0,0.0,0.5,0.0025000002,0.0025000002,0.0025000002,1,1,1,1,1,0
431046077,430945661,3407890,0.0009743161,0.0010810881,-0.00059407216,0.15,1.8104389e-07,1.8099088e-07,3.3056475e-07,3407890,-0.027240837,-0.006533486,-0.021533716,0.4,0.0001691353,0.0003179472,1.0645983e-05,396809,0.0,0.0,0.0,0.5,0.0025000002,0.0025000002,0.0025000002,1,1,1,1,1,0
432056074,431955662,3407890,0.00094374735,0.0011028979,-0.00059089786,0.15,1.8119896e-07,1.8116673e-07,3.3059314e-07,3407890,-0.027268026,-0.006538539,-0.021721145,0.4,0.00016922403,0.0003180365,1.06476355e-05,396809,0.0,0.0,0.0,0.5,0.0025000002,0.0025000002,0.0025000002,1,1,1,1,1,0
433066083,432965661,3407890,0.0010211135,0.0011044276,-0.0005950803,0.15,1.8108139e-07,1.8104821e-07,3.305047e-07,3407890,-0.027283385,-0.0065547493,-0.021985758,0.4,0.00016931305,0.0003181249,1.0645596e-05,396809,0.0,0.0,0.0,0.5,0.0025000002,0.0025000002,0.0025000002,1,1,1,1,1,0
434076124,433975661,3407890,0.0010211288,0.001084758,-0.0005936226,0.15,1.8100677e-07,1.809398e-07,3.3041127e-07,3407890,-0.027310845,-0.006567053,-0.02209126,0.4,0.00016940226,0.00031821473,1.064486e-05,396809,0.0,0.0,0.0,0.5,0.0025000002,0.0025000002,0.0025000002,1,1,1,1,1,0
435085933,434985661,3407890,0.0010820251,0.0010618062,-0.00058927,0.15,1.8107507e-07,1.8100532e-07,3.3063134e-07,3407890,-0.027351944,-0.0065950956,-0.022235375,0.4,0.00016949036,0.00031830178,1.0645459e-05,396809,0.0,0.0,0.0,0.5,0.0025000002,0.0025000002,0.0025000002,1,1,1,1,1,0
436096078,435995661,3407890,0.0010268419,0.0010641954,-0.00059474,0.15,1.8111815e-07,1.8107801e-07,3.305834e-07,3407890,-0.027324261,-0.006603382,-0.02204605,0.4,0.00016957826,0.00031838933,1.06445e-05,396809,0.0,0.0,0.0,0.5,0.0025000002,0.0025000002,0.0025000002,1,1,1,1,1,0
437106082,437005661,3407890,0.0009884019,0.0011750881,-0.0006046328,0.15,1.8111096e-07,1.8108798e-07,3.3091038e-07,3407890,-0.027316,-0.006612162,-0.021789705,0.4,0.00016966523,0.00031847585,1.06434e-05,396809,0.0,0.0,0.0,0.5,0.0025000002,0.0025000002,0.0025000002,1,1,1,1,1,0
438115933,438015663,3407890,0.0010471294,0.0011693996,-0.00060684804,0.15,1.8132069e-07,1.8126157e-07,3.3115597e-07,3407890,-0.027324434,-0.006598468,-0.021957695,0.4,0.00016975189,0.00031856142,1.064466e-05,396809,0.0,0.0,0.0,0.5,0.0025000002,0.0025000002,0.0025000002,1,1,1,1,1,0
439125935,439025661,3407890,0.0011122033,0.0011462115,-0.00060855696,0.15,1.8121595e-07,1.811165e-07,3.308499e-07,3407890,-0.027385088,-0.00660383,-0.02239407,0.4,0.00016983923,0.00031864748,1.064338e-05,396809,0.0,0.0,0.0,0.5,0.0025000002,0.0025000002,0.0025000002,1,1,1,1,1,0
440135945,440035661,3407890,0.0010782555,0.0010758762,-0.0006065397,0.15,1.8108176e-07,1.8101858e-07,3.3065055e-07,3407890,-0.027457613,-0.0066246535,-0.022623898,0.4,0.00016992544,0.00031872973,1.06428915e-05,396809,0.0,0.0,0.0,0.5,0.0025000002,0.0025000002,0.0025000002,1,1,1,1,1,0
441146080,441045661,3407890,0.0009643465,0.0010589942,-0.00061293703,0.15,1.8091264e-07,1.8088366e-07,3.3013458e-07,3407890,-0.027437234,-0.006602648,-0.022362994,0.4,0.00017001327,0.0003188191,1.0641235e-05,396809,0.0,0.0,0.0,0.5,0.0025000002,0.0025000002,0.0025000002,1,1,1,1,1,0
442156082,442055661,3407890,0.0010132965,0.0011274045,-0.000612751,0.15,1.8096168e-07,1.8092814e-07,3.297132e-07,3407890,-0.02744372,-0.006580833,-0.02236266,0.4,0.00017010114,0.00031890994,1.0640691e-05,396809,0.0,0.0,0.0,0.5,0.0025000002,0.0025000002,0.0025000002,1,1,1,1,1,0
443165930,443065661,3407890,0.0010291698,0.0012223233,-0.0006122068,0.15,1.8131837e-07,1.8125846e-07,3.3049744e-07,3407890,-0.0274456,-0.0065937103,-0.022286164,0.4,0.00017018874,0.00031899996,1.0643114e-05,396809,0.0,0.0,0.0,0.5,0.0025000002,0.0025000002,0.0025000002,1,1,1,1,1,0
444176075,444075661,3407890,0.0011571385,0.0011709593,-0.0006199382,0.15,1.8122321e-07,1.8113316e-07,3.303121e-07,3407890,-0.027486714,-0.006535369,-0.022456434,0.4,0.00017027682,0.0003190895,1.0641287e-05,396809,0.0,0.0,0.0,0.5,0.0025000002,0.0025000002,0.0025000002,1,1,1,1,1,0
445186075,445085661,3407890,0.0011386985,0.0011239175,-0.00061844883,0.15,1.8119995e-07,1.8111857e-07,3.305862e-07,3407890,-0.027502289,-0.0064943326,-0.022632578,0.4,0.0001703648,0.00031917795,1.06415455e-05,396809,0.0,0.0,0.0,0.5,0.0025000002,0.0025000002,0.0025000002,1,1,1,1,1,0
446196093,446095661,3407890,0.0011095334,0.0011168746,-0.00061010686,0.15,1.8087653e-07,1.8082854e-07,3.3060095e-07,3407890,-0.02748215,-0.006484063,-0.022555087,0.4,0.00017045114,0.00031926163,1.0638819e-05,396809,0.0,0.0,0.0,0.5,0.0025000002,0.0025000002,0.0025000002,1,1,1,1,1,0
447206079,447105661,3407890,0.0010877195,0.0011207393,-0.0006018208,0.15,1.8098967e-07,1.80944e-07,3.3062324e-07,3407890,-0.02744919,-0.00648298,-0.022380218,0.4,0.00017053843,0.00031934903,1.0639329e-05,396809,0.0,0.0,0.0,0.5,0.0025000002,0.0025000002,0.0025000002,1,1,1,1,1,0
448215931,448115661,3407890,0.0010812837,0.0010766943,-0.00059207546,0.15,1.8121669e-07,1.8116637e-07,3.3099505e-07,3407890,-0.02744386,-0.0064934473,-0.02238905,0.4,0.00017062541,0.0003194379,1.0640309e-05,396809,0.0,0.0,0.0,0.5,0.0025000002,0.0025000002,0.0025000002,1,1,1,1,1,0
449225933,449125661,3407890,0.0010692691,0.001197226,-0.0005897289,0.15,1.8122485e-07,1.8116998e-07,3.3115964e-07,3407890,-0.027465,-0.0064527285,-0.022475764,0.4,0.0001707124,0.0003195272,1.0640113e-05,396809,0.0,0.0,0.0,0.5,0.0025000002,0.0025000002,0.0025000002,1,1,1,1,1,0
450235936,450135661,3407890,0.0010353597,0.0012084697,-0.000587252,0.15,1.8094318e-07,1.8087479e-07,3.3074997e-07,3407890,-0.02748972,-0.0064352397,-0.02258954,0.4,0.00017079941,0.0003196159,1.0638179e-05,396809,0.0,0.0,0.0,0.5,0.0025000002,0.0025000002,0.0025000002,1,1,1,1,1,0
451245931,451145661,3407890,0.00095923827,0.0011337083,-0.0005804523,0.15,1.8116991e-07,1.8106812e-07,3.3053746e-07,3407890,-0.027494555,-0.0063908673,-0.02259663,0.4,0.0001708874,0.0003197053,1.0640064e-05,396809,0.0,0.0,0.0,0.5,0.0025000002,0.0025000002,0.0025000002,1,1,1,1,1,0
452255935,452155661,3407890,0.000975107,0.0010890763,-0.0005703014,0.15,1.8094471e-07,1.8086246e-07,3.2986955e-07,3407890,-0.027523482,-0.006367132,-0.022770567,0.4,0.00017097626,0.00031979475,1.0637245e-05,396809,0.0,0.0,0.0,0.5,0.0025000002,0.0025000002,0.0025000002,1,1,1,1,1,0
453265933,453165661,3407890,0.0009365543,0.0010683961,-0.00057072676,0.15,1.8109235e-07,1.8104772e-07,3.2963436e-07,3407890,-0.02752535,-0.006385256,-0.022836661,0.4,0.00017106498,0.00031988192,1.0638087e-05,396809,0.0,0.0,0.0,0.5,0.0025000002,0.0025000002,0.0025000002,1,1,1,1,1,0
454276084,454175661,3407890,0.0009679851,0.0011088004,-0.00056037254,0.15,1.8100314e-07,1.8096708e-07,3.296627e-07,3407890,-0.027551323,-0.0064009693,-0.02298763,0.4,0.00017115523,0.0003199723,1.06374155e-05,396809,0.0,0.0,0.0,0.5,0.0025000002,0.0025000002,0.0025000002,1,1,1,1,1,0
455285935,455185661,3407890,0.0010524306,0.0012025919,-0.00056445523,0.15,1.8117653e-07,1.8111423e-07,3.297799e-07,3407890,-0.027576003,-0.006425599,-0.023169138,0.4,0.00017124519,0.0003200632,1.0638589e-05,396809,0.0,0.0,0.0,0.5,0.0025000002,0.0025000002,0.0025000002,1,1,1,1,1,0
456295936,456195661,3407890,0.0010447715,0.0011204683,-0.00056285335,0.15,1.8114301e-07,1.8102766e-07,3.2962362e-07,3407890,-0.027592653,-0.006439521,-0.023257064,0.4,0.0001713348,0.0003201541,1.0637337e-05,396809,0.0,0.0,0.0,0.5,0.0025000002,0.0025000002,0.0025000002,1,1,1,1,1,0
457306084,457205661,3407890,0.0009466791,0.0011118274,-0.0005643113,0.15,1.8083033e-07,1.8074122e-07,3.2940508e-07,3407890,-0.027652023,-0.006442932,-0.023496106,0.4,0.00017142427,0.00032024068,1.0634697e-05,396809,0.0,0.0,0.0,0.5,0.0025000002,0.0025000002,0.0025000002,1,1,1,1,1,0
458316120,458215661,3407890,0.0010137632,0.0011433796,-0.0005647569,0.15,1.8084621e-07,1.8081258e-07,3.288134e-07,3407890,-0.027618917,-0.0063916575,-0.023618521,0.4,0.0001715114,0.00032032043,1.0635221e-05,396809,0.0,0.0,0.0,0.5,0.0025000002,0.0025000002,0.0025000002,1,1,1,1,1,0
459326078,459225661,3407890,0.0010513691,0.0011847889,-0.00057625363,0.15,1.8096895e-07,1.8092933e-07,3.285509e-07,3407890,-0.027616186,-0.0064052045,-0.023599122,0.4,0.00017159969,0.0003204071,1.0636591e-05,396809,0.0,0.0,0.0,0.5,0.0025000002,0.0025000002,0.0025000002,1,1,1,1,1,0
460335930,460235661,3407890,0.0010965859,0.0012396036,-0.0005798524,0.15,1.8112833e-07,1.8105497e-07,3.284302e-07,3407890,-0.027631948,-0.006410557,-0.023438022,0.4,0.00017168665,0.00032048943,1.0635607e-05,396809,0.0,0.0,0.0,0.5,0.0025000002,0.0025000002,0.0025000002,1,1,1,1,1,0
461345932,461245661,3407890,0.0011155608,0.0012033796,-0.0005835237,0.15,1.8126865e-07,1.8117275e-07,3.2823644e-07,3407890,-0.027657133,-0.006353708,-0.023628108,0.4,0.0001717725,0.0003205668,1.063625e-05,396809,0.0,0.0,0.0,0.5,0.0025000002,0.0025000002,0.0025000002,1,1,1,1,1,0
462356077,462255661,3407890,0.001018747,0.0011593931,-0.0005780847,0.15,1.8098962e-07,1.8091608e-07,3.2829936e-07,3407890,-0.02764531,-0.006285846,-0.023890104,0.4,0.00017185988,0.00032064936,1.06347325e-05,396809,0.0,0.0,0.0,0.5,0.0025000002,0.0025000002,0.0025000002,1,1,1,1,1,0
463366076,463265661,3407890,0.0010030338,0.0011384601,-0.0005726264,0.15,1.8095453e-07,1.8091102e-07,3.2833924e-07,3407890,-0.027642066,-0.006265854,-0.023818176,0.4,0.000171948,0.00032073818,1.0634994e-05,396809,0.0,0.0,0.0,0.5,0.0025000002,0.0025000002,0.0025000002,1,1,1,1,1,0
464375931,464275661,3407890,0.0010357993,0.0012025243,-0.00056910206,0.15,1.8093078e-07,1.8090273e-07,3.2823715e-07,3407890,-0.027617907,-0.0062705115,-0.023724344,0.4,0.00017203663,0.0003208289,1.0634704e-05,396809,0.0,0.0,0.0,0.5,0.0025000002,0.0025000002,0.0025000002,1,1,1,1,1,0
465386078,465285661,3407890,0.0011056641,0.0012647893,-0.0005698821,0.15,1.8101666e-07,1.8097104e-07,3.2794406e-07,3407890,-0.02761531,-0.006210969,-0.023779474,0.4,0.00017212475,0.00032091618,1.0634084e-05,396809,0.0,0.0,0.0,0.5,0.0025000002,0.0025000002,0.0025000002,1,1,1,1,1,0
466395930,466295661,3407890,0.0010606813,0.0012436585,-0.0005571569,0.15,1.8120372e-07,1.8110865e-07,3.2829607e-07,3407890,-0.027653093,-0.0062635303,-0.023993704,0.4,0.00017221148,0.0003209993,1.0635922e-05,396809,0.0,0.0,0.0,0.5,0.0025000002,0.0025000002,0.0025000002,1,1,1,1,1,0
467406093,467305661,3407890,0.0010581102,0.0011787843,-0.00056484516,0.15,1.808459e-07,1.807613e-07,3.2772843e-07,3407890,-0.027696328,-0.006320657,-0.02424449,0.4,0.00017229893,0.0003210841,1.0632913e-05,396809,0.0,0.0,0.0,0.5,0.0025000002,0.0025000002,0.0025000002,1,1,1,1,1,0
468416078,468315661,3407890,0.0010765423,0.0011546102,-0.00055829016,0.15,1.8079486e-07,1.8074626e-07,3.278859e-07,3407890,-0.027714841,-0.006297823,-0.02430385,0.4,0.00017238809,0.00032117427,1.0632714e-05,396809,0.0,0.0,0.0,0.5,0.0025000002,0.0025000002,0.0025000002,1,1,1,1,1,0
469426077,469325661,3407890,0.001068566,0.0011991084,-0.0005580057,0.15,1.8100235e-07,1.809595e-07,3.2806363e-07,3407890,-0.027691454,-0.0063002245,-0.024149662,0.4,0.00017247617,0.0003212654,1.0634112e-05,396809,0.0,0.0,0.0,0.5,0.0025000002,0.0025000002,0.0025000002,1,1,1,1,1,0
470435937,470335661,3407890,0.0010337768,0.0013435021,-0.0005552219,0.15,1.8122877e-07,1.811726e-07,3.288864e-07,3407890,-0.027738152,-0.0063340105,-0.024252437,0.4,0.00017256336,0.0003213554,1.0635819e-05,396809,0.0,0.0,0.0,0.5,0.0025000002,0.0025000002,0.0025000002,1,1,1,1,1,0
471445939,471345661,3407890,0.0010570164,0.0013625701,-0.00055715267,0.15,1.8115946e-07,1.8107771e-07,3.2871495e-07,3407890,-0.027790703,-0.0063419943,-0.024525322,0.4,0.0001726518,0.00032144642,1.0634934e-05,396809,0.0,0.0,0.0,0.5,0.0025000002,0.0025000002,0.0025000002,1,1,1,1,1,0
472455931,472355661,3407890,0.0010443351,0.0012010571,-0.0005604588,0.15,1.810142e-07,1.8091276e-07,3.2874638e-07,3407890,-0.027854595,-0.0063518295,-0.024704657,0.4,0.00017274033,0.0003215355,1.06342e-05,396809,0.0,0.0,0.0,0.5,0.0025000002,0.0025000002,0.0025000002,1,1,1,1,1,0
473465959,473365661,3407890,0.0010514878,0.0011008296,-0.00056264136,0.15,1.8105526e-07,1.8099611e-07,3.2945522e-07,3407890,-0.027871655,-0.0063380483,-0.02483986,0.4,0.00017283052,0.00032162576,1.0634997e-05,396809,0.0,0.0,0.0,0.5,0.0025000002,0.0025000002,0.0025000002,1,1,1,1,1,0
474476077,474375661,3407890,0.001067198,0.0010809524,-0.0005550722,0.15,1.810087e-07,1.8097792e-07,3.293543e-07,3407890,-0.02787877,-0.0063270954,-0.02491652,0.4,0.00017292053,0.000321716,1.0633785e-05,396809,0.0,0.0,0.0,0.5,0.0025000002,0.0025000002,0.0025000002,1,1,1,1,1,0
475486075,475385661,3407890,0.0010507792,0.0011705104,-0.0005552077,0.15,1.8112497e-07,1.8109073e-07,3.2984065e-07,3407890,-0.027904369,-0.006322325,-0.02503991,0.4,0.0001730098,0.00032180714,1.0634982e-05,396809,0.0,0.0,0.0,0.5,0.0025000002,0.0025000002,0.0025000002,1,1,1,1,1,0
476496106,476395661,3407890,0.001001534,0.0012933846,-0.00054407195,0.15,1.8112105e-07,1.8104872e-07,3.2991093e-07,3407890,-0.027942996,-0.0062979157,-0.025225563,0.4,0.00017309861,0.00032189794,1.0634259e-05,396809,0.0,0.0,0.0,0.5,0.0025000002,0.0025000002,0.0025000002,1,1,1,1,1,0
477505932,477405661,3407890,0.000962506,0.0012555682,-0.0005376485,0.15,1.8118152e-07,1.810532e-07,3.299525e-07,3407890,-0.027950754,-0.00630639,-0.02515625,0.4,0.00017318716,0.00032198653,1.0634654e-05,396809,0.0,0.0,0.0,0.5,0.0025000002,0.0025000002,0.0025000002,1,1,1,1,1,0
478515930,478415662,3407890,0.0009332335,0.00117704,-0.000538531,0.15,1.8112856e-07,1.8102656e-07,3.2982297e-07,3407890,-0.02794301,-0.0063507385,-0.024987815,0.4,0.000173276,0.00032207253,1.063403e-05,396809,0.0,0.0,0.0,0.5,0.0025000002,0.0025000002,0.0025000002,1,1,1,1,1,0
479526109,479425661,3407890,0.00084228,0.0011362105,-0.0005355621,0.15,1.8108389e-07,1.8103032e-07,3.296458e-07,3407890,-0.027969973,-0.006395932,-0.024967976,0.4,0.00017336525,0.00032215862,1.0633634e-05,396809,0.0,0.0,0.0,0.5,0.0025000002,0.0025000002,0.0025000002,1,1,1,1,1,0
480536095,480435661,3407890,0.0010003448,0.0012428457,-0.0005320398,0.15,1.8131557e-07,1.8127848e-07,3.3025574e-07,3407890,-0.027871827,-0.006271508,-0.024689745,0.4,0.00017345337,0.00032224198,1.0635789e-05,396809,0.0,0.0,0.0,0.5,0.0025000002,0.0025000002,0.0025000002,1,1,1,1,1,0
481546078,481445661,3407890,0.00096535985,0.0012685218,-0.0005406463,0.15,1.8126384e-07,1.8120483e-07,3.3031088e-07,3407890,-0.027892236,-0.006261327,-0.024727564,0.4,0.00017354151,0.0003223279,1.06342495e-05,396809,0.0,0.0,0.0,0.5,0.0025000002,0.0025000002,0.0025000002,1,1,1,1,1,0
482555960,482455661,3407890,0.0009410565,0.0011975046,-0.0005407519,0.15,1.8136532e-07,1.8125871e-07,3.3047095e-07,3407890,-0.027936751,-0.00619709,-0.025069982,0.4,0.0001736304,0.0003224141,1.063577e-05,396809,0.0,0.0,0.0,0.5,0.0025000002,0.0025000002,0.0025000002,1,1,1,1,1,0
483566079,483465661,3407890,0.00094141415,0.001179088,-0.0005495833,0.15,1.8102664e-07,1.8094774e-07,3.305605e-07,3407890,-0.027957886,-0.0061733834,-0.025283795,0.4,0.00017371534,0.00032248694,1.0633751e-05,396809,0.0,0.0,0.0,0.5,0.0025000002,0.0025000002,0.0025000002,1,1,1,1,1,0
484575931,484475661,3407890,0.0009845704,0.0010931394,-0.0005413274,0.15,1.8124929e-07,1.8120247e-07,3.3097342e-07,3407890,-0.027980195,-0.006117626,-0.025230166,0.4,0.00017380247,0.0003225688,1.0635157e-05,396809,0.0,0.0,0.0,0.5,0.0025000002,0.0025000002,0.0025000002,1,1,1,1,1,0
485586104,485485661,3407890,0.0009713922,0.0012444194,-0.00054181536,0.15,1.8122284e-07,1.8118422e-07,3.313425e-07,3407890,-0.027972028,-0.0062144124,-0.024819408,0.4,0.00017388926,0.00032265208,1.0633806e-05,396809,0.0,0.0,0.0,0.5,0.0025000002,0.0025000002,0.0025000002,1,1,1,1,1,0
486596090,486495661,3407890,0.0009730851,0.0012786526,-0.0005428492,0.15,1.8124665e-07,1.8118467e-07,3.3141237e-07,3407890,-0.027982155,-0.0062301136,-0.024806852,0.4,0.00017397769,0.00032274125,1.0633964e-05,396809,0.0,0.0,0.0,0.5,0.0025000002,0.0025000002,0.0025000002,1,1,1,1,1,0
487605934,487505661,3407890,0.0009634296,0.0012479756,-0.00054131536,0.15,1.8132093e-07,1.8121098e-07,3.3139287e-07,3407890,-0.027988732,-0.0062607317,-0.024735691,0.4,0.0001740656,0.00032282836,1.0635011e-05,396809,0.0,0.0,0.0,0.5,0.0025000002,0.0025000002,0.0025000002,1,1,1,1,1,0
488616109,488515661,3407890,0.0010581267,0.0011220184,-0.0005436834,0.15,1.8097371e-07,1.808773e-07,3.3115518e-07,3407890,-0.028028294,-0.006349362,-0.024849897,0.4,0.00017415456,0.00032291265,1.0632592e-05,396809,0.0,0.0,0.0,0.5,0.0025000002,0.0025000002,0.0025000002,1,1,1,1,1,0
489626075,489525661,3407890,0.0010201627,0.0011337076,-0.00055025594,0.15,1.8110913e-07,1.8106266e-07,3.3139824e-07,3407890,-0.028021285,-0.006365471,-0.024672387,0.4,0.00017424357,0.00032300001,1.0633801e-05,396809,0.0,0.0,0.0,0.5,0.0025000002,0.0025000002,0.0025000002,1,1,1,1,1,0
490636073,490535661,3407890,0.0010769105,0.0011609658,-0.000551933,0.15,1.810461e-07,1.8100867e-07,3.3095813e-07,3407890,-0.028007913,-0.0063356636,-0.024605779,0.4,0.00017433132,0.00032308724,1.0632175e-05,396809,0.0,0.0,0.0,0.5,0.0025000002,0.0025000002,0.0025000002,1,1,1,1,1,0
491646115,491545661,3407890,0.0010387808,0.0012036149,-0.0005466835,0.15,1.8100022e-07,1.8093853e-07,3.3034112e-07,3407890,-0.028023815,-0.0063432283,-0.024688354,0.4,0.00017441988,0.0003231777,1.0631948e-05,396809,0.0,0.0,0.0,0.5,0.0025000002,0.0025000002,0.0025000002,1,1,1,1,1,0
492656135,492555661,3407890,0.0009729441,0.0012160308,-0.0005452895,0.15,1.811458e-07,1.8105551e-07,3.3018296e-07,3407890,-0.028009193,-0.00633287,-0.024693413,0.4,0.0001745085,0.0003232664,1.0633614e-05,396809,0.0,0.0,0.0,0.5,0.0025000002,0.0025000002,0.0025000002,1,1,1,1,1,0
493666077,493565661,3407890,0.0010148352,0.0011882117,-0.0005508126,0.15,1.8097303e-07,1.8087388e-07,3.299145e-07,3407890,-0.028039332,-0.006344339,-0.024737412,0.4,0.00017459555,0.0003233476,1.0632942e-05,396809,0.0,0.0,0.0,0.5,0.0025000002,0.0025000002,0.0025000002,1,1,1,1,1,0
494675961,494575661,3407890,0.00092374015,0.0012170518,-0.0005555375,0.15,1.8115986e-07,1.8106967e-07,3.2987577e-07,3407890,-0.0279438,-0.006281331,-0.0243537,0.4,0.00017468375,0.00032343192,1.0634369e-05,396809,0.0,0.0,0.0,0.5,0.0025000002,0.0025000002,0.0025000002,1,1,1,1,1,0
495686075,495585661,3407890,0.0008996616,0.0012061751,-0.0005521986,0.15,1.810385e-07,1.8097234e-07,3.296683e-07,3407890,-0.027954686,-0.0062717823,-0.024416542,0.4,0.00017477201,0.00032351812,1.06324305e-05,396809,0.0,0.0,0.0,0.5,0.0025000002,0.0025000002,0.0025000002,1,1,1,1,1,0
496695927,496595661,3407890,0.0009687317,0.0011580364,-0.0005565589,0.15,1.8111297e-07,1.8106658e-07,3.2932985e-07,3407890,-0.02794913,-0.0062728957,-0.024570828,0.4,0.00017486128,0.00032360828,1.0633471e-05,396809,0.0,0.0,0.0,0.5,0.0025000002,0.0025000002,0.0025000002,1,1,1,1,1,0
497706107,497605661,3407890,0.0010728163,0.0011727796,-0.0005596765,0.15,1.810711e-07,1.8101754e-07,3.2970183e-07,3407890,-0.027954262,-0.0062890886,-0.024590204,0.4,0.0001749509,0.0003236994,1.0633321e-05,396809,0.0,0.0,0.0,0.5,0.0025000002,0.0025000002,0.0025000002,1,1,1,1,1,0
498715932,498615661,3407890,0.0011226471,0.0012161374,-0.00056236115,0.15,1.8141468e-07,1.8133603e-07,3.308617e-07,3407890,-0.027931754,-0.006295339,-0.024484195,0.4,0.00017504046,0.00032378954,1.0636785e-05,396809,0.0,0.0,0.0,0.5,0.0025000002,0.0025000002,0.0025000002,1,1,1,1,1,0
499725930,499625662,3407890,0.0011326523,0.0011309441,-0.00056726905,0.15,1.8127986e-07,1.8119167e-07,3.3138633e-07,3407890,-0.027926683,-0.006311878,-0.02442961,0.4,0.00017512968,0.00032387805,1.0634955e-05,396809,0.0,0.0,0.0,0.5,0.0025000002,0.0025000002,0.0025000002,1,1,1,1,1,0
500735963,500635661,3407890,0.0010488706,0.0010875284,-0.0005742125,0.15,1.8125101e-07,1.8118732e-07,3.3149726e-07,3407890,-0.027959215,-0.006348122,-0.02461064,0.4,0.0001752192,0.00032396693,1.06351035e-05,396809,0.0,0.0,0.0,0.5,0.0025000002,0.0025000002,0.0025000002,1,1,1,1,1,0
501745947,501645661,3407890,0.0011405448,0.0010512505,-0.00057467114,0.15,1.8112465e-07,1.8107862e-07,3.3143388e-07,3407890,-0.027979739,-0.0063684033,-0.02464985,0.4,0.00017530807,0.00032405683,1.06348425e-05,396809,0.0,0.0,0.0,0.5,0.0025000002,0.0025000002,0.0025000002,1,1,1,1,1,0
502755929,502655661,3407890,0.0011265016,0.0012527353,-0.0005757333,0.15,1.8117348e-07,1.8112432e-07,3.313355e-07,3407890,-0.027961113,-0.0064880643,-0.024422467,0.4,0.00017539623,0.00032414537,1.0634528e-05,396809,0.0,0.0,0.0,0.5,0.0025000002,0.0025000002,0.0025000002,1,1,1,1,1,0
503766086,503665661,3407890,0.0012070235,0.0012352375,-0.00058157434,0.15,1.8120416e-07,1.8110795e-07,3.3090686e-07,3407890,-0.027972974,-0.0064239046,-0.024547877,0.4,0.00017548504,0.00032423297,1.0634416e-05,396809,0.0,0.0,0.0,0.5,0.0025000002,0.0025000002,0.0025000002,1,1,1,1,1,0
504776131,504675661,3407890,0.0012182313,0.0011670635,-0.00059102103,0.15,1.8095147e-07,1.8081805e-07,3.300785e-07,3407890,-0.02803701,-0.006421493,-0.02511641,0.4,0.00017557315,0.0003243154,1.06318375e-05,396809,0.0,0.0,0.0,0.5,0.0025000002,0.0025000002,0.0025000002,1,1,1,1,1,0
505785933,505685661,3407890,0.0011870392,0.0011656025,-0.0005904957,0.15,1.8108663e-07,1.8098481e-07,3.29835e-07,3407890,-0.028065834,-0.006392032,-0.025371922,0.4,0.00017566209,0.0003244017,1.0634972e-05,396809,0.0,0.0,0.0,0.5,0.0025000002,0.0025000002,0.0025000002,1,1,1,1,1,0
506796077,506695661,3407890,0.0009966022,0.0011362935,-0.0006026025,0.15,1.8087759e-07,1.8082783e-07,3.292341e-07,3407890,-0.028003376,-0.0061920458,-0.025188576,0.4,0.00017574948,0.00032448187,1.0634068e-05,396809,0.0,0.0,0.0,0.5,0.0025000002,0.0025000002,0.0025000002,1,1,1,1,1,0
507806099,507705661,3407890,0.0008759918,0.0011441205,-0.0006061315,0.15,1.8082258e-07,1.8078573e-07,3.2892333e-07,3407890,-0.02797558,-0.0061889994,-0.02500448,0.4,0.00017583804,0.00032456891,1.0632377e-05,396809,0.0,0.0,0.0,0.5,0.0025000002,0.0025000002,0.0025000002,1,1,1,1,1,0
508815947,508715661,3407890,0.0009032963,0.0012248096,-0.0006208039,0.15,1.8121412e-07,1.8117503e-07,3.287963e-07,3407890,-0.028007865,-0.006149927,-0.024839064,0.4,0.00017592154,0.00032464048,1.0634238e-05,396809,0.0,0.0,0.0,0.5,0.0025000002,0.0025000002,0.0025000002,1,1,1,1,1,0
509826081,509725661,3407890,0.0008642925,0.0012201483,-0.000609663,0.15,1.8123573e-07,1.8114469e-07,3.284063e-07,3407890,-0.028003732,-0.0062073944,-0.024779744,0.4,0.00017600774,0.00032472133,1.06336365e-05,396809,0.0,0.0,0.0,0.5,0.0025000002,0.0025000002,0.0025000002,1,1,1,1,1,0
510836085,510735661,3407890,0.0009512752,0.0012455503,-0.00061880145,0.15,1.8131976e-07,1.8119671e-07,3.2834672e-07,3407890,-0.027983809,-0.006151987,-0.02470304,0.4,0.00017609601,0.00032480722,1.0633536e-05,396809,0.0,0.0,0.0,0.5,0.0025000002,0.0025000002,0.0025000002,1,1,1,1,1,0
511846074,511745661,3407890,0.00095081993,0.0012182283,-0.00061464455,0.15,1.8134062e-07,1.8126312e-07,3.2793722e-07,3407890,-0.027955072,-0.0061691646,-0.024545416,0.4,0.0001761832,0.00032488792,1.0633012e-05,396809,0.0,0.0,0.0,0.5,0.0025000002,0.0025000002,0.0025000002,1,1,1,1,1,0
512855932,512755661,3407890,0.00095430313,0.0011966489,-0.00061479764,0.15,1.8411536e-07,1.8406877e-07,3.3228278e-07,3407890,-0.02795698,-0.00618375,-0.02466319,0.4,0.0001762719,0.00032497244,1.0679244e-05,396809,0.0,0.0,0.0,0.5,0.0025000002,0.0025000002,0.0025000002,1,1,1,1,1,0
513866072,513765661,3407890,0.000954193,0.001196852,-0.00061479467,0.15,1.9419348e-07,1.9414698e-07,3.4238153e-07,3407890,-0.027951682,-0.006177701,-0.024663318,0.4,0.00017634864,0.00032501476,1.0769964e-05,396809,0.0,0.0,0.0,0.5,0.0025000002,0.0025000002,0.0025000002,1,1,1,1,1,0
514876073,514775661,3407890,0.0009548517,0.0011972456,-0.00061481853,0.15,2.042374e-07,2.0419107e-07,3.5248036e-07,3407890,-0.027944844,-0.0062004374,-0.0246643,0.4,0.00017641399,0.00032501822,1.0859498e-05,396809,0.0,0.0,0.0,0.5,0.0025000002,0.0025000002,0.0025000002,1,1,1,1,1,0
515885933,515785661,3407890,0.0008133784,0.0013435897,-0.00061736687,0.15,2.0003004e-07,1.9997881e-07,3.587407e-07,3407890,-0.027806496,-0.0059223645,-0.02475827,0.4,0.00017648164,0.0003250283,1.09066605e-05,396809,0.0,0.0,0.0,0.5,0.0025000002,0.0025000002,0.0025000002,1,1,1,1,1,0
516896080,516795661,3407890,0.0008939859,0.0011363643,-0.0006167599,0.15,1.8973515e-07,1.8966766e-07,3.6370028e-07,3407890,-0.028018618,-0.005991991,-0.024974674,0.4,0.00017654838,0.00032503175,1.0847143e-05,396809,0.0,0.0,0.0,0.5,0.0025000002,0.0025000002,0.0025000002,1,1,1,1,1,0
517905937,517805661,3407890,0.0008944147,0.0011357423,-0.0006167942,0.15,1.9978332e-07,1.9971571e-07,3.7379908e-07,3407890,-0.028035017,-0.0060095727,-0.0249788,0.4,0.00017661118,0.00032502826,1.0937204e-05,396809,0.0,0.0,0.0,0.5,0.0025000002,0.0025000002,0.0025000002,1,1,1,1,1,0
518916071,518815661,3407890,0.00089475344,0.001135515,-0.00061681116,0.15,2.09812e-07,2.097442e-07,3.8389805e-07,3407890,-0.028040316,-0.006020053,-0.024983162,0.4,0.00017667956,0.00032504142,1.1024795e-05,396809,0.0,0.0,0.0,0.5,0.0025000002,0.0025000002,0.0025000002,1,1,1,1,1,0
519925933,519825661,3407890,0.0012809875,0.0011977901,-0.0006236405,0.15,1.8803146e-07,1.879585e-07,3.8106882e-07,3407890,-0.02810631,-0.0058092,-0.025137462,0.4,0.00017676027,0.00032508594,1.0897291e-05,396809,0.0,0.0,0.0,0.5,0.0025000002,0.0025000002,0.0025000002,1,1,1,1,1,0
520935951,520835661,3407890,0.0010824747,0.001260968,-0.0005625983,0.15,1.8675584e-07,1.8672843e-07,3.7778088e-07,3407890,-0.028084325,-0.005961261,-0.025207983,0.4,0.00017684605,0.00032515742,1.0782539e-05,396809,0.0,0.0,0.0,0.5,0.0025000002,0.0025000002,0.0025000002,1,1,1,1,1,0
521946079,521845661,3407890,0.0008127178,0.0011171412,-0.00053614733,0.15,1.8484288e-07,1.8478217e-07,3.7338927e-07,3407890,-0.027905336,-0.0057455464,-0.025432922,0.4,0.0001769301,0.00032522844,1.07745545e-05,396809,0.0,0.0,0.0,0.5,0.0025000002,0.0025000002,0.0025000002,1,1,1,1,1,0
522955932,522855661,3407890,0.0007574826,0.001163698,-0.00056381564,0.15,1.826244e-07,1.826018e-07,3.6507274e-07,3407890,-0.02786608,-0.0058004814,-0.025226872,0.4,0.00017701562,0.0003253026,1.0772395e-05,396809,0.0,0.0,0.0,0.5,0.0025000002,0.0025000002,0.0025000002,1,1,1,1,1,0
523965929,523865661,3407890,0.0008892639,0.0011960253,-0.00057271495,0.15,1.8230354e-07,1.8242456e-07,3.6182905e-07,3407890,-0.02783594,-0.005557076,-0.025012393,0.4,0.0001770937,0.00032535128,1.07722135e-05,396809,0.0,0.0,0.0,0.5,0.0025000002,0.0025000002,0.0025000002,1,1,1,1,1,0
524976080,524875661,3407890,0.00110007,0.0012329461,-0.00055878493,0.15,1.8160367e-07,1.816062e-07,3.5441337e-07,3407890,-0.027774828,-0.0052493764,-0.02545134,0.4,0.00017717986,0.0003254224,1.0764883e-05,396809,0.0,0.0,0.0,0.5,0.0025000002,0.0025000002,0.0025000002,1,1,1,1,1,0
525985931,525885661,3407890,0.0010883879,0.001261822,-0.000543612,0.15,1.8111626e-07,1.8112989e-07,3.4984632e-07,3407890,-0.027796395,-0.005113704,-0.02591687,0.4,0.00017725845,0.00032547323,1.0764798e-05,396809,0.0,0.0,0.0,0.5,0.0025000002,0.0025000002,0.0025000002,1,1,1,1,1,0
526996072,526895661,3407890,0.0010843511,0.0012603673,-0.0005433237,0.15,1.9114623e-07,1.911597e-07,3.599446e-07,3407890,-0.027796287,-0.0051051676,-0.025914263,0.4,0.0001773422,0.0003255399,1.0855389e-05,396809,0.0,0.0,0.0,0.5,0.0025000002,0.0025000002,0.0025000002,1,1,1,1,1,0
528006080,527905661,3407890,0.0010839504,0.0012596855,-0.0005432771,0.15,2.0119079e-07,2.0120417e-07,3.7004347e-07,3407890,-0.027810788,-0.0050920504,-0.025915202,0.4,0.00017740393,0.0003255348,1.0945909e-05,396809,0.0,0.0,0.0,0.5,0.0025000002,0.0025000002,0.0025000002,1,1,1,1,1,0
529015935,528915661,3407890,0.0007502537,0.001050959,-0.0005376625,0.15,1.8623794e-07,1.8620572e-07,3.669109e-07,3407890,-0.027731113,-0.004799264,-0.025124881,0.4,0.0001774835,0.00032559433,1.088488e-05,396809,0.0,0.0,0.0,0.5,0.0025000002,0.0025000002,0.0025000002,1,1,1,1,1,0
530025934,529925661,3407890,0.000747397,0.0010493334,-0.0005375284,0.15,1.9583109e-07,1.9579869e-07,3.7666516e-07,3407890,-0.027726835,-0.0047878707,-0.025079181,0.4,0.00017757248,0.00032567888,1.09690545e-05,396809,0.0,0.0,0.0,0.5,0.0025000002,0.0025000002,0.0025000002,1,1,1,1,1,0
531036077,530935661,3407890,0.0007476722,0.0010496228,-0.0005375495,0.15,2.0588013e-07,2.0584763e-07,3.8676401e-07,3407890,-0.027722303,-0.004797552,-0.025079273,0.4,0.00017764374,0.00032570472,1.105713e-05,396809,0.0,0.0,0.0,0.5,0.0025000002,0.0025000002,0.0025000002,1,1,1,1,1,0
532046077,531945661,3407890,0.0007480202,0.0010498769,-0.0005375784,0.15,2.1585936e-07,2.1582737e-07,3.9686284e-07,3407890,-0.027728714,-0.004832236,-0.02513025,0.4,0.00017770076,0.00032568164,1.113837e-05,396809,0.0,0.0,0.0,0.5,0.0025000002,0.0025000002,0.0025000002,1,1,1,1,1,0
533056158,532955661,3407890,0.0007529279,0.0010475295,-0.00053783145,0.15,2.2487784e-07,2.2484987e-07,4.0549642e-07,3407890,-0.027738864,-0.004956877,-0.025225682,0.4,0.00017775103,0.00032491065,1.1023733e-05,396809,0.0,0.0,0.0,0.5,0.0025000002,0.0025000002,0.0025000002,1,1,1,1,1,0
